steamid,cluster_kmeans,cluster_gmm
76561198037802252,1.0,1.0
76561197969100147,1.0,1.0
76561198098132374,1.0,1.0
76561198025391492,0.0,0.0
76561197997697109,1.0,1.0
76561198118371170,0.0,0.0
76561198012557600,1.0,1.0
76561198132235994,1.0,1.0
76561198118421272,1.0,1.0
76561198113457184,0.0,0.0
76561198028125071,1.0,1.0
76561198042619868,1.0,1.0
76561198300270231,0.0,0.0
76561198851670847,1.0,1.0
76561198063348352,1.0,1.0
76561198005648447,1.0,1.0
76561197988167503,1.0,1.0
76561198015749826,0.0,0.0
76561198172925593,1.0,1.0
76561197999339700,0.0,0.0
76561197979667190,0.0,0.0
76561198433683621,0.0,0.0
76561198087089368,1.0,1.0
76561197995828394,1.0,1.0
76561198011979289,1.0,1.0
76561198167940370,1.0,1.0
76561197985841875,1.0,1.0
76561198033808029,1.0,1.0
76561198335061024,1.0,1.0
76561198040178115,1.0,1.0
76561198051177321,1.0,1.0
76561198046878168,1.0,1.0
76561198000388603,0.0,0.0
76561198025111129,0.0,0.0
76561197995281961,1.0,0.0
76561198006766715,0.0,0.0
76561198033624455,1.0,1.0
76561197976469696,1.0,1.0
76561197994575642,1.0,1.0
76561198067208458,0.0,0.0
76561198197031430,1.0,1.0
76561198025618418,1.0,1.0
76561198047414009,1.0,1.0
76561197990481530,0.0,0.0
76561198217979953,1.0,1.0
76561198041885150,1.0,1.0
76561197962838085,1.0,1.0
76561198081008157,1.0,0.0
76561197967540452,1.0,1.0
76561198083142373,1.0,1.0
76561198024926277,1.0,1.0
76561198159216159,0.0,0.0
76561197997946137,1.0,1.0
76561198079772364,1.0,1.0
76561197993579927,1.0,1.0
76561198339323993,0.0,0.0
76561198023327915,0.0,0.0
76561198001873585,1.0,1.0
76561198971959226,1.0,1.0
76561198058291396,1.0,1.0
76561198187410553,0.0,0.0
76561198000413287,1.0,0.0
76561198032591844,1.0,1.0
76561198843434426,1.0,1.0
76561197976602082,1.0,1.0
76561197971204006,1.0,0.0
76561198004006226,0.0,0.0
76561198060410834,1.0,0.0
76561198041298094,1.0,1.0
76561198207088253,1.0,1.0
76561198043828654,1.0,1.0
76561197997112174,1.0,0.0
76561198368799839,0.0,0.0
76561198007609033,1.0,1.0
76561198062505918,1.0,1.0
76561197990233857,0.0,0.0
76561198074783710,1.0,1.0
76561198133918114,1.0,1.0
76561197982946417,1.0,0.0
76561197999659168,0.0,0.0
76561198035780173,0.0,0.0
76561198025146852,1.0,1.0
76561198000711279,1.0,1.0
76561198057329243,1.0,1.0
76561198162399308,1.0,1.0
76561198049291468,0.0,0.0
76561198055326676,1.0,1.0
76561197993279741,0.0,0.0
76561198120468864,0.0,0.0
76561198102380468,1.0,1.0
76561198059373650,1.0,1.0
76561197977010834,1.0,1.0
76561198161310076,0.0,0.0
76561198160320827,0.0,0.0
76561198076917180,1.0,0.0
76561198007759830,1.0,1.0
76561198049211014,1.0,1.0
76561197981111953,1.0,1.0
76561199053439300,1.0,1.0
76561198249392362,1.0,1.0
76561198041689171,0.0,0.0
76561197974925353,1.0,1.0
76561198130370824,0.0,0.0
76561198000000375,1.0,1.0
76561198026716698,0.0,0.0
76561198065617084,1.0,1.0
76561198081257465,1.0,1.0
76561198019621629,0.0,0.0
76561198067040444,1.0,1.0
76561199032279097,0.0,0.0
76561197972616894,0.0,0.0
76561197979803978,0.0,0.0
76561197998949214,1.0,0.0
76561197982617834,0.0,0.0
76561198050890851,1.0,1.0
76561198093999461,1.0,1.0
76561198041891495,0.0,0.0
76561199139776481,1.0,1.0
76561197961864608,0.0,0.0
76561198338219143,1.0,1.0
76561197993312863,1.0,1.0
76561198112672661,1.0,1.0
76561198096609152,1.0,1.0
76561198350679649,1.0,1.0
76561197996943649,0.0,0.0
76561199383273506,1.0,1.0
76561197960643486,1.0,1.0
76561198025038660,0.0,0.0
76561198046621479,1.0,1.0
76561198025223542,1.0,1.0
76561198024038675,1.0,0.0
76561198125238941,0.0,0.0
76561198136969425,0.0,0.0
76561198039417534,1.0,1.0
76561198041625770,1.0,1.0
76561197967055456,0.0,0.0
76561198004859223,1.0,1.0
76561198002555892,1.0,1.0
76561197979911851,1.0,1.0
76561198101049562,1.0,0.0
76561198073789253,0.0,0.0
76561198087088306,0.0,0.0
76561198333940820,1.0,1.0
76561197991361144,1.0,1.0
76561198098080821,1.0,1.0
76561198043898087,1.0,1.0
76561197972542742,1.0,1.0
76561198121398682,1.0,1.0
76561198030273896,0.0,0.0
76561198027904347,1.0,0.0
76561198016344025,1.0,1.0
76561198043720348,1.0,1.0
76561198095241695,0.0,0.0
76561198007802153,1.0,1.0
76561197985000161,1.0,1.0
76561198020051378,1.0,1.0
76561197985269540,0.0,0.0
76561198015904504,1.0,1.0
76561198025257831,0.0,0.0
76561197991991520,1.0,1.0
76561198137376448,1.0,1.0
76561198280830500,0.0,0.0
76561197980206308,0.0,0.0
76561198046242117,0.0,0.0
76561198058781656,1.0,1.0
76561198056047449,0.0,0.0
76561198045737785,1.0,1.0
76561198438963871,0.0,0.0
76561197979084213,1.0,0.0
76561197961621019,0.0,0.0
76561197993745077,1.0,1.0
76561197995594353,1.0,1.0
76561198068270261,1.0,1.0
76561198102339835,1.0,0.0
76561198002839561,1.0,1.0
76561198066148879,1.0,1.0
76561198003093454,1.0,1.0
76561198021536460,1.0,1.0
76561197973883957,0.0,0.0
76561197978114813,0.0,0.0
76561198273331891,1.0,1.0
76561198019078835,0.0,0.0
76561198352269269,1.0,1.0
76561197991141199,1.0,1.0
76561197991213990,1.0,1.0
76561198150023286,1.0,1.0
76561198035848155,1.0,1.0
76561197972436190,1.0,0.0
76561198046588672,1.0,1.0
76561197980146038,1.0,1.0
76561198021038522,1.0,1.0
76561198042395850,0.0,0.0
76561198010287383,1.0,1.0
76561198257422651,1.0,1.0
76561198040923840,1.0,1.0
76561198040161412,1.0,0.0
76561197999392948,1.0,1.0
76561198016019048,1.0,1.0
76561197995138062,0.0,0.0
76561198046680021,0.0,0.0
76561198079972348,1.0,0.0
76561198030926535,0.0,0.0
76561198023794868,0.0,0.0
76561198046978149,1.0,1.0
76561197982507630,1.0,1.0
76561197981690710,0.0,0.0
76561198023114147,1.0,1.0
76561198050615194,0.0,0.0
76561198139084236,1.0,1.0
76561198340310727,1.0,1.0
76561198051745012,0.0,0.0
76561197991715731,1.0,1.0
76561198170269198,0.0,0.0
76561197971320635,1.0,1.0
76561197994014911,1.0,1.0
76561198021125310,0.0,0.0
76561197999726935,0.0,0.0
76561197997740965,1.0,1.0
76561198080141083,1.0,1.0
76561198045195189,1.0,1.0
76561197970761123,0.0,0.0
76561197979042906,1.0,1.0
76561198041080728,0.0,0.0
76561198040296837,1.0,1.0
76561198331237133,1.0,1.0
76561197969158018,0.0,0.0
76561198091484468,1.0,1.0
76561198031679484,0.0,0.0
76561198078207454,1.0,0.0
76561198048453468,1.0,1.0
76561198030118274,0.0,0.0
76561198023692991,1.0,0.0
76561198104557457,0.0,0.0
76561197963040896,0.0,0.0
76561197989807190,0.0,0.0
76561198347518030,1.0,1.0
76561198024546321,1.0,1.0
76561198008037678,1.0,1.0
76561198081293192,0.0,0.0
76561197960436666,0.0,0.0
76561198000667675,1.0,1.0
76561198016649670,0.0,0.0
76561197974783215,0.0,0.0
76561197993881753,1.0,0.0
76561198291929988,1.0,1.0
76561198121767373,1.0,1.0
76561198005601881,1.0,1.0
76561198018148205,0.0,0.0
76561198009108702,1.0,1.0
76561198118604647,1.0,1.0
76561198042633209,1.0,1.0
76561197975567911,1.0,1.0
76561198025445358,1.0,1.0
76561197988262272,1.0,1.0
76561198059515974,0.0,0.0
76561198063952731,1.0,1.0
76561197992700592,0.0,0.0
76561198027112798,1.0,0.0
76561198062600893,1.0,1.0
76561198146593189,1.0,0.0
76561198036891788,1.0,1.0
76561197991231880,0.0,0.0
76561198070644433,1.0,1.0
76561198060563982,0.0,0.0
76561198004842665,1.0,0.0
76561198262904340,1.0,1.0
76561197998666522,1.0,0.0
76561198081961727,1.0,1.0
76561197971115174,1.0,1.0
76561198090812798,0.0,0.0
76561198041506271,0.0,0.0
76561198078103345,0.0,0.0
76561198067261759,1.0,1.0
76561198156021248,0.0,0.0
76561198200501842,1.0,1.0
76561197979718121,0.0,0.0
76561198045407759,1.0,1.0
76561197965325226,1.0,1.0
76561197964473408,1.0,1.0
76561198006697906,1.0,1.0
76561198085529088,1.0,1.0
76561199055203334,1.0,1.0
76561198029028690,1.0,1.0
76561197966873544,1.0,0.0
76561198035201897,0.0,0.0
76561198021940873,0.0,0.0
76561198064410530,1.0,0.0
76561198060934212,1.0,1.0
76561198046743901,0.0,0.0
76561198060628914,0.0,0.0
76561197970479807,1.0,1.0
76561198062901118,1.0,1.0
76561198042619229,1.0,1.0
76561197988672858,1.0,1.0
76561198051675786,0.0,0.0
76561198090664778,0.0,0.0
76561198042978992,1.0,1.0
76561198004418141,1.0,1.0
76561198089801281,1.0,1.0
76561198013205483,0.0,0.0
76561197993397600,1.0,0.0
76561198035422338,0.0,0.0
76561198017412459,0.0,0.0
76561198030808810,1.0,1.0
76561198121733143,0.0,0.0
76561198026840458,0.0,0.0
76561198066765397,1.0,1.0
76561198028015677,0.0,0.0
76561198093579202,1.0,1.0
76561198010181228,1.0,1.0
76561198081301799,1.0,1.0
76561197962545891,0.0,0.0
76561197968671893,1.0,1.0
76561198038939593,0.0,0.0
76561198097690532,1.0,1.0
76561198074104374,0.0,0.0
76561198282411763,0.0,0.0
76561198042896883,1.0,1.0
76561197996707987,1.0,0.0
76561198059216394,1.0,1.0
76561197994839062,1.0,1.0
76561197965964690,1.0,1.0
76561198128679947,1.0,0.0
76561198056893819,1.0,1.0
76561198143142509,1.0,1.0
76561198019521530,1.0,1.0
76561198024823934,1.0,1.0
76561198133372348,0.0,0.0
76561198078528278,1.0,1.0
76561198031919117,1.0,1.0
76561198043996154,0.0,0.0
76561198078178103,0.0,0.0
76561198142797852,0.0,0.0
76561198128785478,1.0,1.0
76561198000257885,1.0,1.0
76561198136277601,1.0,0.0
76561198039031102,0.0,0.0
76561198320249287,0.0,0.0
76561198077644112,1.0,1.0
76561198039406214,0.0,0.0
76561197979934386,1.0,1.0
76561199004069906,1.0,1.0
76561198075984299,0.0,0.0
76561198063392506,1.0,0.0
76561199246239668,1.0,1.0
76561198437120190,1.0,1.0
76561198024812661,0.0,0.0
76561198019020335,0.0,0.0
76561197983524304,0.0,0.0
76561198095807119,0.0,0.0
76561198025670883,1.0,0.0
76561198060871246,1.0,1.0
76561198103123646,1.0,0.0
76561198370061003,0.0,0.0
76561198060639097,1.0,1.0
76561197988052802,1.0,1.0
76561197998337907,0.0,0.0
76561198020067850,1.0,1.0
76561198179992770,1.0,1.0
76561198063563156,0.0,0.0
76561198003183913,1.0,1.0
76561197960799550,0.0,0.0
76561198067439789,1.0,0.0
76561197998179570,1.0,1.0
76561197991425851,0.0,0.0
76561198007536546,1.0,0.0
76561197963212954,0.0,0.0
76561198054553341,1.0,1.0
76561198064609090,0.0,0.0
76561198263784049,0.0,0.0
76561198066543155,0.0,0.0
76561197972179425,0.0,0.0
76561197971643307,0.0,0.0
76561198026465332,1.0,1.0
76561197977654536,1.0,1.0
76561198002874064,1.0,1.0
76561197993215917,1.0,0.0
76561198112009549,1.0,1.0
76561197986775284,0.0,0.0
76561197975931257,1.0,0.0
76561198046360202,1.0,1.0
76561198373611339,1.0,1.0
76561198299988956,1.0,1.0
76561198082623478,1.0,1.0
76561198004393508,1.0,1.0
76561198042611397,1.0,1.0
76561197997124628,1.0,1.0
76561198018742597,0.0,0.0
76561198309762695,0.0,0.0
76561197992274874,1.0,1.0
76561199107784153,1.0,1.0
76561198135780449,1.0,0.0
76561198388606792,1.0,1.0
76561198013261863,0.0,0.0
76561198302923503,1.0,1.0
76561197997240220,1.0,1.0
76561198097666040,1.0,0.0
76561198064409203,1.0,1.0
76561198025463060,1.0,1.0
76561197962737643,0.0,0.0
76561198001622086,1.0,1.0
76561198022807781,1.0,1.0
76561197970532816,1.0,1.0
76561197972731767,1.0,1.0
76561199010174438,0.0,0.0
76561198125123765,1.0,0.0
76561198003078338,0.0,0.0
76561198043607469,1.0,1.0
76561197974742349,1.0,1.0
76561198066945046,0.0,0.0
76561197987034326,1.0,1.0
76561199108437662,1.0,1.0
76561198136397211,1.0,1.0
76561198120594540,1.0,1.0
76561197987296023,1.0,1.0
76561197990384173,1.0,1.0
76561197998105505,0.0,0.0
76561198036102917,1.0,1.0
76561198946305329,1.0,1.0
76561198052442092,1.0,1.0
76561198018534147,0.0,0.0
76561198003213686,1.0,1.0
76561198000562069,0.0,0.0
76561198053605081,1.0,1.0
76561198029023990,1.0,1.0
76561197972745621,1.0,1.0
76561197963550511,1.0,1.0
76561197960485586,0.0,0.0
76561198031220488,1.0,0.0
76561198087733716,1.0,1.0
76561198013143519,1.0,1.0
76561198011348528,1.0,1.0
76561197974283794,1.0,1.0
76561197971576301,1.0,0.0
76561197971348591,1.0,0.0
76561198000459192,1.0,1.0
76561198025796747,0.0,0.0
76561198052125808,1.0,1.0
76561197989187753,1.0,1.0
76561197971981160,0.0,0.0
76561198081156647,1.0,0.0
76561197971437698,0.0,0.0
76561198075749816,1.0,1.0
76561198020850053,1.0,1.0
76561198193698835,1.0,1.0
76561198015122447,1.0,1.0
76561198119652767,1.0,1.0
76561198026221093,1.0,1.0
76561198140831121,0.0,0.0
76561198029593271,1.0,0.0
76561198013680011,1.0,1.0
76561197985238561,0.0,0.0
76561197988445370,1.0,1.0
76561197990912078,1.0,1.0
76561198067950201,1.0,1.0
76561198169462091,0.0,0.0
76561197982655680,1.0,0.0
76561197988437395,1.0,1.0
76561198092258220,1.0,0.0
76561197985194039,1.0,1.0
76561197960393604,1.0,1.0
76561198028866149,0.0,0.0
76561198077248235,1.0,0.0
76561197970850127,0.0,0.0
76561198112313168,1.0,1.0
76561197978017307,0.0,0.0
76561197986862386,1.0,1.0
76561198034698530,1.0,0.0
76561198041323297,1.0,0.0
76561197961048460,1.0,1.0
76561199086098585,1.0,1.0
76561198048430200,0.0,0.0
76561198864851315,0.0,0.0
76561198162722657,1.0,1.0
76561198029049127,1.0,1.0
76561198282335679,1.0,0.0
76561198124738753,0.0,0.0
76561197967576247,1.0,1.0
76561198003048979,0.0,0.0
76561198021422660,0.0,0.0
76561198096655954,0.0,0.0
76561198273714027,1.0,1.0
76561198022852314,1.0,1.0
76561199041710124,1.0,1.0
76561198023791161,0.0,0.0
76561198034574711,1.0,1.0
76561198096019960,0.0,0.0
76561197989342663,0.0,0.0
76561198366638721,1.0,0.0
76561198068624982,0.0,0.0
76561198173634835,1.0,1.0
76561197991243081,1.0,1.0
76561197987453398,1.0,1.0
76561198145427903,1.0,0.0
76561197962061039,0.0,0.0
76561198003246975,1.0,0.0
76561198093799893,0.0,0.0
76561197994729999,1.0,1.0
76561197998776409,1.0,1.0
76561198021436484,1.0,1.0
76561198047270545,1.0,0.0
76561198029925667,0.0,0.0
76561198024981381,0.0,0.0
76561198002956670,1.0,1.0
76561197976001012,1.0,0.0
76561198322530254,0.0,0.0
76561198009471319,0.0,0.0
76561198066694652,1.0,1.0
76561197992174178,0.0,0.0
76561197967503679,0.0,0.0
76561197969991065,1.0,1.0
76561198064614327,1.0,0.0
76561198149424034,1.0,1.0
76561198065795715,1.0,1.0
76561197987755126,1.0,1.0
76561198187580027,1.0,1.0
76561198279067706,1.0,1.0
76561198044531564,0.0,0.0
76561198065892602,1.0,1.0
76561197982720629,1.0,1.0
76561197966618551,1.0,1.0
76561198972315676,0.0,0.0
76561197993529677,0.0,0.0
76561198089611316,0.0,0.0
76561198036541930,1.0,1.0
76561197974786730,1.0,1.0
76561197990093159,1.0,1.0
76561198000935729,0.0,0.0
76561199143126237,1.0,1.0
76561197964454963,1.0,1.0
76561198075447635,0.0,0.0
76561198022620733,0.0,0.0
76561198076999456,0.0,0.0
76561198033103032,1.0,1.0
76561197981732215,1.0,1.0
76561198050854730,1.0,1.0
76561197970312414,1.0,0.0
76561198054960169,0.0,0.0
76561197984235967,1.0,1.0
76561198029374030,1.0,1.0
76561197970377585,0.0,0.0
76561197978569122,0.0,0.0
76561198071922719,1.0,1.0
76561198403370432,1.0,0.0
76561198029800969,1.0,0.0
76561197975942806,1.0,1.0
76561197962767542,0.0,0.0
76561197964222909,1.0,1.0
76561197984813768,1.0,1.0
76561198142329708,1.0,1.0
76561197991584508,1.0,0.0
76561198078498143,0.0,0.0
76561198079213042,0.0,0.0
76561198861426666,1.0,1.0
76561198299932182,1.0,1.0
76561198262860208,1.0,1.0
76561198000574093,0.0,0.0
76561197989374217,1.0,1.0
76561198016291889,0.0,0.0
76561198006268774,1.0,1.0
76561197987089584,0.0,0.0
76561198993697628,0.0,0.0
76561197972256700,1.0,1.0
76561198080106269,0.0,0.0
76561198001537536,1.0,1.0
76561197965165543,0.0,0.0
76561198286311746,0.0,0.0
76561198034385973,1.0,1.0
76561197966930309,1.0,1.0
76561198034536984,0.0,0.0
76561198275249113,1.0,0.0
76561197995434036,1.0,1.0
76561198030225688,1.0,1.0
76561198031837797,1.0,1.0
76561197995588045,1.0,1.0
76561197978201633,1.0,1.0
76561198005230618,1.0,1.0
76561197960405174,1.0,1.0
76561198086107514,0.0,0.0
76561198170081071,0.0,0.0
76561197998617324,0.0,0.0
76561197963473450,1.0,1.0
76561198053070206,0.0,0.0
76561198030277114,1.0,1.0
76561198176059619,1.0,1.0
76561198119067891,0.0,0.0
76561197979169919,0.0,0.0
76561198196483042,1.0,1.0
76561198416224768,1.0,1.0
76561198007989044,1.0,0.0
76561198072678486,1.0,1.0
76561198216975279,0.0,0.0
76561198057945441,1.0,1.0
76561198077603629,1.0,1.0
76561198072129087,1.0,1.0
76561198049442527,1.0,1.0
76561198011368261,0.0,0.0
76561198004754538,1.0,1.0
76561197994774108,0.0,0.0
76561198025781024,1.0,1.0
76561198035188248,0.0,0.0
76561198844550932,0.0,0.0
76561198002973360,1.0,0.0
76561197982606807,1.0,1.0
76561198112667420,0.0,0.0
76561197994120127,1.0,0.0
76561198028056626,0.0,0.0
76561197960351734,1.0,1.0
76561198230358608,1.0,0.0
76561197984900990,0.0,0.0
76561198002734128,1.0,1.0
76561198090598330,0.0,0.0
76561198028421529,1.0,0.0
76561198007220143,1.0,0.0
76561198045925412,1.0,0.0
76561198120101132,1.0,1.0
76561197960547315,1.0,0.0
76561198038056805,1.0,0.0
76561198010323350,0.0,0.0
76561198008085425,0.0,0.0
76561197962287503,1.0,1.0
76561198048979421,1.0,0.0
76561198084691345,1.0,1.0
76561198855518804,0.0,0.0
76561198057552595,1.0,1.0
76561197970792411,1.0,1.0
76561198049212147,1.0,1.0
76561198109871307,1.0,1.0
76561198055677691,1.0,1.0
76561198036714867,1.0,0.0
76561197996503861,0.0,0.0
76561197966479359,0.0,0.0
76561198881358611,0.0,0.0
76561198051227320,1.0,1.0
76561198026506133,1.0,1.0
76561198035839569,0.0,0.0
76561198104956330,1.0,0.0
76561198121716572,1.0,0.0
76561197970423195,1.0,1.0
76561198007893547,1.0,1.0
76561198037085103,0.0,0.0
76561198044596404,1.0,1.0
76561198057498761,1.0,0.0
76561197982793768,0.0,0.0
76561198978667010,1.0,1.0
76561198170985497,0.0,0.0
76561198036803371,0.0,0.0
76561198428261375,1.0,1.0
76561198218497305,1.0,1.0
76561198009744465,1.0,1.0
76561198083542059,1.0,1.0
76561197979584400,1.0,1.0
76561198117798611,0.0,0.0
76561197972482791,0.0,0.0
76561198163638022,1.0,1.0
76561198006725990,1.0,1.0
76561198040779532,0.0,0.0
76561198040802503,0.0,0.0
76561198071227141,0.0,0.0
76561197993435132,1.0,0.0
76561198252374474,1.0,1.0
76561198044196794,0.0,0.0
76561198070472588,1.0,1.0
76561197975257757,0.0,0.0
76561198074545639,0.0,0.0
76561198040014019,1.0,0.0
76561198005235749,1.0,1.0
76561197998816333,1.0,0.0
76561198014817175,0.0,0.0
76561197980688855,1.0,1.0
76561197989217266,0.0,0.0
76561198087759720,0.0,0.0
76561198309643622,1.0,0.0
76561198408792535,1.0,1.0
76561197970356119,1.0,1.0
76561198052138190,0.0,0.0
76561198002805794,0.0,0.0
76561197970964921,0.0,0.0
76561198009015400,1.0,1.0
76561197970724214,1.0,1.0
76561197972654006,1.0,1.0
76561197985021868,0.0,0.0
76561198117143056,1.0,0.0
76561197996919908,0.0,0.0
76561198052850469,1.0,0.0
76561198049902675,1.0,1.0
76561198027036398,1.0,1.0
76561198009717070,1.0,1.0
76561197988922281,0.0,0.0
76561198014974789,0.0,0.0
76561198049775783,0.0,0.0
76561198016838181,1.0,1.0
76561198036256662,1.0,0.0
76561197994872286,0.0,0.0
76561198041379206,0.0,0.0
76561198010001511,1.0,1.0
76561199335324815,0.0,0.0
76561198139908577,0.0,0.0
76561197960335311,1.0,1.0
76561198038556165,1.0,1.0
76561198411619208,1.0,1.0
76561197960332616,1.0,1.0
76561198176116389,0.0,0.0
76561198048076196,1.0,1.0
76561198039886147,1.0,1.0
76561198179319487,0.0,0.0
76561198047884970,1.0,1.0
76561198026912448,0.0,0.0
76561198047167723,1.0,1.0
76561198028528793,1.0,1.0
76561198006248231,0.0,0.0
76561198272335001,1.0,1.0
76561198022855642,1.0,1.0
76561198012881777,0.0,0.0
76561197998843219,0.0,0.0
76561198354970828,1.0,1.0
76561198167529479,0.0,0.0
76561198042574421,1.0,1.0
76561198051840144,1.0,1.0
76561198802661056,1.0,1.0
76561197970675024,1.0,0.0
76561198142453927,1.0,1.0
76561198034154230,1.0,0.0
76561197970791672,0.0,0.0
76561198031357094,1.0,1.0
76561198256939238,0.0,0.0
76561197971565582,1.0,1.0
76561198030516476,1.0,1.0
76561197982079483,1.0,1.0
76561198035010599,1.0,1.0
76561198027177776,1.0,1.0
76561198076550948,1.0,1.0
76561197998116681,1.0,0.0
76561198011839810,1.0,0.0
76561198047015315,0.0,0.0
76561198082363887,0.0,0.0
76561197976301865,0.0,0.0
76561198086929527,0.0,0.0
76561198082583564,0.0,0.0
76561198049807324,1.0,1.0
76561198087733049,1.0,1.0
76561197985194605,0.0,0.0
76561198009198554,0.0,0.0
76561198031418338,1.0,1.0
76561198023531599,0.0,0.0
76561198013104879,0.0,0.0
76561198121273308,1.0,1.0
76561197986188338,0.0,0.0
76561197977451417,1.0,1.0
76561198068088128,0.0,0.0
76561198043982405,1.0,1.0
76561198016012993,0.0,0.0
76561198111678291,1.0,1.0
76561198004427256,0.0,0.0
76561198077330311,0.0,0.0
76561198017899277,0.0,0.0
76561197960286640,1.0,1.0
76561197979933859,0.0,0.0
76561198025213357,1.0,1.0
76561198219343843,1.0,0.0
76561198045337433,1.0,1.0
76561198006847847,0.0,0.0
76561198029732166,1.0,1.0
76561197989786789,1.0,1.0
76561198014882529,0.0,0.0
76561198141806754,0.0,0.0
76561198052646182,1.0,1.0
76561198245563714,1.0,1.0
76561198027732341,1.0,1.0
76561197998444372,0.0,0.0
76561198009854709,1.0,1.0
76561198303080182,1.0,1.0
76561197998883514,0.0,0.0
76561197985705987,0.0,0.0
76561198084178836,1.0,0.0
76561198074190161,0.0,0.0
76561198004429817,0.0,0.0
76561198067953510,1.0,1.0
76561198068736110,1.0,1.0
76561197996115754,1.0,1.0
76561199012979176,1.0,1.0
76561198025540438,1.0,0.0
76561197970493829,0.0,0.0
76561198052241443,0.0,0.0
76561198067031569,0.0,0.0
76561198008860688,0.0,0.0
76561198043251650,1.0,1.0
76561197973942166,1.0,1.0
76561198917350605,0.0,0.0
76561198061291431,1.0,1.0
76561198002794497,1.0,1.0
76561198061305249,1.0,1.0
76561198282831248,1.0,1.0
76561198090967045,0.0,0.0
76561197965333589,0.0,0.0
76561198016438920,1.0,1.0
76561198060685657,0.0,0.0
76561198027667124,1.0,1.0
76561198040884867,1.0,0.0
76561198098604636,1.0,0.0
76561198147470922,0.0,0.0
76561197992783558,1.0,0.0
76561198027616389,0.0,0.0
76561198058164023,0.0,0.0
76561198003498437,1.0,1.0
76561198180063266,1.0,1.0
76561198010594992,0.0,0.0
76561198281175891,1.0,0.0
76561198037003719,0.0,0.0
76561198105192566,0.0,0.0
76561197971164024,1.0,1.0
76561197989383643,0.0,0.0
76561198071692863,1.0,0.0
76561198215096428,1.0,1.0
76561198065877448,0.0,0.0
76561198035849045,0.0,0.0
76561198036995672,0.0,0.0
76561198030756323,1.0,0.0
76561198932467574,1.0,1.0
76561198005996565,0.0,0.0
76561198158905982,1.0,1.0
76561198006900269,1.0,1.0
76561198032550800,0.0,0.0
76561198051639199,0.0,0.0
76561198055487656,1.0,0.0
76561198032729607,1.0,1.0
76561198011659425,1.0,1.0
76561197986568026,1.0,1.0
76561198164951219,1.0,0.0
76561198064728961,0.0,0.0
76561198071967202,1.0,1.0
76561198286642793,1.0,1.0
76561197970539317,0.0,0.0
76561197995378175,1.0,1.0
76561198033206748,0.0,0.0
76561198030888094,1.0,1.0
76561198101771814,0.0,0.0
76561197988903500,1.0,1.0
76561198031008457,0.0,0.0
76561197987808170,1.0,1.0
76561197992121541,1.0,0.0
76561198027233260,0.0,0.0
76561197966468553,0.0,0.0
76561197960759094,0.0,0.0
76561198008799342,0.0,0.0
76561198038673878,1.0,0.0
76561198021653480,1.0,0.0
76561198339086631,1.0,1.0
76561198069376148,1.0,1.0
76561198043488004,0.0,0.0
76561198006236281,0.0,0.0
76561198052273764,0.0,0.0
76561198014788793,1.0,1.0
76561198020313592,1.0,1.0
76561198001080350,1.0,1.0
76561197991657927,1.0,1.0
76561198403797702,0.0,0.0
76561197973472887,1.0,0.0
76561198046979629,0.0,0.0
76561198123790631,1.0,1.0
76561197996710217,0.0,0.0
76561197960366517,1.0,1.0
76561198066718773,1.0,1.0
76561198843841573,1.0,1.0
76561198010028217,1.0,1.0
76561198047794531,1.0,1.0
76561198141517257,1.0,0.0
76561198091160098,1.0,1.0
76561198263705541,1.0,1.0
76561198047455579,0.0,0.0
76561197999304281,0.0,0.0
76561198034493521,1.0,1.0
76561198993846706,0.0,0.0
76561198088163711,0.0,0.0
76561198051919234,1.0,0.0
76561198025334646,1.0,0.0
76561198074137064,0.0,0.0
76561198068979743,1.0,1.0
76561197963135603,1.0,0.0
76561198036933650,0.0,0.0
76561198019124682,0.0,0.0
76561198077651994,1.0,0.0
76561197989848084,0.0,0.0
76561197996753153,0.0,0.0
76561197985011830,1.0,1.0
76561198013038909,0.0,0.0
76561197989964238,1.0,1.0
76561197963695471,1.0,1.0
76561198037510530,1.0,1.0
76561197960384929,0.0,0.0
76561198031209270,1.0,1.0
76561198811114019,0.0,0.0
76561197999843190,1.0,1.0
76561197962202166,0.0,0.0
76561197967628180,1.0,1.0
76561197988118202,0.0,0.0
76561197999359919,1.0,1.0
76561198050468382,0.0,0.0
76561197969226943,1.0,0.0
76561197961444200,1.0,1.0
76561198062255168,1.0,1.0
76561197975440895,1.0,1.0
76561197995240388,0.0,0.0
76561198106145311,0.0,0.0
76561197984916346,1.0,1.0
76561197965244835,1.0,1.0
76561198041031091,1.0,1.0
76561198047517097,1.0,1.0
76561199086020529,0.0,0.0
76561198077387115,0.0,0.0
76561198103648546,1.0,1.0
76561197972625086,0.0,0.0
76561199109080778,1.0,1.0
76561198213368405,1.0,1.0
76561198003232563,1.0,1.0
76561198043892935,0.0,0.0
76561198012913284,1.0,0.0
76561198105390244,1.0,1.0
76561198085422954,0.0,0.0
76561198296685552,0.0,0.0
76561198071221914,0.0,0.0
76561198023114816,0.0,0.0
76561197971424010,0.0,0.0
76561198108620000,1.0,1.0
76561198015279263,1.0,1.0
76561198025375592,1.0,1.0
76561197978785613,1.0,0.0
76561198344365498,1.0,1.0
76561198016946768,1.0,1.0
76561198088775500,0.0,0.0
76561197982845562,0.0,0.0
76561198230075672,1.0,0.0
76561198053965300,1.0,1.0
76561198017076824,1.0,1.0
76561198023594531,0.0,0.0
76561198039493969,0.0,0.0
76561198141448555,0.0,0.0
76561198060985668,0.0,0.0
76561197988995835,1.0,1.0
76561198314627469,1.0,1.0
76561198096934508,1.0,1.0
76561198042755505,1.0,0.0
76561198009909967,1.0,0.0
76561198008366572,1.0,0.0
76561198356842617,1.0,1.0
76561198009653095,1.0,1.0
76561197999882638,1.0,1.0
76561198052203863,0.0,0.0
76561198002302509,1.0,1.0
76561198201888442,0.0,0.0
76561198064935565,1.0,1.0
76561198022393548,0.0,0.0
76561197969171432,1.0,1.0
76561198123886137,1.0,1.0
76561198139119038,1.0,0.0
76561197969934583,0.0,0.0
76561198019946240,0.0,0.0
76561198056938654,1.0,1.0
76561198152370841,1.0,1.0
76561198050746153,1.0,1.0
76561198026779638,1.0,1.0
76561198032415501,0.0,0.0
76561198003886667,0.0,0.0
76561198015351752,1.0,0.0
76561197983806198,0.0,0.0
76561198058094666,1.0,1.0
76561197964343044,1.0,0.0
76561197970838485,0.0,0.0
76561198125355177,1.0,1.0
76561197989733146,0.0,0.0
76561198002513164,0.0,0.0
76561197993529099,0.0,0.0
76561197980351392,1.0,1.0
76561197999701119,0.0,0.0
76561198160470680,0.0,0.0
76561198160700469,0.0,0.0
76561198006075404,1.0,1.0
76561198301982604,1.0,1.0
76561198005110508,0.0,0.0
76561198042890140,0.0,0.0
76561197987842222,1.0,1.0
76561198039663324,1.0,0.0
76561198037018920,1.0,1.0
76561198112890258,1.0,1.0
76561198043972532,1.0,1.0
76561198058007685,0.0,0.0
76561198008332774,1.0,1.0
76561197996143905,1.0,1.0
76561198117913848,0.0,0.0
76561198018085358,1.0,1.0
76561198059260462,0.0,0.0
76561197966963062,1.0,1.0
76561198056640740,0.0,0.0
76561198061519395,0.0,0.0
76561198037613508,0.0,0.0
76561198156345324,1.0,1.0
76561198015947070,0.0,0.0
76561198168980050,0.0,0.0
76561198075569071,1.0,0.0
76561198046008728,0.0,0.0
76561198113455411,0.0,0.0
76561197975504766,1.0,1.0
76561197988663774,0.0,0.0
76561197986175117,0.0,0.0
76561197990106384,0.0,0.0
76561197976136707,0.0,0.0
76561197989930177,1.0,0.0
76561197965489900,0.0,0.0
76561198009055009,0.0,0.0
76561198025266541,0.0,0.0
76561198115795404,0.0,0.0
76561198219536444,1.0,1.0
76561197975331788,1.0,1.0
76561198089721639,0.0,0.0
76561198089299679,1.0,0.0
76561197996566711,1.0,1.0
76561198028185256,1.0,1.0
76561197996966511,1.0,1.0
76561197970767462,0.0,0.0
76561198293467784,1.0,1.0
76561197969773091,0.0,0.0
76561198071585954,0.0,0.0
76561198004777375,1.0,1.0
76561198003587634,0.0,0.0
76561197969894772,1.0,0.0
76561198047457459,1.0,0.0
76561198014950467,0.0,0.0
76561198078782283,0.0,0.0
76561197963831883,0.0,0.0
76561198103654672,1.0,0.0
76561198853553821,1.0,1.0
76561198008667621,1.0,1.0
76561198046468073,1.0,1.0
76561197987842001,0.0,0.0
76561198096265586,0.0,0.0
76561197987502418,0.0,0.0
76561198000284462,1.0,1.0
76561198001991912,0.0,0.0
76561197994445738,0.0,0.0
76561198034663705,0.0,0.0
76561197999117252,0.0,0.0
76561198000262690,1.0,1.0
76561197993869138,1.0,1.0
76561197966773879,0.0,0.0
76561198085540793,1.0,1.0
76561198053159303,0.0,0.0
76561197989293848,0.0,0.0
76561198045740239,1.0,1.0
76561198008438473,0.0,0.0
76561198087927765,1.0,0.0
76561197966170666,1.0,0.0
76561197998999001,1.0,0.0
76561198038195848,1.0,1.0
76561197978590706,0.0,0.0
76561198220637399,1.0,1.0
76561198054520957,0.0,0.0
76561197961096804,1.0,1.0
76561197995068607,1.0,1.0
76561197988448073,0.0,0.0
76561198322492284,1.0,1.0
76561197978183612,1.0,1.0
76561198070686374,1.0,1.0
76561198010983183,0.0,0.0
76561198033535814,0.0,0.0
76561198023077730,0.0,0.0
76561197971006744,1.0,1.0
76561198000826779,0.0,0.0
76561197979864325,1.0,1.0
76561197976175533,1.0,1.0
76561197986916834,0.0,0.0
76561197986074665,1.0,0.0
76561198302975346,1.0,1.0
76561198023519071,1.0,1.0
76561198105088252,0.0,0.0
76561197982718230,0.0,0.0
76561198013293052,1.0,1.0
76561198005968036,0.0,0.0
76561197992044606,1.0,1.0
76561197997616073,0.0,0.0
76561198112552234,0.0,0.0
76561198001468649,0.0,0.0
76561198001180013,1.0,1.0
76561198053948039,1.0,0.0
76561197983019818,1.0,1.0
76561198239799624,0.0,0.0
76561197992650133,0.0,0.0
76561197973052125,1.0,1.0
76561198014776829,1.0,1.0
76561198009121120,1.0,1.0
76561198021474487,1.0,1.0
76561197989858849,1.0,1.0
76561197976530450,1.0,0.0
76561197973141301,0.0,0.0
76561197992409766,0.0,0.0
76561197975413392,0.0,0.0
76561197985450983,1.0,1.0
76561197988769508,1.0,1.0
76561197970590608,1.0,1.0
76561198004691205,0.0,0.0
76561197993775251,1.0,0.0
76561197976579619,1.0,0.0
76561198049726399,0.0,0.0
76561198246701002,1.0,0.0
76561198049199276,1.0,0.0
76561197987664448,1.0,1.0
76561198002385573,1.0,1.0
76561197993566384,0.0,0.0
76561198009764050,0.0,0.0
76561198049445507,0.0,0.0
76561197968658003,0.0,0.0
76561198013115338,0.0,0.0
76561198044048161,0.0,0.0
76561198828182183,0.0,0.0
76561197996311925,1.0,1.0
76561198086439893,1.0,1.0
76561198060737300,0.0,0.0
76561198043655647,1.0,0.0
76561198339208379,0.0,0.0
76561198118726910,1.0,1.0
76561198024195554,0.0,0.0
76561198082038951,1.0,1.0
76561197963280337,0.0,0.0
76561198074461923,0.0,0.0
76561197996778486,1.0,1.0
76561198091078414,1.0,1.0
76561198053568113,0.0,0.0
76561198337784749,0.0,0.0
76561197961780979,0.0,0.0
76561198057885021,1.0,1.0
76561198137933363,0.0,0.0
76561198107302800,1.0,0.0
76561198044056333,1.0,1.0
76561198037440919,1.0,0.0
76561198022427391,0.0,0.0
76561198003139484,1.0,0.0
76561198104108624,1.0,1.0
76561198013359357,0.0,0.0
76561197980993256,1.0,1.0
76561198026157552,1.0,0.0
76561198078011536,0.0,0.0
76561197970417670,1.0,1.0
76561198061248268,1.0,1.0
76561198044681116,1.0,1.0
76561198003772642,0.0,0.0
76561198107077231,1.0,0.0
76561198067163683,0.0,0.0
76561198011208350,0.0,0.0
76561198285006935,1.0,1.0
76561198037583383,1.0,1.0
76561198023296561,0.0,0.0
76561198028883943,0.0,0.0
76561198064783067,1.0,0.0
76561199068196811,0.0,0.0
76561197970862067,1.0,1.0
76561198096461150,1.0,1.0
76561198180204111,1.0,1.0
76561198038911024,1.0,1.0
76561198026564874,0.0,0.0
76561197993621828,1.0,0.0
76561197994120171,0.0,0.0
76561198832730470,0.0,0.0
76561197965217014,0.0,0.0
76561197980143180,1.0,1.0
76561198084542691,1.0,1.0
76561198017078280,0.0,0.0
76561197990004842,1.0,1.0
76561198034249692,1.0,1.0
76561198076402319,0.0,0.0
76561198004765961,1.0,1.0
76561198011647032,0.0,0.0
76561197970343967,0.0,0.0
76561198053005358,0.0,0.0
76561198371608856,0.0,0.0
76561198101876412,1.0,0.0
76561198150058321,1.0,0.0
76561198026425351,1.0,1.0
76561197971102284,0.0,0.0
76561199024395391,0.0,0.0
76561198067824708,0.0,0.0
76561198023174870,0.0,0.0
76561197995683465,1.0,0.0
76561198872198245,1.0,1.0
76561197985343058,1.0,0.0
76561197995820083,0.0,0.0
76561197995150404,0.0,0.0
76561198061981757,1.0,1.0
76561198063990605,1.0,0.0
76561198220046737,0.0,0.0
76561198066184606,1.0,0.0
76561197970831374,1.0,0.0
76561197973897944,1.0,0.0
76561198090414426,1.0,1.0
76561198030630489,0.0,0.0
76561198084955985,1.0,0.0
76561198117123612,0.0,0.0
76561198053301435,1.0,1.0
76561198032987171,1.0,0.0
76561198011937104,0.0,0.0
76561198011541019,1.0,0.0
76561198003479630,0.0,0.0
76561198131834463,0.0,0.0
76561198060869595,0.0,0.0
76561198197409628,1.0,1.0
76561199035909277,0.0,0.0
76561197971143071,1.0,1.0
76561198028849094,1.0,1.0
76561198083328766,1.0,1.0
76561197972150490,0.0,0.0
76561198042509853,0.0,0.0
76561198044279579,1.0,0.0
76561198008117679,1.0,0.0
76561197982512807,0.0,0.0
76561197971592163,0.0,0.0
76561198160913453,0.0,0.0
76561198050285365,1.0,1.0
76561197971410481,1.0,1.0
76561198013433521,0.0,0.0
76561198079864421,1.0,1.0
76561198089683820,1.0,1.0
76561198021892566,1.0,1.0
76561197988535411,1.0,1.0
76561198385965145,1.0,1.0
76561198863283245,1.0,1.0
76561197961318302,1.0,0.0
76561198037796318,0.0,0.0
76561199054245549,1.0,0.0
76561198049323874,1.0,1.0
76561198010185470,1.0,0.0
76561197998058239,0.0,0.0
76561198039822008,1.0,1.0
76561197991629199,1.0,1.0
76561197995856662,0.0,0.0
76561198126303619,1.0,1.0
76561198003344867,1.0,1.0
76561198033602078,1.0,1.0
76561198361600292,1.0,1.0
76561197967303226,1.0,0.0
76561198087174877,1.0,0.0
76561197979077108,1.0,1.0
76561198019005069,0.0,0.0
76561197992826156,0.0,0.0
76561198018089588,1.0,0.0
76561198011799876,1.0,1.0
76561198133307300,1.0,0.0
76561198035845858,1.0,0.0
76561198041138024,1.0,0.0
76561198867600868,0.0,0.0
76561197994002775,0.0,0.0
76561198281081238,1.0,0.0
76561198026535099,0.0,0.0
76561198041100695,1.0,1.0
76561197970398878,1.0,1.0
76561198027987860,0.0,0.0
76561197985253187,1.0,1.0
76561197963282057,0.0,0.0
76561198006714621,1.0,1.0
76561197987507997,1.0,1.0
76561198049226196,1.0,1.0
76561198009690028,0.0,0.0
76561198117330620,1.0,1.0
76561197961744176,1.0,1.0
76561198839371460,0.0,0.0
76561198136729976,0.0,0.0
76561197969430536,1.0,1.0
76561198042731036,0.0,0.0
76561198002707908,0.0,0.0
76561198134893821,1.0,0.0
76561197995014608,1.0,0.0
76561198016024155,1.0,0.0
76561198015441277,1.0,1.0
76561198004051373,0.0,0.0
76561198107029439,1.0,1.0
76561198030123832,0.0,0.0
76561198062394830,0.0,0.0
76561198038616833,0.0,0.0
76561198045354821,0.0,0.0
76561197994632659,0.0,0.0
76561199064473105,0.0,0.0
76561198014938687,1.0,1.0
76561197994536615,1.0,0.0
76561198071107427,1.0,1.0
76561198449576368,1.0,1.0
76561198326806763,0.0,0.0
76561198089404867,0.0,0.0
76561198007818758,0.0,0.0
76561198399143276,1.0,0.0
76561198077966385,0.0,0.0
76561197994448955,1.0,1.0
76561198005337430,0.0,0.0
76561198196227601,0.0,0.0
76561198007405067,1.0,0.0
76561197995090401,1.0,0.0
76561198172252199,1.0,1.0
76561198161672087,0.0,0.0
76561198000505067,0.0,0.0
76561198000547270,1.0,0.0
76561198007881182,1.0,0.0
76561197999343610,0.0,0.0
76561198219700072,0.0,0.0
76561198023514531,1.0,0.0
76561198356654676,0.0,0.0
76561198044132953,1.0,0.0
76561198061110338,1.0,1.0
76561198018910266,1.0,1.0
76561198061446122,1.0,1.0
76561198108535277,0.0,0.0
76561197995968714,1.0,0.0
76561198113481234,1.0,1.0
76561197983534658,0.0,0.0
76561198048063791,0.0,0.0
76561198005611507,0.0,0.0
76561198004624882,0.0,0.0
76561197998052523,1.0,0.0
76561198027844898,1.0,1.0
76561198269571712,1.0,1.0
76561198011302473,0.0,0.0
76561198042104476,1.0,1.0
76561198199969253,0.0,0.0
76561198111200508,1.0,0.0
76561198132931055,0.0,0.0
76561197970337436,0.0,0.0
76561198237826136,0.0,0.0
76561198007252323,0.0,0.0
76561197993864895,1.0,1.0
76561197997087879,1.0,0.0
76561198209422592,0.0,0.0
76561198339757453,0.0,0.0
76561198001455830,0.0,0.0
76561198031542514,0.0,0.0
76561197994598473,1.0,1.0
76561197965277561,0.0,0.0
76561198004823797,0.0,0.0
76561198034168703,1.0,1.0
76561198077518117,0.0,0.0
76561198032544384,1.0,1.0
76561198063871669,1.0,1.0
76561197983347627,1.0,0.0
76561198836897819,0.0,0.0
76561197970538611,1.0,0.0
76561197977534897,0.0,0.0
76561198001462963,1.0,1.0
76561198041457876,1.0,1.0
76561199102509047,1.0,1.0
76561198046875589,1.0,1.0
76561198043819633,1.0,0.0
76561197965978376,0.0,0.0
76561198053206025,1.0,1.0
76561197962054695,1.0,1.0
76561197971550276,1.0,0.0
76561198126812721,0.0,0.0
76561197991747394,1.0,1.0
76561197984655838,1.0,0.0
76561198128844741,0.0,0.0
76561197997828517,1.0,1.0
76561198028569459,0.0,0.0
76561198228638448,1.0,0.0
76561198052678573,0.0,0.0
76561198082998253,1.0,0.0
76561197982273259,0.0,0.0
76561198121070383,1.0,0.0
76561198028137544,1.0,1.0
76561198038546547,1.0,1.0
76561197965160723,1.0,1.0
76561198001471216,1.0,1.0
76561198159889238,0.0,0.0
76561198019685200,0.0,0.0
76561198014069772,0.0,0.0
76561198014626499,1.0,1.0
76561197970461293,1.0,1.0
76561198151617563,1.0,1.0
76561198036814593,0.0,0.0
76561197976866160,1.0,1.0
76561198041497325,0.0,0.0
76561198024200123,1.0,1.0
76561198113104554,1.0,1.0
76561197981370579,0.0,0.0
76561197982581727,1.0,0.0
76561198022108970,0.0,0.0
76561198057283373,1.0,1.0
76561198053369031,0.0,0.0
76561198002675684,1.0,1.0
76561197999551579,1.0,0.0
76561198000244134,1.0,1.0
76561198350131628,1.0,1.0
76561198120205812,1.0,1.0
76561198103107523,1.0,0.0
76561197988952844,1.0,0.0
76561198310732641,0.0,0.0
76561198004047552,0.0,0.0
76561197994490484,1.0,1.0
76561198058925468,1.0,0.0
76561198396994655,1.0,1.0
76561197979230085,0.0,0.0
76561198000257721,0.0,0.0
76561198025693599,1.0,0.0
76561198062227632,1.0,1.0
76561199156984115,0.0,0.0
76561197960292807,0.0,0.0
76561198039801595,1.0,1.0
76561199025878824,1.0,1.0
76561197962368812,0.0,0.0
76561198111824451,1.0,1.0
76561197980583850,0.0,0.0
76561198144155929,0.0,0.0
76561198062552118,1.0,1.0
76561197995168435,1.0,1.0
76561198052847275,1.0,1.0
76561197993891197,0.0,0.0
76561198304465551,1.0,1.0
76561197985318459,1.0,1.0
76561198399780165,0.0,0.0
76561197982243076,0.0,0.0
76561198072381855,0.0,0.0
76561197966242763,0.0,0.0
76561198079227501,1.0,1.0
76561198118369799,0.0,0.0
76561197965734753,1.0,1.0
76561197987689379,0.0,0.0
76561197960457558,1.0,1.0
76561198024246936,1.0,1.0
76561197981126199,0.0,0.0
76561198092589447,1.0,1.0
76561197972799925,1.0,1.0
76561197965144411,1.0,1.0
76561198069672812,0.0,0.0
76561198114624558,0.0,0.0
76561197979751856,1.0,1.0
76561198023616180,1.0,0.0
76561197995657648,1.0,1.0
76561198418220292,1.0,1.0
76561198036500990,1.0,0.0
76561198043832583,1.0,0.0
76561198127495504,0.0,0.0
76561198430143692,1.0,1.0
76561198011246742,0.0,0.0
76561197979549440,0.0,0.0
76561197990012301,1.0,1.0
76561197999106555,1.0,1.0
76561198014485998,1.0,1.0
76561198036279598,1.0,1.0
76561198044395197,0.0,0.0
76561198000307034,0.0,0.0
76561198333271860,0.0,0.0
76561199149239646,0.0,0.0
76561198015481934,1.0,1.0
76561197992012153,1.0,1.0
76561198018137472,0.0,0.0
76561198061899489,1.0,1.0
76561198026940701,1.0,0.0
76561197987154693,0.0,0.0
76561197970435029,0.0,0.0
76561197995105260,1.0,1.0
76561198078423165,1.0,1.0
76561197976287656,1.0,1.0
76561198152618007,1.0,0.0
76561197992906798,0.0,0.0
76561198088747537,0.0,0.0
76561198025298276,1.0,0.0
76561198000630472,0.0,0.0
76561198102215048,0.0,0.0
76561198046436357,0.0,0.0
76561198002983121,1.0,1.0
76561198038479125,0.0,0.0
76561197975797010,1.0,1.0
76561197972168329,0.0,0.0
76561198039452938,1.0,1.0
76561198103866743,1.0,1.0
76561198414768551,0.0,0.0
76561198026395147,1.0,1.0
76561197988234566,1.0,0.0
76561198074361885,1.0,1.0
76561198018555921,1.0,1.0
76561197989544294,1.0,1.0
76561197992943381,0.0,0.0
76561198084374770,0.0,0.0
76561197993525512,1.0,1.0
76561198002334372,1.0,0.0
76561198047503544,0.0,0.0
76561198042052301,1.0,0.0
76561198081481766,1.0,0.0
76561198072532181,0.0,0.0
76561197960799782,1.0,0.0
76561198067608206,1.0,1.0
76561198063601821,0.0,0.0
76561198007169304,0.0,0.0
76561198052111779,0.0,0.0
76561198019708471,,
76561197966158801,,
76561197988610065,,
76561198044602606,,
76561198063900962,,
76561198015723798,,
76561198008471908,,
76561198029319505,,
76561198051940006,,
76561198013729168,,
76561197991133436,,
76561198055597355,,
76561198283785877,,
76561197969362616,,
76561198087323350,,
76561197994309228,,
76561198010505891,,
76561198046610907,,
76561198002562120,,
76561197960271989,,
76561197987673251,,
76561197979750959,,
76561198064893984,,
76561198234227036,,
76561198068768921,,
76561197969371254,,
76561198022212313,,
76561198008185874,,
76561197994851017,,
76561198005265551,,
76561198050210437,,
76561198016444009,,
76561197986353054,,
76561198037089044,,
76561199157449570,,
76561198072257250,,
76561198097953835,,
76561198008480668,,
76561198030429890,,
76561197971812565,,
76561198094411705,,
76561198256110677,,
76561197987211098,,
76561197966617426,,
76561198068379896,,
76561198006873223,,
76561197969052165,,
76561198043115858,,
76561198009013127,,
76561197968152343,,
76561198082721790,,
76561197987280970,,
76561198019654323,,
76561198023921203,,
76561198058737972,,
76561198090778750,,
76561198022971777,,
76561198846308272,,
76561198350914535,,
76561197967449126,,
76561198047112621,,
76561198113666471,,
76561198082831860,,
76561198056116324,,
76561198108562053,,
76561198053777519,,
76561198077242222,,
76561198013178966,,
76561197971161876,,
76561198052514327,,
76561197979439703,,
76561198983696927,,
76561198124544984,,
76561197975231961,,
76561197975024178,,
76561197981942241,,
76561198034077967,,
76561198265319109,,
76561197965075581,,
76561197970322382,,
76561197983969530,,
76561198043480817,,
76561198035961744,,
76561198025841721,,
76561198062301135,,
76561198178654229,,
76561198045228449,,
76561198047882270,,
76561197970339633,,
76561198106892734,,
76561198072917499,,
76561198051194713,,
76561198283311708,,
76561198009293263,,
76561197979235430,,
76561198027880845,,
76561198075466721,,
76561197960905909,,
76561197972150531,,
76561197967578704,,
76561198038980489,,
76561198115840410,,
76561198033162411,,
76561198027845176,,
76561198010206173,,
76561198058819470,,
76561198002466205,,
76561198049429715,,
76561198009555744,,
76561198025014146,,
76561198078599118,,
76561198106312728,,
76561198007268396,,
76561198056909695,,
76561198020746864,,
76561197969915893,,
76561197971110737,,
76561198853788453,,
76561198077444730,,
76561198035661426,,
76561198071127906,,
76561197986562887,,
76561198112768847,,
76561198044561633,,
76561198047070953,,
76561197990737869,,
76561198018185345,,
76561198092803383,,
76561198448119212,,
76561198327228070,,
76561197975391677,,
76561198112795258,,
76561197970307937,,
76561198064860636,,
76561198058577517,,
76561198050033018,,
76561198063836659,,
76561197977887760,,
76561197991952155,,
76561197994553754,,
76561197970799580,,
76561198036709917,,
76561198275228651,,
76561198136898080,,
76561198074312582,,
76561198121922929,,
76561198032497313,,
76561197978582795,,
76561198002027418,,
76561198870293187,,
76561198003884104,,
76561198041228105,,
76561198123726975,,
76561198082031773,,
76561198045553085,,
76561198084941880,,
76561197972040704,,
76561197995290159,,
76561197985754559,,
76561198366885777,,
76561199048307659,,
76561198061737345,,
76561198317974070,,
76561198047169991,,
76561198004200033,,
76561198021447905,,
76561198015459681,,
76561197961521131,,
76561197990986751,,
76561198017293639,,
76561197984266556,,
76561198015223061,,
76561198085369626,,
76561198112780782,,
76561198040505023,,
76561198067986413,,
76561197991015284,,
76561198032741304,,
76561198090392864,,
76561197992256813,,
76561198007921883,,
76561198044839188,,
76561197997317410,,
76561198139094658,,
76561198021570635,,
76561198079100870,,
76561198002139581,,
76561197970675272,,
76561198008266904,,
76561197975423892,,
76561198021180815,,
76561197960301580,,
76561197987723270,,
76561198005164856,,
76561198185428926,,
76561198004400320,,
76561198001570772,,
76561198042484540,,
76561198350751373,,
76561198016002068,,
76561198098126299,,
76561198000777924,,
76561198805739359,,
76561198017551313,,
76561198015528525,,
76561197992462053,,
76561197990317825,,
76561197993824256,,
76561198032150922,,
76561198022249429,,
76561198026265094,,
76561198000878931,,
76561198036587242,,
76561198075851949,,
76561198253459984,,
76561198003795142,,
76561197998493121,,
76561198033586126,,
76561198163992822,,
76561197985415939,,
76561198016628406,,
76561197986793562,,
76561198047723336,,
76561198272008631,,
76561198092364177,,
76561198057942218,,
76561197996251755,,
76561198055786013,,
76561198093566128,,
76561198136979501,,
76561197977546112,,
76561198044440062,,
76561198018528411,,
76561198028091020,,
76561198104873334,,
76561198194518970,,
76561198006139550,,
76561198064197954,,
76561198055347700,,
76561198105878460,,
76561197992375357,,
76561198075767343,,
76561198144877447,,
76561197995140097,,
76561198056049695,,
76561198044565579,,
76561198014216780,,
76561197970603931,,
76561198048426865,,
76561197974340402,,
76561198020691641,,
76561197999781615,,
76561198189249125,,
76561198289298559,,
76561198027883320,,
76561198142368840,,
76561197987924419,,
76561198029502901,,
76561198029988932,,
76561198044632046,,
76561198180130274,,
76561198039392732,,
76561198000300198,,
76561198071654352,,
76561198059783270,,
76561197963079401,,
76561197983563655,,
76561198003693447,,
76561198016432154,,
76561198044145867,,
76561198024968498,,
76561197998138780,,
76561198017346926,,
76561198018813445,,
76561197998833800,,
76561198066612518,,
76561197970236696,,
76561198393951755,,
76561198114416494,,
76561198085791383,,
76561198000374639,,
76561197983064780,,
76561197971044263,,
76561198063997290,,
76561198013412947,,
76561198048392507,,
76561198059995031,,
76561198005809060,,
76561197969382396,,
76561198026615548,,
76561197976630871,,
76561198006884123,,
76561198013939675,,
76561198048520451,,
76561198035363738,,
76561197988417915,,
76561198393004695,,
76561198035717993,,
76561197993515847,,
76561197976937799,,
76561198013890689,,
76561197996411349,,
76561198020436634,,
76561197993698981,,
76561198815618606,,
76561197992836882,,
76561198000077663,,
76561198025620038,,
76561197986841895,,
76561197999053066,,
76561198052015617,,
76561197967370369,,
76561198075224791,,
76561199033013466,,
76561198061218534,,
76561198074783402,,
76561198041034384,,
76561198142817702,,
76561198043905851,,
76561198073707026,,
76561198032349132,,
76561198028719903,,
76561198025793089,,
76561198015767203,,
76561198133218756,,
76561198058115931,,
76561197968511678,,
76561197985946541,,
76561198029996726,,
76561197960374601,,
76561198016331152,,
76561198066739435,,
76561198003231683,,
76561198138017493,,
76561197996597984,,
76561197994616562,,
76561198013723509,,
76561198034218764,,
76561198826748776,,
76561197987084546,,
76561197964889395,,
76561198000863979,,
76561198026989379,,
76561198140465553,,
76561198053710885,,
76561198001116101,,
76561198143491401,,
76561198073540985,,
76561197995142744,,
76561197974318375,,
76561198089235746,,
76561197982332228,,
76561197994963383,,
76561198060721962,,
76561198162663393,,
76561197996624047,,
76561198284672300,,
76561198188321818,,
76561198000015568,,
76561198048689582,,
76561197960769312,,
76561198160078610,,
76561198061493460,,
76561198193136631,,
76561197964671909,,
76561198017813293,,
76561197998961605,,
76561198005025910,,
76561198063902227,,
76561198011903621,,
76561198028070463,,
76561197980160533,,
76561197977796719,,
76561198003365406,,
76561198002516604,,
76561198008486113,,
76561198075674749,,
76561197990183727,,
76561198067708484,,
76561197996160525,,
76561197992016121,,
76561198021191194,,
76561198066325869,,
76561198080730041,,
76561198001271805,,
76561197996865611,,
76561198092998254,,
