steamid,idx
76561198037802252,0
76561197969100147,1
76561198833431225,2
76561198033263509,3
76561198040600573,4
76561198098132374,5
76561198025391492,6
76561198219728397,7
76561198025859378,8
76561197997697109,9
76561198261994200,10
76561198118371170,11
76561198012557600,12
76561198132235994,13
76561199223078836,14
76561198842269103,15
76561198118421272,16
76561198113457184,17
76561198003319092,18
76561198018420672,19
76561198028125071,20
76561199266591526,21
76561198042619868,22
76561198300270231,23
76561198851670847,24
76561198185575257,25
76561198063348352,26
76561198005648447,27
76561198033338283,28
76561197988167503,29
76561198015749826,30
76561198172925593,31
76561197999339700,32
76561199419240894,33
76561198115009354,34
76561197979667190,35
76561197966690560,36
76561198433683621,37
76561198323009493,38
76561198087089368,39
76561197995828394,40
76561198236381260,41
76561198092042574,42
76561198022898802,43
76561198011979289,44
76561198167940370,45
76561197969417973,46
76561197985841875,47
76561199024473554,48
76561198033808029,49
76561198094413234,50
76561198335061024,51
76561197970389924,52
76561198040178115,53
76561198353518467,54
76561198051177321,55
76561198083787826,56
76561198046878168,57
76561198000388603,58
76561198174102790,59
76561198025111129,60
76561197995281961,61
76561199158305270,62
76561198006766715,63
76561198018254158,64
76561198033624455,65
76561197976469696,66
76561197994575642,67
76561198067208458,68
76561198840301773,69
76561198197031430,70
76561198025618418,71
76561198047414009,72
76561198344068866,73
76561198081999502,74
76561198153525620,75
76561198275649621,76
76561197990481530,77
76561198217979953,78
76561198041885150,79
76561198128578271,80
76561197962838085,81
76561198081008157,82
76561197989446733,83
76561198057078777,84
76561197967540452,85
76561198083142373,86
76561198024926277,87
76561198159216159,88
76561198054004608,89
76561197997946137,90
76561198079772364,91
76561197993579927,92
76561198339323993,93
76561198023327915,94
76561198080349814,95
76561198001873585,96
76561198971959226,97
76561198058291396,98
76561199257765441,99
76561198042773556,100
76561198187410553,101
76561198000413287,102
76561198048285800,103
76561198032591844,104
76561198843434426,105
76561197976602082,106
76561198352272979,107
76561197971204006,108
76561198004006226,109
76561198994062628,110
76561198060410834,111
76561198407772607,112
76561198034096440,113
76561198041298094,114
76561198207088253,115
76561198043828654,116
76561197997112174,117
76561198368799839,118
76561198995500311,119
76561198007609033,120
76561198102700771,121
76561198023116710,122
76561198062505918,123
76561197990233857,124
76561199141671103,125
76561198059307202,126
76561197998096051,127
76561198058416969,128
76561199208306587,129
76561198074783710,130
76561198049840570,131
76561198133918114,132
76561197982946417,133
76561197999659168,134
76561198035780173,135
76561198025146852,136
76561198011389008,137
76561198000711279,138
76561198057329243,139
76561198162399308,140
76561198049291468,141
76561198055326676,142
76561197993279741,143
76561198120468864,144
76561198200337814,145
76561198102380468,146
76561198059373650,147
76561197977010834,148
76561198161507346,149
76561198161310076,150
76561198160320827,151
76561198076917180,152
76561198173819274,153
76561198009474997,154
76561198187763739,155
76561198007759830,156
76561198165492519,157
76561198049211014,158
76561197981111953,159
76561198870916350,160
76561198821184379,161
76561199053439300,162
76561198249392362,163
76561198121098268,164
76561198041689171,165
76561197974925353,166
76561198130370824,167
76561198001500827,168
76561198350365789,169
76561198000000375,170
76561198015859524,171
76561198026716698,172
76561198858649255,173
76561198404991183,174
76561198065617084,175
76561198081257465,176
76561198019184877,177
76561198119650667,178
76561198019621629,179
76561197964914532,180
76561198067040444,181
76561199032279097,182
76561197972616894,183
76561198089139675,184
76561198441849452,185
76561197979803978,186
76561197998949214,187
76561197982617834,188
76561198050890851,189
76561198093999461,190
76561197991757040,191
76561198041891495,192
76561199139776481,193
76561197961864608,194
76561198338219143,195
76561198126267465,196
76561197993312863,197
76561198112672661,198
76561198096609152,199
76561198991688065,200
76561197964134665,201
76561198350679649,202
76561197996943649,203
76561199383273506,204
76561199149568784,205
76561197960643486,206
76561198025038660,207
76561198046621479,208
76561197970812258,209
76561198025223542,210
76561198029262157,211
76561198024038675,212
76561197997788394,213
76561198125238941,214
76561198136969425,215
76561198078497262,216
76561198274950775,217
76561198039417534,218
76561198041625770,219
76561198028922089,220
76561198118069340,221
76561197967055456,222
76561198004859223,223
76561198002555892,224
76561197979911851,225
76561198878464160,226
76561198101049562,227
76561198073789253,228
76561198162235689,229
76561198087088306,230
76561198333940820,231
76561197991361144,232
76561198098080821,233
76561198043898087,234
76561197972542742,235
76561198039198161,236
76561198121398682,237
76561198030273896,238
76561198027904347,239
76561198016344025,240
76561198043720348,241
76561198095241695,242
76561199182283731,243
76561198007802153,244
76561197985000161,245
76561198020051378,246
76561198061023307,247
76561197985269540,248
76561198015904504,249
76561198097498028,250
76561198025257831,251
76561197991991520,252
76561198137376448,253
76561198280830500,254
76561197980206308,255
76561198046242117,256
76561198058781656,257
76561198056047449,258
76561198045737785,259
76561198438963871,260
76561197979084213,261
76561197961621019,262
76561197993745077,263
76561197995594353,264
76561198068270261,265
76561197996741382,266
76561198102339835,267
76561198002839561,268
76561198066148879,269
76561198036468361,270
76561198003093454,271
76561198021536460,272
76561197973883957,273
76561197978114813,274
76561198273331891,275
76561198143892061,276
76561198019078835,277
76561198352269269,278
76561197991141199,279
76561197991213990,280
76561198150023286,281
76561198035848155,282
76561197972436190,283
76561199090560394,284
76561198046588672,285
76561197980146038,286
76561198021038522,287
76561198042395850,288
76561198092017683,289
76561198969624940,290
76561198014470876,291
76561199528084889,292
76561198010287383,293
76561198257422651,294
76561198040923840,295
76561198040161412,296
76561198049304391,297
76561197999392948,298
76561198016019048,299
76561197995138062,300
76561198083915913,301
76561198046680021,302
76561197965388486,303
76561198079972348,304
76561198030926535,305
76561198023794868,306
76561198017401678,307
76561198046978149,308
76561197982507630,309
76561197981690710,310
76561198351577048,311
76561198023114147,312
76561198050615194,313
76561198139084236,314
76561198340310727,315
76561198059395340,316
76561198051745012,317
76561197991715731,318
76561198170269198,319
76561197994164612,320
76561198000619480,321
76561197971320635,322
76561197994014911,323
76561198021125310,324
76561197999726935,325
76561198078361063,326
76561197997740965,327
76561197972344657,328
76561198080141083,329
76561198045195189,330
76561198379883679,331
76561198963491346,332
76561197970761123,333
76561197979042906,334
76561198041080728,335
76561199444502697,336
76561198040296837,337
76561198331237133,338
76561198384351293,339
76561197969158018,340
76561198091484468,341
76561198031679484,342
76561198078207454,343
76561198048453468,344
76561198030408706,345
76561198030118274,346
76561198023692991,347
76561198019563370,348
76561198104557457,349
76561197963040896,350
76561198358116112,351
76561197989807190,352
76561198347518030,353
76561198024546321,354
76561198063268722,355
76561198008037678,356
76561198081293192,357
76561197960436666,358
76561198000667675,359
76561198016649670,360
76561197974783215,361
76561198091577049,362
76561197993881753,363
76561198291929988,364
76561198121767373,365
76561198005601881,366
76561198430643843,367
76561198258479693,368
76561198028706134,369
76561198018148205,370
76561198009108702,371
76561197999807713,372
76561198141336830,373
76561198100398836,374
76561198118604647,375
76561198042633209,376
76561197975567911,377
76561198308478763,378
76561198025445358,379
76561197988262272,380
76561198059515974,381
76561198063952731,382
76561197992700592,383
76561198027112798,384
76561198062600893,385
76561198146593189,386
76561198036891788,387
76561197991231880,388
76561198070644433,389
76561198060563982,390
76561198004842665,391
76561198262904340,392
76561198314442358,393
76561197998666522,394
76561198081961727,395
76561197971115174,396
76561198061449064,397
76561198044371709,398
76561198090812798,399
76561198041506271,400
76561198808556952,401
76561198078103345,402
76561198067261759,403
76561198156021248,404
76561198200501842,405
76561197979718121,406
76561199198032723,407
76561198045407759,408
76561197965325226,409
76561197964473408,410
76561198006697906,411
76561198085529088,412
76561199055203334,413
76561197971359239,414
76561198029028690,415
76561197989086731,416
76561197966873544,417
76561198035201897,418
76561198021940873,419
76561198064410530,420
76561198060934212,421
76561198066153480,422
76561198046743901,423
76561198060628914,424
76561197970479807,425
76561198062901118,426
76561198042619229,427
76561197988672858,428
76561198051675786,429
76561198153444879,430
76561198090664778,431
76561198042978992,432
76561199147591258,433
76561198091409638,434
76561198004418141,435
76561198089801281,436
76561198013205483,437
76561197993397600,438
76561198035422338,439
76561198017412459,440
76561197978037893,441
76561198059306658,442
76561198030808810,443
76561198121733143,444
76561198026840458,445
76561198066765397,446
76561198028015677,447
76561198093579202,448
76561198010181228,449
76561198081301799,450
76561197962545891,451
76561197968671893,452
76561198038939593,453
76561198308952236,454
76561198097690532,455
76561198074104374,456
76561198282411763,457
76561198042896883,458
76561197996707987,459
76561198075820042,460
76561198059216394,461
76561197994839062,462
76561198044386667,463
76561197965964690,464
76561198128679947,465
76561198056893819,466
76561198160775754,467
76561198143142509,468
76561198112880157,469
76561198019521530,470
76561198024823934,471
76561198046474043,472
76561198133372348,473
76561198078528278,474
76561198031919117,475
76561198043996154,476
76561198002399439,477
76561198078178103,478
76561198046206792,479
76561198142797852,480
76561198128785478,481
76561198000257885,482
76561198136277601,483
76561198039031102,484
76561198320249287,485
76561198077644112,486
76561198039406214,487
76561197979934386,488
76561198821331009,489
76561199004069906,490
76561198201155765,491
76561198037887754,492
76561198075984299,493
76561197963394136,494
76561198273926288,495
76561197994079927,496
76561198063392506,497
76561199246239668,498
76561198437120190,499
76561198024812661,500
76561198019020335,501
76561197983524304,502
76561198095807119,503
76561198025670883,504
76561198060871246,505
76561197998180632,506
76561198103123646,507
76561197963714403,508
76561198047975581,509
76561198370061003,510
76561199200862532,511
76561198060639097,512
76561197988052802,513
76561197998337907,514
76561198020067850,515
76561198179992770,516
76561198063563156,517
76561199023324482,518
76561198003183913,519
76561198060913953,520
76561197960799550,521
76561198067439789,522
76561198044890610,523
76561197998179570,524
76561197991425851,525
76561198007536546,526
76561197963212954,527
76561198397907105,528
76561198054553341,529
76561198064609090,530
76561198263784049,531
76561198066543155,532
76561199101355475,533
76561197972179425,534
76561197971643307,535
76561198026465332,536
76561197977654536,537
76561198002874064,538
76561197993215917,539
76561198112009549,540
76561197986775284,541
76561197975931257,542
76561198046360202,543
76561198373611339,544
76561198299988956,545
76561198082623478,546
76561198004393508,547
76561198042611397,548
76561197997124628,549
76561198018742597,550
76561198042923150,551
76561198309762695,552
76561197992274874,553
76561198108831399,554
76561199107784153,555
76561198051089903,556
76561197977122167,557
76561198868119380,558
76561198135780449,559
76561198388606792,560
76561198052481833,561
76561198013261863,562
76561198302923503,563
76561197997240220,564
76561198097666040,565
76561198064409203,566
76561198025463060,567
76561197960902680,568
76561198086556743,569
76561197962737643,570
76561198001622086,571
76561198022807781,572
76561197970532816,573
76561197972731767,574
76561197962974319,575
76561199010174438,576
76561198125123765,577
76561198003078338,578
76561198043607469,579
76561198053475768,580
76561197974742349,581
76561198263506056,582
76561199376571327,583
76561198073191426,584
76561198066945046,585
76561197987034326,586
76561199108437662,587
76561198136397211,588
76561198120594540,589
76561198353841721,590
76561197987296023,591
76561197990384173,592
76561198048964461,593
76561197998105505,594
76561198036102917,595
76561198116820015,596
76561198101432241,597
76561198946305329,598
76561198052442092,599
76561198018534147,600
76561198003213686,601
76561198000562069,602
76561199005596744,603
76561198053605081,604
76561198029023990,605
76561197972745621,606
76561198385306369,607
76561198065699464,608
76561197963550511,609
76561197960485586,610
76561198031220488,611
76561198087733716,612
76561198013143519,613
76561198011348528,614
76561198974195624,615
76561197974283794,616
76561197971576301,617
76561197971348591,618
76561198066018764,619
76561198000459192,620
76561198025796747,621
76561198052125808,622
76561197978965270,623
76561198152365403,624
76561197989187753,625
76561198078952194,626
76561197971981160,627
76561198081156647,628
76561198381239848,629
76561197971437698,630
76561198075749816,631
76561198020850053,632
76561198871277392,633
76561198193698835,634
76561198015122447,635
76561198119652767,636
76561198061438211,637
76561198026221093,638
76561198140831121,639
76561198029593271,640
76561198013680011,641
76561197985238561,642
76561197988445370,643
76561197990912078,644
76561198067950201,645
76561198169462091,646
76561198005871916,647
76561197982655680,648
76561197988437395,649
76561198092258220,650
76561197985194039,651
76561197960393604,652
76561198028866149,653
76561198077248235,654
76561197970850127,655
76561198112313168,656
76561197978017307,657
76561197986862386,658
76561198034698530,659
76561197987212565,660
76561198041323297,661
76561197961048460,662
76561199086098585,663
76561198048430200,664
76561198864851315,665
76561198162722657,666
76561198029049127,667
76561198178557050,668
76561198282335679,669
76561198124738753,670
76561197967576247,671
76561198003048979,672
76561198021422660,673
76561198096655954,674
76561198273714027,675
76561198192866085,676
76561198022852314,677
76561199041710124,678
76561198023791161,679
76561198034574711,680
76561198856841858,681
76561198096019960,682
76561197989342663,683
76561198366638721,684
76561198068624982,685
76561198173634835,686
76561199211843965,687
76561197991243081,688
76561197987453398,689
76561198145427903,690
76561197962061039,691
76561198003246975,692
76561198093799893,693
76561198343765519,694
76561197994729999,695
76561198089950070,696
76561198036984413,697
76561197998776409,698
76561198021436484,699
76561198047270545,700
76561198029925667,701
76561198024981381,702
76561198002956670,703
76561197976001012,704
76561198322530254,705
76561198009471319,706
76561198148591890,707
76561198066694652,708
76561197992174178,709
76561197967503679,710
76561197969991065,711
76561198064614327,712
76561197989999060,713
76561198149424034,714
76561198065795715,715
76561198023073191,716
76561197987755126,717
76561198187580027,718
76561198279067706,719
76561198044531564,720
76561198249063862,721
76561198065892602,722
76561197982720629,723
76561197966618551,724
76561198972315676,725
76561197970340464,726
76561197993529677,727
76561198089611316,728
76561198036541930,729
76561198242439926,730
76561198288035657,731
76561197974786730,732
76561197990093159,733
76561198000935729,734
76561198027214426,735
76561199143126237,736
76561197964454963,737
76561198075447635,738
76561198022620733,739
76561198076999456,740
76561198033103032,741
76561197981732215,742
76561197969604501,743
76561198050854730,744
76561198051733124,745
76561198084092954,746
76561197970312414,747
76561198054960169,748
76561198006268674,749
76561197984235967,750
76561198029374030,751
76561197970377585,752
76561197978569122,753
76561198071922719,754
76561198403370432,755
76561198029800969,756
76561198119104567,757
76561197975942806,758
76561198879557541,759
76561197962767542,760
76561197964222909,761
76561197984813768,762
76561198142329708,763
76561197991584508,764
76561198078498143,765
76561198079213042,766
76561198861426666,767
76561198299932182,768
76561198262860208,769
76561198000574093,770
76561197989374217,771
76561198016291889,772
76561198006268774,773
76561199095412999,774
76561198028385225,775
76561198082995144,776
76561197987089584,777
76561198993697628,778
76561198074195807,779
76561197972256700,780
76561198857139749,781
76561198080106269,782
76561197982570032,783
76561198001537536,784
76561197965165543,785
76561198286311746,786
76561198034385973,787
76561197966930309,788
76561198034536984,789
76561198017412419,790
76561198275249113,791
76561197995434036,792
76561198030225688,793
76561198024958702,794
76561198031837797,795
76561197995588045,796
76561197978201633,797
76561198005230618,798
76561197960405174,799
76561198086107514,800
76561198004595236,801
76561198834458897,802
76561198170081071,803
76561197998617324,804
76561197963473450,805
76561198053070206,806
76561198030277114,807
76561198083931265,808
76561199089502145,809
76561198176059619,810
76561198119067891,811
76561197979169919,812
76561198196483042,813
76561198882715997,814
76561198416224768,815
76561198007989044,816
76561198072678486,817
76561198020203467,818
76561198216975279,819
76561198057945441,820
76561199174906677,821
76561198077603629,822
76561198072129087,823
76561198049442527,824
76561198011368261,825
76561198004754538,826
76561197994774108,827
76561198025781024,828
76561198035188248,829
76561198844550932,830
76561198002973360,831
76561197982606807,832
76561198112667420,833
76561197994120127,834
76561198028056626,835
76561198292739838,836
76561197960351734,837
76561198230358608,838
76561197984900990,839
76561199078295060,840
76561198002734128,841
76561198090598330,842
76561198028421529,843
76561198007220143,844
76561198092221120,845
76561198045925412,846
76561198261798215,847
76561198134870681,848
76561198120101132,849
76561197960547315,850
76561198038056805,851
76561198010323350,852
76561198008085425,853
76561197962287503,854
76561198048979421,855
76561198971397766,856
76561198084691345,857
76561198013566220,858
76561198855518804,859
76561198057552595,860
76561198133361926,861
76561198973499974,862
76561197970792411,863
76561198049212147,864
76561198109871307,865
76561198055677691,866
76561198036714867,867
76561198180549481,868
76561197996503861,869
76561197966479359,870
76561198881358611,871
76561198051227320,872
76561198067347675,873
76561198004434208,874
76561198026506133,875
76561198035839569,876
76561198104956330,877
76561198121716572,878
76561197970423195,879
76561198066519820,880
76561198007893547,881
76561198037085103,882
76561198044596404,883
76561198057498761,884
76561197982793768,885
76561198978667010,886
76561198170985497,887
76561198036803371,888
76561198428261375,889
76561198218497305,890
76561198009744465,891
76561198083542059,892
76561197979840461,893
76561197979584400,894
76561198117798611,895
76561197972482791,896
76561198163638022,897
76561198006725990,898
76561198040779532,899
76561198040802503,900
76561198071227141,901
76561197993435132,902
76561198252374474,903
76561198044196794,904
76561198070472588,905
76561197975257757,906
76561198074545639,907
76561198040014019,908
76561198045763826,909
76561198005235749,910
76561197998816333,911
76561198014817175,912
76561197980688855,913
76561198320882872,914
76561197989217266,915
76561198087759720,916
76561198309643622,917
76561198408792535,918
76561197970356119,919
76561198052138190,920
76561198002805794,921
76561197970964921,922
76561198009015400,923
76561197970724214,924
76561198102780049,925
76561197972654006,926
76561197985021868,927
76561198117143056,928
76561197996919908,929
76561198052850469,930
76561198049902675,931
76561198027036398,932
76561198256592614,933
76561198009717070,934
76561197988922281,935
76561198014974789,936
76561197995165956,937
76561198049775783,938
76561198016838181,939
76561198036256662,940
76561197994872286,941
76561198041379206,942
76561198010001511,943
76561197962613337,944
76561199335324815,945
76561198139908577,946
76561198001371079,947
76561197960335311,948
76561198011629103,949
76561198047441723,950
76561198038556165,951
76561198411619208,952
76561197995083097,953
76561197960332616,954
76561198176116389,955
76561198058253727,956
76561198048076196,957
76561198039886147,958
76561198179319487,959
76561198047884970,960
76561198043228049,961
76561198026912448,962
76561198047167723,963
76561198028528793,964
76561198006248231,965
76561198272335001,966
76561198022855642,967
76561198012881777,968
76561197998843219,969
76561198354970828,970
76561198167529479,971
76561198042574421,972
76561198051840144,973
76561198081415408,974
76561198802661056,975
76561199082492152,976
76561197970675024,977
76561198142453927,978
76561198034154230,979
76561197970791672,980
76561198031357094,981
76561198256939238,982
76561197971565582,983
76561198030516476,984
76561197982079483,985
76561198035010599,986
76561198027177776,987
76561198377078331,988
76561199155925991,989
76561198076550948,990
76561197998116681,991
76561198040105839,992
76561198011839810,993
76561198047015315,994
76561198082363887,995
76561197976301865,996
76561198086929527,997
76561198082583564,998
76561198049807324,999
76561198087733049,1000
76561197985194605,1001
76561199192541357,1002
76561198314093601,1003
76561198009198554,1004
76561198031418338,1005
76561198023531599,1006
76561198013104879,1007
76561199118509524,1008
76561198121273308,1009
76561197986188338,1010
76561199163346378,1011
76561197977451417,1012
76561198068088128,1013
76561198043982405,1014
76561198016012993,1015
76561198111678291,1016
76561198004427256,1017
76561198077330311,1018
76561198017899277,1019
76561197960286640,1020
76561197979933859,1021
76561198025213357,1022
76561198219343843,1023
76561198045337433,1024
76561198006847847,1025
76561198255569062,1026
76561197985289753,1027
76561198029732166,1028
76561197989786789,1029
76561198014882529,1030
76561198141806754,1031
76561198052646182,1032
76561198062877029,1033
76561198381755148,1034
76561198019197628,1035
76561198453112271,1036
76561198245563714,1037
76561198892590685,1038
76561198027732341,1039
76561197998444372,1040
76561198009854709,1041
76561198303080182,1042
76561197998883514,1043
76561197985705987,1044
76561198084178836,1045
76561198074190161,1046
76561198004429817,1047
76561198389608699,1048
76561198067953510,1049
76561198195538677,1050
76561198068736110,1051
76561197996115754,1052
76561199012979176,1053
76561198917169897,1054
76561198025540438,1055
76561198888516076,1056
76561197970493829,1057
76561198052241443,1058
76561198067031569,1059
76561198008860688,1060
76561198043251650,1061
76561198205968384,1062
76561197973942166,1063
76561198917350605,1064
76561198061291431,1065
76561198002794497,1066
76561198061305249,1067
76561198282831248,1068
76561198090967045,1069
76561197965333589,1070
76561198016438920,1071
76561198060685657,1072
76561198027667124,1073
76561198040884867,1074
76561198098604636,1075
76561198147470922,1076
76561197992783558,1077
76561198027616389,1078
76561198058164023,1079
76561198003498437,1080
76561198180063266,1081
76561198010594992,1082
76561198281175891,1083
76561198037003719,1084
76561198105192566,1085
76561197971164024,1086
76561197989383643,1087
76561198071692863,1088
76561198215096428,1089
76561198065877448,1090
76561198035849045,1091
76561198036995672,1092
76561198030756323,1093
76561198932467574,1094
76561198005996565,1095
76561198158905982,1096
76561198006900269,1097
76561198032550800,1098
76561198051639199,1099
76561198055487656,1100
76561198032729607,1101
76561198011659425,1102
76561197986568026,1103
76561198016615227,1104
76561198163139044,1105
76561198164951219,1106
76561198064728961,1107
76561198280062215,1108
76561198071967202,1109
76561198286642793,1110
76561197970539317,1111
76561197995378175,1112
76561198033206748,1113
76561198030888094,1114
76561198101771814,1115
76561197988903500,1116
76561198031008457,1117
76561197987808170,1118
76561197992121541,1119
76561198027233260,1120
76561197966468553,1121
76561197960759094,1122
76561198008799342,1123
76561198038673878,1124
76561198021653480,1125
76561198033195205,1126
76561198339086631,1127
76561198334489413,1128
76561198069376148,1129
76561198043488004,1130
76561198006236281,1131
76561198052273764,1132
76561198014788793,1133
76561198020313592,1134
76561198001080350,1135
76561197991657927,1136
76561198119121871,1137
76561198403797702,1138
76561197973472887,1139
76561198046979629,1140
76561198004116274,1141
76561198123790631,1142
76561197996710217,1143
76561197960366517,1144
76561198066718773,1145
76561198843841573,1146
76561198010028217,1147
76561198096194280,1148
76561198047794531,1149
76561198256827513,1150
76561198141517257,1151
76561198091160098,1152
76561198263705541,1153
76561198002493801,1154
76561198047455579,1155
76561197999304281,1156
76561198034493521,1157
76561198993846706,1158
76561198088163711,1159
76561198406771630,1160
76561198051919234,1161
76561198025334646,1162
76561198074137064,1163
76561198068979743,1164
76561197963135603,1165
76561198123613712,1166
76561198036933650,1167
76561198019124682,1168
76561198077651994,1169
76561197989848084,1170
76561197996753153,1171
76561197985011830,1172
76561198013038909,1173
76561198110110963,1174
76561197989964238,1175
76561198163792761,1176
76561197963695471,1177
76561199186497927,1178
76561198064082850,1179
76561198037510530,1180
76561197960384929,1181
76561198031209270,1182
76561198811114019,1183
76561197999843190,1184
76561197962202166,1185
76561198117359053,1186
76561198024735043,1187
76561197967628180,1188
76561197988118202,1189
76561197999359919,1190
76561198050468382,1191
76561197969226943,1192
76561197961444200,1193
76561198000877379,1194
76561198017069455,1195
76561198062255168,1196
76561197975440895,1197
76561197995240388,1198
76561198106145311,1199
76561197984916346,1200
76561197965244835,1201
76561198041031091,1202
76561198047517097,1203
76561199086020529,1204
76561198077387115,1205
76561198103648546,1206
76561197972625086,1207
76561199109080778,1208
76561198213368405,1209
76561198003232563,1210
76561198043892935,1211
76561198012913284,1212
76561198105390244,1213
76561198085422954,1214
76561198296685552,1215
76561198071221914,1216
76561198023114816,1217
76561197971424010,1218
76561198108620000,1219
76561198015279263,1220
76561198025375592,1221
76561198067054277,1222
76561197978785613,1223
76561198344365498,1224
76561198016946768,1225
76561198088775500,1226
76561197982845562,1227
76561198271393531,1228
76561198230075672,1229
76561198979266435,1230
76561198053965300,1231
76561198017076824,1232
76561198023594531,1233
76561198039493969,1234
76561198141448555,1235
76561198060985668,1236
76561197988995835,1237
76561198314627469,1238
76561198096934508,1239
76561198042755505,1240
76561198158465906,1241
76561197979931158,1242
76561198009909967,1243
76561198061920716,1244
76561198008366572,1245
76561198356842617,1246
76561198009653095,1247
76561198869754826,1248
76561197999882638,1249
76561198052203863,1250
76561198002302509,1251
76561198201888442,1252
76561198064935565,1253
76561198022393548,1254
76561197969171432,1255
76561198123886137,1256
76561198139119038,1257
76561197969934583,1258
76561198019946240,1259
76561198056938654,1260
76561198152370841,1261
76561198050746153,1262
76561198026779638,1263
76561198032415501,1264
76561198003886667,1265
76561199378975787,1266
76561198015351752,1267
76561197983806198,1268
76561198058094666,1269
76561197964343044,1270
76561197970838485,1271
76561198060687113,1272
76561198125355177,1273
76561197989733146,1274
76561198002513164,1275
76561197993529099,1276
76561197980351392,1277
76561198239468552,1278
76561197999701119,1279
76561198160470680,1280
76561198160700469,1281
76561198006075404,1282
76561198301982604,1283
76561198005110508,1284
76561198042890140,1285
76561198352747639,1286
76561197987842222,1287
76561198039663324,1288
76561198037018920,1289
76561198112890258,1290
76561198043972532,1291
76561198058007685,1292
76561198008332774,1293
76561197996143905,1294
76561198117913848,1295
76561198018085358,1296
76561199088877943,1297
76561198059260462,1298
76561197966963062,1299
76561198056640740,1300
76561198061519395,1301
76561198037613508,1302
76561198156345324,1303
76561198015947070,1304
76561198168980050,1305
76561199004429648,1306
76561198075569071,1307
76561198046008728,1308
76561198113455411,1309
76561197975504766,1310
76561197988663774,1311
76561197986175117,1312
76561197990106384,1313
76561197965274807,1314
76561197976136707,1315
76561197970897249,1316
76561197989930177,1317
76561197965489900,1318
76561198009055009,1319
76561198025266541,1320
76561198006159566,1321
76561198115795404,1322
76561198219536444,1323
76561197975331788,1324
76561198089721639,1325
76561198089299679,1326
76561197996566711,1327
76561198028185256,1328
76561197996966511,1329
76561197970767462,1330
76561198293467784,1331
76561197969773091,1332
76561198071585954,1333
76561198004777375,1334
76561198003587634,1335
76561197976152793,1336
76561197969894772,1337
76561198047457459,1338
76561198014950467,1339
76561198078782283,1340
76561197963831883,1341
76561198103654672,1342
76561198968513725,1343
76561198853553821,1344
76561198008667621,1345
76561198046468073,1346
76561197987842001,1347
76561198096265586,1348
76561197987502418,1349
76561198000284462,1350
76561198001991912,1351
76561197994445738,1352
76561198034663705,1353
76561198026478759,1354
76561197999117252,1355
76561198000262690,1356
76561198138991245,1357
76561197993869138,1358
76561197966773879,1359
76561198085540793,1360
76561198053159303,1361
76561197989293848,1362
76561198989466867,1363
76561198045740239,1364
76561198139110854,1365
76561198008438473,1366
76561198087927765,1367
76561197966170666,1368
76561198111845521,1369
76561198030599586,1370
76561197998999001,1371
76561198275561256,1372
76561198038195848,1373
76561197978590706,1374
76561198220637399,1375
76561198054520957,1376
76561197961096804,1377
76561197995068607,1378
76561197988448073,1379
76561198322492284,1380
76561197978183612,1381
76561198070686374,1382
76561197998698277,1383
76561198010983183,1384
76561198033535814,1385
76561198023077730,1386
76561197971006744,1387
76561198000826779,1388
76561197979864325,1389
76561197976175533,1390
76561197986916834,1391
76561197986074665,1392
76561198302975346,1393
76561198023519071,1394
76561198105088252,1395
76561197982718230,1396
76561198013293052,1397
76561198005968036,1398
76561197992044606,1399
76561197997616073,1400
76561198255571986,1401
76561198112552234,1402
76561198001468649,1403
76561198001180013,1404
76561198053948039,1405
76561197983019818,1406
76561198239799624,1407
76561197992650133,1408
76561197973052125,1409
76561198014776829,1410
76561198400589410,1411
76561198009121120,1412
76561198021474487,1413
76561197989858849,1414
76561197976530450,1415
76561197973141301,1416
76561197992409766,1417
76561198258571297,1418
76561197975413392,1419
76561197985450983,1420
76561197988769508,1421
76561197970590608,1422
76561198004691205,1423
76561197993775251,1424
76561197976579619,1425
76561198049726399,1426
76561198090321265,1427
76561198246701002,1428
76561198049199276,1429
76561199469211097,1430
76561198318971896,1431
76561197987664448,1432
76561198002385573,1433
76561197993566384,1434
76561198009764050,1435
76561198049445507,1436
76561198008369751,1437
76561199258030893,1438
76561197968658003,1439
76561198013115338,1440
76561198044048161,1441
76561198828182183,1442
76561197996311925,1443
76561198086439893,1444
76561198060737300,1445
76561198043655647,1446
76561198339208379,1447
76561198118726910,1448
76561198024195554,1449
76561198082038951,1450
76561197963280337,1451
76561198074461923,1452
76561198091192474,1453
76561197996778486,1454
76561198091078414,1455
76561198016849836,1456
76561198053568113,1457
76561198314448828,1458
76561198337784749,1459
76561197961780979,1460
76561198057885021,1461
76561198137933363,1462
76561198107302800,1463
76561198044056333,1464
76561198037440919,1465
76561198022427391,1466
76561198003139484,1467
76561198104108624,1468
76561198013359357,1469
76561198031956733,1470
76561197980993256,1471
76561198026157552,1472
76561198078011536,1473
76561197970417670,1474
76561198061248268,1475
76561198044681116,1476
76561198003772642,1477
76561198107077231,1478
76561198067163683,1479
76561198011208350,1480
76561198285006935,1481
76561198030728359,1482
76561198037583383,1483
76561198023296561,1484
76561198028883943,1485
76561198064783067,1486
76561199068196811,1487
76561197970862067,1488
76561198096461150,1489
76561198180204111,1490
76561198303571736,1491
76561198038911024,1492
76561198026564874,1493
76561197993621828,1494
76561197994120171,1495
76561198832730470,1496
76561197965217014,1497
76561197980143180,1498
76561198073661699,1499
76561198084542691,1500
76561198070109610,1501
76561198017078280,1502
76561197990004842,1503
76561198401086147,1504
76561198034249692,1505
76561198076402319,1506
76561198004765961,1507
76561198011647032,1508
76561197970343967,1509
76561198053005358,1510
76561197965309671,1511
76561198371608856,1512
76561198101876412,1513
76561198150058321,1514
76561197970259762,1515
76561198026425351,1516
76561197971102284,1517
76561198089750720,1518
76561199024395391,1519
76561198067824708,1520
76561198932133287,1521
76561198023174870,1522
76561197995683465,1523
76561198872198245,1524
76561197985343058,1525
76561197995820083,1526
76561197995150404,1527
76561198061981757,1528
76561198063990605,1529
76561198220046737,1530
76561198262506746,1531
76561198066184606,1532
76561197970831374,1533
76561197973897944,1534
76561198090414426,1535
76561198030630489,1536
76561198084955985,1537
76561198117123612,1538
76561198048140997,1539
76561198018596295,1540
76561198053301435,1541
76561198032987171,1542
76561198106438181,1543
76561198011937104,1544
76561198011541019,1545
76561198003479630,1546
76561198131834463,1547
76561198060869595,1548
76561198197409628,1549
76561199035909277,1550
76561198071997106,1551
76561197971143071,1552
76561198028849094,1553
76561198083328766,1554
76561199065862380,1555
76561197972150490,1556
76561198811786065,1557
76561198042509853,1558
76561198044279579,1559
76561198008117679,1560
76561198063269154,1561
76561197982512807,1562
76561197971592163,1563
76561198160913453,1564
76561198050285365,1565
76561197971410481,1566
76561198013433521,1567
76561198079864421,1568
76561198089683820,1569
76561198021892566,1570
76561197988535411,1571
76561198385965145,1572
76561198863283245,1573
76561197981663198,1574
76561197961318302,1575
76561198063159693,1576
76561198110045193,1577
76561198037796318,1578
76561199054245549,1579
76561198049323874,1580
76561198010185470,1581
76561197998058239,1582
76561198039822008,1583
76561197991629199,1584
76561197995856662,1585
76561198126303619,1586
76561198003344867,1587
76561198033602078,1588
76561198361600292,1589
76561197967303226,1590
76561198087174877,1591
76561197979077108,1592
76561198019005069,1593
76561197992826156,1594
76561198018089588,1595
76561198011799876,1596
76561198133307300,1597
76561198035845858,1598
76561198197842306,1599
76561198041138024,1600
76561198135930845,1601
76561198330444929,1602
76561198867600868,1603
76561197994002775,1604
76561198281081238,1605
76561198026535099,1606
76561198041100695,1607
76561197970398878,1608
76561198027987860,1609
76561198233046160,1610
76561197985253187,1611
76561197963282057,1612
76561198006714621,1613
76561197987507997,1614
76561198049226196,1615
76561198009690028,1616
76561198117330620,1617
76561197961744176,1618
76561198839371460,1619
76561198136729976,1620
76561197969430536,1621
76561198042731036,1622
76561198002707908,1623
76561198116664699,1624
76561198134893821,1625
76561198085672462,1626
76561197995014608,1627
76561198268579555,1628
76561198016024155,1629
76561197960408970,1630
76561198015441277,1631
76561198004051373,1632
76561198107029439,1633
76561198030123832,1634
76561198058471112,1635
76561198062394830,1636
76561198117925723,1637
76561198038616833,1638
76561198045354821,1639
76561197994632659,1640
76561199064473105,1641
76561198014938687,1642
76561197994536615,1643
76561198071107427,1644
76561198449576368,1645
76561198203362334,1646
76561197997627529,1647
76561198862408744,1648
76561198326806763,1649
76561198089404867,1650
76561198007818758,1651
76561198399143276,1652
76561198077966385,1653
76561197994448955,1654
76561198005337430,1655
76561198196227601,1656
76561198007405067,1657
76561197995090401,1658
76561198172252199,1659
76561198161672087,1660
76561198000505067,1661
76561198201854930,1662
76561198000547270,1663
76561198007881182,1664
76561197999343610,1665
76561198219700072,1666
76561198023514531,1667
76561198356654676,1668
76561198044132953,1669
76561198061110338,1670
76561198362959824,1671
76561198018910266,1672
76561198061446122,1673
76561198108535277,1674
76561197995968714,1675
76561198113481234,1676
76561197983534658,1677
76561198048063791,1678
76561198036229561,1679
76561198005611507,1680
76561198027946435,1681
76561198004624882,1682
76561197998052523,1683
76561198027844898,1684
76561197999181572,1685
76561198269571712,1686
76561198011302473,1687
76561198042104476,1688
76561198199969253,1689
76561198111200508,1690
76561198132931055,1691
76561197970337436,1692
76561199066675854,1693
76561198237826136,1694
76561198007252323,1695
76561197993864895,1696
76561197997087879,1697
76561198209422592,1698
76561198339757453,1699
76561198001455830,1700
76561198031542514,1701
76561197994598473,1702
76561197965277561,1703
76561198004823797,1704
76561198034168703,1705
76561198077518117,1706
76561198032544384,1707
76561198063871669,1708
76561197983347627,1709
76561198836897819,1710
76561198004611129,1711
76561197970538611,1712
76561197977534897,1713
76561198001462963,1714
76561198041457876,1715
76561199102509047,1716
76561198046875589,1717
76561198043819633,1718
76561197965978376,1719
76561198053206025,1720
76561197962054695,1721
76561197971550276,1722
76561198126812721,1723
76561197991747394,1724
76561197984655838,1725
76561198128844741,1726
76561197997828517,1727
76561198028569459,1728
76561198228638448,1729
76561198052678573,1730
76561198082998253,1731
76561197982273259,1732
76561198121070383,1733
76561198028137544,1734
76561198038546547,1735
76561197965160723,1736
76561198263217923,1737
76561198001471216,1738
76561198159889238,1739
76561198019685200,1740
76561198014069772,1741
76561198014626499,1742
76561197970461293,1743
76561198151617563,1744
76561198036814593,1745
76561197976866160,1746
76561198041497325,1747
76561198024200123,1748
76561199050265686,1749
76561198113104554,1750
76561197981370579,1751
76561197982581727,1752
76561198022108970,1753
76561198057283373,1754
76561198053369031,1755
76561199229513922,1756
76561198002675684,1757
76561197999551579,1758
76561198000244134,1759
76561198350131628,1760
76561198120205812,1761
76561198103107523,1762
76561197988952844,1763
76561198310732641,1764
76561198004047552,1765
76561197994490484,1766
76561198058925468,1767
76561198396994655,1768
76561197979230085,1769
76561198000257721,1770
76561198025693599,1771
76561198062227632,1772
76561199156984115,1773
76561197960292807,1774
76561198149355274,1775
76561198039801595,1776
76561198024647859,1777
76561199025878824,1778
76561197962368812,1779
76561198047029812,1780
76561198111824451,1781
76561197980583850,1782
76561198144155929,1783
76561198062552118,1784
76561198874427014,1785
76561197995168435,1786
76561198052847275,1787
76561197993891197,1788
76561198304465551,1789
76561197985318459,1790
76561198399780165,1791
76561197982243076,1792
76561198072381855,1793
76561197966242763,1794
76561198079227501,1795
76561198118369799,1796
76561197965734753,1797
76561197987689379,1798
76561197960457558,1799
76561198830842180,1800
76561198024246936,1801
76561197981126199,1802
76561198092589447,1803
76561197972799925,1804
76561197965144411,1805
76561198069672812,1806
76561198328140060,1807
76561198114624558,1808
76561197979751856,1809
76561198023616180,1810
76561197995657648,1811
76561198418220292,1812
76561198036500990,1813
76561198043832583,1814
76561198127495504,1815
76561198430143692,1816
76561198011246742,1817
76561197979549440,1818
76561197990012301,1819
76561197999106555,1820
76561198014485998,1821
76561198036279598,1822
76561198044395197,1823
76561198000307034,1824
76561198333271860,1825
76561199149239646,1826
76561198015481934,1827
76561197992012153,1828
76561198018137472,1829
76561198079203100,1830
76561198061899489,1831
76561198026940701,1832
76561198040484666,1833
76561197987154693,1834
76561197970435029,1835
76561197995105260,1836
76561198078423165,1837
76561197976287656,1838
76561198152618007,1839
76561197992906798,1840
76561198088747537,1841
76561198025298276,1842
76561198000630472,1843
76561198102215048,1844
76561198053973982,1845
76561198046436357,1846
76561198002983121,1847
76561198038479125,1848
76561197975797010,1849
76561197972168329,1850
76561198039452938,1851
76561198103866743,1852
76561198414768551,1853
76561198026395147,1854
76561197988234566,1855
76561198074361885,1856
76561198018555921,1857
76561197989544294,1858
76561197992943381,1859
76561198084374770,1860
76561197993525512,1861
76561198002334372,1862
76561198047503544,1863
76561198042052301,1864
76561198081481766,1865
76561198072532181,1866
76561197960799782,1867
76561198067608206,1868
76561198063601821,1869
76561198019754955,1870
76561198007169304,1871
76561198052111779,1872
76561198019708471,1873
76561197966158801,1874
76561197988610065,1875
76561198065707788,1876
76561198044602606,1877
76561198063900962,1878
76561198015723798,1879
76561198008471908,1880
76561198029319505,1881
76561198051940006,1882
76561198013729168,1883
76561197991133436,1884
76561198055597355,1885
76561198283785877,1886
76561197969362616,1887
76561198087323350,1888
76561197994309228,1889
76561198277086769,1890
76561197993920872,1891
76561198010505891,1892
76561198046610907,1893
76561198002562120,1894
76561197960271989,1895
76561197987673251,1896
76561197979750959,1897
76561198064893984,1898
76561198234227036,1899
76561198068768921,1900
76561197969371254,1901
76561198022212313,1902
76561198008185874,1903
76561197994851017,1904
76561198005265551,1905
76561198050210437,1906
76561198016444009,1907
76561197986353054,1908
76561198037089044,1909
76561199157449570,1910
76561198072257250,1911
76561198437738744,1912
76561198097953835,1913
76561198008480668,1914
76561198030429890,1915
76561197971812565,1916
76561198094411705,1917
76561198256110677,1918
76561197987211098,1919
76561197966617426,1920
76561198068379896,1921
76561198006873223,1922
76561197969052165,1923
76561198043115858,1924
76561198009013127,1925
76561197968152343,1926
76561198082721790,1927
76561197987280970,1928
76561198019654323,1929
76561198023921203,1930
76561198058737972,1931
76561198090778750,1932
76561198020359369,1933
76561198022971777,1934
76561198846308272,1935
76561198350914535,1936
76561197967449126,1937
76561198047112621,1938
76561197963870886,1939
76561198113666471,1940
76561197962092557,1941
76561198082831860,1942
76561198010545064,1943
76561198056116324,1944
76561198108562053,1945
76561198053777519,1946
76561198077242222,1947
76561198013178966,1948
76561197971161876,1949
76561198052514327,1950
76561197979439703,1951
76561198983696927,1952
76561198124544984,1953
76561197988329388,1954
76561197975231961,1955
76561197975024178,1956
76561197981942241,1957
76561198034077967,1958
76561198265319109,1959
76561197965075581,1960
76561197970322382,1961
76561197983969530,1962
76561198043480817,1963
76561198035961744,1964
76561198025841721,1965
76561198062301135,1966
76561198178654229,1967
76561198045228449,1968
76561197994545100,1969
76561198047882270,1970
76561197970339633,1971
76561198106892734,1972
76561198072917499,1973
76561198051194713,1974
76561198283311708,1975
76561198913010922,1976
76561198009293263,1977
76561197979235430,1978
76561198027880845,1979
76561198075466721,1980
76561197960905909,1981
76561197972150531,1982
76561197967578704,1983
76561198038980489,1984
76561198115840410,1985
76561198033162411,1986
76561198027845176,1987
76561198010206173,1988
76561198058819470,1989
76561198002466205,1990
76561198049429715,1991
76561198009555744,1992
76561198025014146,1993
76561198078599118,1994
76561198106312728,1995
76561198007268396,1996
76561198056909695,1997
76561198020746864,1998
76561198036348117,1999
76561197969915893,2000
76561197971110737,2001
76561198853788453,2002
76561198077444730,2003
76561198035661426,2004
76561198135737269,2005
76561198071127906,2006
76561197986562887,2007
76561198112768847,2008
76561198044561633,2009
76561198047070953,2010
76561197990737869,2011
76561198018185345,2012
76561198092803383,2013
76561198399544319,2014
76561198448119212,2015
76561198327228070,2016
76561197975391677,2017
76561198112795258,2018
76561197970307937,2019
76561198064860636,2020
76561198058577517,2021
76561198050033018,2022
76561198103969643,2023
76561198063836659,2024
76561197977887760,2025
76561197991952155,2026
76561197994553754,2027
76561197970799580,2028
76561198166927505,2029
76561198036709917,2030
76561197999459739,2031
76561198275228651,2032
76561198334021534,2033
76561198136898080,2034
76561198074312582,2035
76561198121922929,2036
76561198032497313,2037
76561197978582795,2038
76561198002027418,2039
76561198870293187,2040
76561198003884104,2041
76561198041228105,2042
76561198123726975,2043
76561197978127481,2044
76561198082031773,2045
76561198045553085,2046
76561198084941880,2047
76561197972040704,2048
76561197995290159,2049
76561197985754559,2050
76561198366885777,2051
76561199048307659,2052
76561198061737345,2053
76561198317974070,2054
76561198022766139,2055
76561198047169991,2056
76561198004200033,2057
76561198021447905,2058
76561198015459681,2059
76561197961521131,2060
76561197990986751,2061
76561197990086462,2062
76561198017293639,2063
76561197984266556,2064
76561198015223061,2065
76561198085369626,2066
76561198112780782,2067
76561198040505023,2068
76561198067986413,2069
76561197991015284,2070
76561198032741304,2071
76561198090392864,2072
76561197992256813,2073
76561198331441913,2074
76561198007921883,2075
76561198044839188,2076
76561197997317410,2077
76561198139094658,2078
76561198021570635,2079
76561198079100870,2080
76561198002139581,2081
76561197970675272,2082
76561198008266904,2083
76561197975423892,2084
76561198021180815,2085
76561197960301580,2086
76561197987723270,2087
76561198005164856,2088
76561198185428926,2089
76561198004400320,2090
76561198001570772,2091
76561198303241818,2092
76561198042484540,2093
76561198350751373,2094
76561198016002068,2095
76561198098126299,2096
76561198000777924,2097
76561198805739359,2098
76561198017551313,2099
76561198015528525,2100
76561197992462053,2101
76561197990317825,2102
76561198159796495,2103
76561197993824256,2104
76561198032150922,2105
76561198022249429,2106
76561198026265094,2107
76561198863590935,2108
76561198000878931,2109
76561198036587242,2110
76561198075851949,2111
76561198253459984,2112
76561198003795142,2113
76561197998493121,2114
76561198033586126,2115
76561198163992822,2116
76561197985415939,2117
76561198016628406,2118
76561197986793562,2119
76561198047723336,2120
76561198272008631,2121
76561198092364177,2122
76561198057942218,2123
76561197996251755,2124
76561198055786013,2125
76561198093566128,2126
76561198136979501,2127
76561197977546112,2128
76561198044440062,2129
76561198018528411,2130
76561198028091020,2131
76561198104873334,2132
76561198194518970,2133
76561198006139550,2134
76561198064197954,2135
76561198055347700,2136
76561198105878460,2137
76561197992375357,2138
76561198075767343,2139
76561198144877447,2140
76561197995140097,2141
76561198056049695,2142
76561198044565579,2143
76561198006244912,2144
76561198014216780,2145
76561197970603931,2146
76561198048426865,2147
76561197974340402,2148
76561198020691641,2149
76561199379805996,2150
76561197999781615,2151
76561197989085652,2152
76561198189249125,2153
76561198289298559,2154
76561198027883320,2155
76561198142368840,2156
76561197987924419,2157
76561198029502901,2158
76561198029988932,2159
76561198044632046,2160
76561198180130274,2161
76561198039392732,2162
76561198000300198,2163
76561198071654352,2164
76561198045616762,2165
76561198059783270,2166
76561197963079401,2167
76561197983563655,2168
76561198003693447,2169
76561198016432154,2170
76561198044145867,2171
76561198024968498,2172
76561197998138780,2173
76561198017346926,2174
76561198868784748,2175
76561198018813445,2176
76561197998833800,2177
76561198211371321,2178
76561198066612518,2179
76561197970236696,2180
76561198393951755,2181
76561198114416494,2182
76561198085791383,2183
76561198000374639,2184
76561198322706831,2185
76561197983064780,2186
76561197971044263,2187
76561198063997290,2188
76561198013412947,2189
76561198048392507,2190
76561198059995031,2191
76561198005809060,2192
76561197969382396,2193
76561198042038337,2194
76561198026615548,2195
76561197976630871,2196
76561198006884123,2197
76561198013939675,2198
76561198048520451,2199
76561198035363738,2200
76561198047506795,2201
76561197988417915,2202
76561198393004695,2203
76561198035717993,2204
76561197993515847,2205
76561197976937799,2206
76561198013890689,2207
76561197996411349,2208
76561198020436634,2209
76561197993698981,2210
76561198815618606,2211
76561197992836882,2212
76561198000077663,2213
76561198025620038,2214
76561197977072496,2215
76561197986841895,2216
76561197999053066,2217
76561198052015617,2218
76561197967370369,2219
76561198075224791,2220
76561199033013466,2221
76561197977296420,2222
76561198061218534,2223
76561198074783402,2224
76561198123176874,2225
76561198041034384,2226
76561198142817702,2227
76561198043905851,2228
76561198073707026,2229
76561198032349132,2230
76561198028719903,2231
76561198025793089,2232
76561198015767203,2233
76561198133218756,2234
76561198134058298,2235
76561198058115931,2236
76561197968511678,2237
76561197985946541,2238
76561198023490438,2239
76561198029996726,2240
76561197960374601,2241
76561198016331152,2242
76561198066739435,2243
76561198003231683,2244
76561198082656267,2245
76561198138017493,2246
76561197996597984,2247
76561197994616562,2248
76561198013723509,2249
76561198034218764,2250
76561198826748776,2251
76561198167177803,2252
76561197987084546,2253
76561199082939709,2254
76561197964889395,2255
76561198000863979,2256
76561198026989379,2257
76561198140465553,2258
76561198053710885,2259
76561198001116101,2260
76561198143491401,2261
76561198073540985,2262
76561197995142744,2263
76561197974318375,2264
76561198067002281,2265
76561198089235746,2266
76561197982332228,2267
76561197994963383,2268
76561198060721962,2269
76561198162663393,2270
76561197996624047,2271
76561198284672300,2272
76561198188321818,2273
76561198000015568,2274
76561198048689582,2275
76561197960769312,2276
76561199004815907,2277
76561198160078610,2278
76561198061493460,2279
76561198193136631,2280
76561197964671909,2281
76561198017813293,2282
76561197998961605,2283
76561198005025910,2284
76561198027512879,2285
76561198063902227,2286
76561198011903621,2287
76561198028070463,2288
76561197980160533,2289
76561197977796719,2290
76561198003365406,2291
76561198002516604,2292
76561198008486113,2293
76561198075674749,2294
76561197990183727,2295
76561198067708484,2296
76561197991655057,2297
76561197996160525,2298
76561197992016121,2299
76561198021191194,2300
76561198066325869,2301
76561198080730041,2302
76561198001271805,2303
76561197996865611,2304
76561198092998254,2305
