steamid,playtime_forever,achievement_count,category_activity_pca_recalc,player_type
76561197980143180,481,10,-1.2947197697184945,0
76561198076402319,12785,40,4.005390706971883,1
76561198034096440,5330,43,4.472595531198561,1
76561198131834463,57,3,-2.170077239490945,0
76561198302975346,518,6,-1.7668878501180714,0
76561197989342663,3625,30,2.1967868290011547,1
76561198834458897,1691,43,4.472595531198561,1
76561198327228070,566,0,-2.7426462184955027,0
76561198006884123,540,0,-2.7426462184955027,0
76561198152618007,159,0,-2.7426462184955027,0
76561197970792411,812,0,-2.7426462184955027,0
76561198107302800,4050,23,0.946777091606844,1
76561198062505918,4190,7,-1.8413556765617716,0
76561198139110854,2598,43,4.472595531198561,1
76561198352272979,3365,43,4.472595531198561,1
76561198101876412,14840,38,3.5531219053894376,1
76561198016628406,891,15,-0.3886834537741613,0
76561198007609033,535,0,-2.7426462184955027,0
76561198215096428,453,0,-2.7426462184955027,0
76561198331441913,11760,43,4.472595531198561,1
76561198091484468,284,0,-2.7426462184955027,0
76561198045616762,17694,43,4.472595531198561,1
76561198035661426,181,7,-1.7686041295040806,0
76561198014470876,18567,43,4.472595531198561,1
76561199469211097,8133,43,4.472595531198561,1
76561198041625770,2846,21,0.8015427795684579,1
76561198086556743,3984,43,4.472595531198561,1
76561197976301865,252,3,-2.4430019146205866,0
76561198003078338,19768,36,3.291089189443949,1
76561199378975787,33088,43,4.472595531198561,1
76561198046436357,6271,37,3.409193613915054,1
76561198084542691,5707,14,-0.3282529780279754,0
76561198296685552,133,3,-2.344426500559617,0
76561198002027418,2366,22,0.8499401362015311,1
76561198039031102,79,0,-2.7426462184955027,0
76561197996943649,16157,30,2.2555006874790835,1
76561198002493801,22384,43,4.472595531198561,1
76561197970339633,4468,14,-0.5552913915872968,0
76561198003587634,122,7,-1.6229595586436878,0
76561198024038675,258,0,-2.7426462184955027,0
76561198411619208,374,11,-0.8727879265194786,0
76561197965144411,17635,37,3.304715076699072,1
76561198124544984,17292,32,2.2911855434732193,1
76561199149239646,342,0,-2.7426462184955027,0
76561197997828517,1238,20,0.5045105168215466,0
76561198016344025,742,13,-0.7546541932761229,0
76561198016002068,4115,28,1.896176918501466,1
76561198001991912,417,0,-2.7426462184955027,0
76561198060737300,1265,16,0.0658407543811793,0
76561198333940820,416,0,-2.7426462184955027,0
76561197996143905,267,0,-2.7426462184955027,0
76561198033586126,26229,35,2.9859025117942375,1
76561197985450983,1414,21,0.5975493962876988,1
76561198009108702,6129,37,3.4460121962248484,1
76561198024926277,140,6,-1.865463264179041,0
76561197961864608,11417,38,3.521295173786279,1
76561198178654229,187,0,-2.7426462184955027,0
76561198041100695,2509,21,0.5744235735326334,1
76561198040779532,331,0,-2.7426462184955027,0
76561198371608856,952,3,-2.0665321539929873,0
76561198142797852,3160,26,1.5989478220650015,1
76561198150058321,2745,5,-2.1006167744602613,0
76561197961621019,282,0,-2.7426462184955027,0
76561197979667190,141,0,-2.7426462184955027,0
76561198034493521,1131,15,-0.4064137641169119,0
76561197986775284,7691,24,1.0430270302655786,1
76561197962838085,38,0,-2.7426462184955027,0
76561197994575642,352,0,-2.7426462184955027,0
76561198010545064,8779,43,4.472595531198561,1
76561197966617426,839,9,-1.535789118711241,0
76561198219343843,581,0,-2.7426462184955027,0
76561198027616389,13691,35,3.0609053505997164,1
76561198046978149,4480,26,1.430339240635541,1
76561197971348591,2593,0,-2.7426462184955027,0
76561197978965270,13612,43,4.472595531198561,1
76561198035839569,152,0,-2.7426462184955027,0
76561198017069455,47677,43,4.472595531198561,1
76561198019685200,255,0,-2.7426462184955027,0
76561198853553821,2027,20,0.5671529661346195,1
76561198116820015,2433,43,4.472595531198561,1
76561198117359053,15457,43,4.472595531198561,1
76561198014069772,8998,29,1.902939577274534,1
76561198142453927,278,0,-2.7426462184955027,0
76561198049323874,25739,38,3.4849692709798674,1
76561198026840458,1453,19,0.3069392856975027,0
76561198339757453,165,10,-1.05039057963913,0
76561198125238941,181,5,-2.067051617972996,0
76561197993891197,9428,38,3.607650462600996,1
76561198139094658,624,10,-1.12705004420873,0
76561198027177776,396,4,-2.2813636482444393,0
76561198162722657,2330,16,-0.4559433411192312,0
76561198082831860,3786,25,1.5230097214843872,1
76561198118369799,290,11,-0.9853803558369756,0
76561198044196794,475,8,-1.672489135646007,0
76561198064728961,17229,35,3.035474421654953,1
76561198152370841,87,2,-2.444307935184589,0
76561198061305249,237,6,-1.897190254337332,0
76561198179319487,19974,41,4.127329567833235,1
76561198065892602,618,9,-1.3295909467697622,0
76561197972436190,187,8,-1.6614944203394912,0
76561198058007685,477,0,-2.7426462184955027,0
76561197996919908,1069,21,0.6438620749174572,1
76561198061981757,10149,28,1.755813250693714,1
76561198027845176,782,0,-2.7426462184955027,0
76561198028385225,15453,43,4.472595531198561,1
76561197989858849,1735,17,0.0256887571859809,0
76561198978667010,677,4,-2.2395753944976566,0
76561198024981381,661,14,-0.4386352438356963,0
76561198052442092,1858,22,0.900261212877071,1
76561198015723798,790,0,-2.7426462184955027,0
76561198044371709,9276,43,4.472595531198561,1
76561198082038951,6008,30,2.003328960524452,1
76561198102215048,1791,16,-0.3472588293136434,0
76561198117913848,2176,27,1.9288564911983836,1
76561198026478759,72681,43,4.472595531198561,1
76561198869754826,7711,43,4.472595531198561,1
76561198051194713,2416,0,-2.7426462184955027,0
76561197985946541,426,16,-0.1195440123497722,0
76561198037510530,806,13,-0.7128659395293404,0
76561198001468649,392,0,-2.7426462184955027,0
76561197991133436,1158,17,-0.2075365124288655,0
76561197979077108,2435,3,-2.344426500559617,0
76561198031837797,441,0,-2.7426462184955027,0
76561198019521530,4473,24,1.084815284012361,1
76561198044602606,603,0,-2.7426462184955027,0
76561197979934386,1485,18,0.1652695973257481,0
76561198022108970,187,5,-2.144663631309673,0
76561198187410553,2200,23,0.9145370865041836,1
76561197999343610,165,0,-2.7426462184955027,0
76561198005871916,3346,43,4.472595531198561,1
76561198092221120,7679,43,4.472595531198561,1
76561198026564874,412,0,-2.7426462184955027,0
76561198014882529,536,13,-0.5780941632609482,0
76561198066184606,30,0,-2.7426462184955027,0
76561198043898087,522,0,-2.7426462184955027,0
76561198036229561,3060,43,4.472595531198561,1
76561197974283794,299,0,-2.7426462184955027,0
76561198030888094,3483,25,1.343703813064873,1
76561197992943381,1990,23,1.081678408474225,1
76561197996710217,71,0,-2.7426462184955027,0
76561197966170666,577,3,-2.4430019146205866,0
76561198036102917,898,11,-0.8887523132629825,0
76561198046242117,312,0,-2.7426462184955027,0
76561198286311746,991,0,-2.7426462184955027,0
76561198028421529,3428,1,-2.4684155228018585,0
76561198079772364,129,0,-2.7426462184955027,0
76561198135737269,12546,43,4.472595531198561,1
76561198864851315,241,0,-2.7426462184955027,0
76561198028070463,244,0,-2.7426462184955027,0
76561198002734128,18426,30,2.054718363390907,1
76561197967449126,196,10,-1.0762144466424084,0
76561197994553754,340,10,-1.264580722967608,0
76561198004611129,36644,43,4.472595531198561,1
76561197993621828,7779,33,2.6617200260390583,1
76561198053475768,3945,43,4.472595531198561,1
76561198011799876,5703,17,-0.0312398798732166,0
76561197980993256,5108,29,1.924436328384183,1
76561197993525512,495,0,-2.7426462184955027,0
76561197989293848,9156,34,3.133928096853645,1
76561199053439300,222,9,-1.2928942851744831,0
76561198100398836,10081,43,4.472595531198561,1
76561198027512879,4568,43,4.472595531198561,1
76561198115009354,37915,43,4.472595531198561,1
76561198083542059,753,11,-1.061154202844678,0
76561198007881182,459,0,-2.7426462184955027,0
76561197995165956,30939,43,4.472595531198561,1
76561198041885150,133,0,-2.7426462184955027,0
76561197990106384,18483,33,2.5773576978320274,1
76561198263705541,7331,37,3.4926850026734333,1
76561198406771630,9679,43,4.472595531198561,1
76561198123176874,8438,43,4.472595531198561,1
76561199108437662,151,0,-2.7426462184955027,0
76561198015279263,454,0,-2.7426462184955027,0
76561198237826136,92,4,-2.1409999804366873,0
76561198023116710,6159,43,4.472595531198561,1
76561198036709917,592,11,-1.008060002175727,0
76561198026157552,8455,40,4.005390706971883,1
76561198007802153,579,0,-2.7426462184955027,0
76561198862408744,37798,43,4.472595531198561,1
76561198081008157,390,0,-2.7426462184955027,0
76561198027904347,3928,19,0.1086738958520576,0
76561198220637399,801,11,-1.291979392611885,0
76561198170081071,361,5,-1.970314370241001,0
76561199082492152,1855,43,4.472595531198561,1
76561198161310076,333,0,-2.7426462184955027,0
76561198062877029,14683,43,4.472595531198561,1
76561198004418141,23746,36,3.1430768103229245,1
76561198026989379,454,0,-2.7426462184955027,0
76561198044561633,15192,40,3.983401276358851,1
76561197987280970,1582,10,-1.1998015912664213,0
76561198281081238,472,0,-2.7426462184955027,0
76561198128844741,8148,30,2.075572558957197,1
76561199246239668,201,0,-2.7426462184955027,0
76561198168980050,745,14,-0.5204879491548363,0
76561198030118274,10777,40,3.931832948356175,1
76561198035010599,391,0,-2.7426462184955027,0
76561198041323297,211,0,-2.7426462184955027,0
76561197985021868,405,0,-2.7426462184955027,0
76561198000935729,30314,32,2.5155069638159633,1
76561197994729999,164,5,-1.9683669987540249,0
76561197995150404,366,0,-2.7426462184955027,0
76561199054245549,564,0,-2.7426462184955027,0
76561197994616562,133,0,-2.7426462184955027,0
76561197982946417,262,0,-2.7426462184955027,0
76561197998698277,3892,43,4.472595531198561,1
76561198077444730,4514,30,2.1169106479112316,1
76561198089611316,480,0,-2.7426462184955027,0
76561198030808810,8414,30,2.244465181816804,1
76561198072129087,29392,36,3.182032075020833,1
76561198093566128,308,0,-2.7426462184955027,0
76561198035845858,73,5,-1.9262675133915896,0
76561197984900990,415,6,-1.9412371111867437,0
76561198339086631,1074,4,-2.1687712189269424,0
76561197960384929,346,3,-2.2686526535519147,0
76561198022427391,639,5,-1.970314370241001,0
76561198056909695,455,0,-2.7426462184955027,0
76561198020203467,11200,43,4.472595531198561,1
76561197987808170,60448,38,3.578945772392716,1
76561198326806763,274,0,-2.7426462184955027,0
76561197968671893,219,0,-2.7426462184955027,0
76561198337784749,544,0,-2.7426462184955027,0
76561198056938654,881,2,-2.542883349245559,0
76561198373611339,7859,32,2.539626033016746,1
76561197979439703,850,14,-0.5431137810516783,0
76561198265319109,1173,23,0.953438536760182,1
76561198046621479,143,0,-2.7426462184955027,0
76561197960799782,142,5,-2.1396939598726847,0
76561197995683465,230,0,-2.7426462184955027,0
76561198050746153,533,17,-0.0434378258498222,0
76561198050285365,13222,41,4.156034258041514,1
76561197980583850,1069,20,0.6470330462870604,1
76561197969382396,3700,23,0.7724278305381718,1
76561197996778486,36705,38,3.4849692709798674,1
76561197977534897,7085,33,2.5972651500396697,1
76561197970761123,404,10,-1.2564668308660931,0
76561197973052125,473,1,-2.544189369809561,0
76561197972799925,588,0,-2.7426462184955027,0
76561197996597984,266,0,-2.7426462184955027,0
76561197994851017,3260,10,-1.2175115661681848,0
76561198025111129,188,0,-2.7426462184955027,0
76561198107077231,172,0,-2.7426462184955027,0
76561197972150490,21108,33,2.7000388894531557,1
76561197979864325,411,0,-2.7426462184955027,0
76561197979169919,3208,0,-2.7426462184955027,0
76561198029593271,461,0,-2.7426462184955027,0
76561198104108624,674,0,-2.7426462184955027,0
76561197963394136,2107,43,4.472595531198561,1
76561198044839188,500,10,-1.0326806047373662,0
76561198030273896,2635,0,-2.7426462184955027,0
76561198087733716,3796,24,1.1211281627326268,1
76561197985343058,426,0,-2.7426462184955027,0
76561197991657927,63,4,-2.2703689329379233,0
76561197960436666,421,9,-1.40548671449198,0
76561198303080182,247,0,-2.7426462184955027,0
76561198018085358,1304,20,0.5302805693829153,0
76561197994839062,2547,0,-2.7426462184955027,0
76561198009198554,180,3,-1.995727978422273,0
76561198029732166,785,0,-2.7426462184955027,0
76561199024395391,3431,2,-2.1941848271082143,0
76561198015441277,470,0,-2.7426462184955027,0
76561198015749826,1321,14,-0.4703622339939871,0
76561198064082850,11806,43,4.472595531198561,1
76561198104873334,344,2,-2.340762849686631,0
76561198007169304,33455,34,2.9061169507372298,1
76561197991655057,6408,43,4.472595531198561,1
76561198063900962,53,0,-2.7426462184955027,0
76561198008480668,1005,11,-1.0161738942772425,0
76561197999807713,3395,43,4.472595531198561,1
76561198121098268,24749,43,4.472595531198561,1
76561197966618551,1101,12,-0.7869235071510339,0
76561198052646182,3034,28,1.982514264991301,1
76561198021570635,2600,2,-2.444307935184589,0
76561197998617324,70,0,-2.7426462184955027,0
76561199139776481,11606,8,-1.2294005007140636,0
76561197965277561,1713,20,0.5113607212174558,0
76561197971550276,15673,24,1.04711292796933,1
76561198068088128,10457,39,3.7697020024766448,1
76561197971643307,13408,24,1.1037221080916748,1
76561198072257250,513,0,-2.7426462184955027,0
76561198044531564,16117,42,4.328667239724178,1
76561198038546547,2115,33,2.7693983227163472,1
76561198047015315,10725,27,1.5951217276762149,1
76561197961744176,2457,0,-2.7426462184955027,0
76561198015459681,494,10,-1.3631561370285776,0
76561198051675786,600,0,-2.7426462184955027,0
76561198097666040,429,0,-2.7426462184955027,0
76561198286642793,489,8,-1.1565477062650924,0
76561198090967045,346,0,-2.7426462184955027,0
76561198037583383,1126,0,-2.7426462184955027,0
76561198024958702,15436,43,4.472595531198561,1
76561198013205483,431,0,-2.7426462184955027,0
76561198881358611,543,0,-2.7426462184955027,0
76561198132235994,250,0,-2.7426462184955027,0
76561197985705987,508,0,-2.7426462184955027,0
76561197994963383,955,6,-1.8704329356160292,0
76561198170269198,167,14,-0.5972219014895815,0
76561198097690532,220,0,-2.7426462184955027,0
76561197963282057,25790,36,3.187023925727469,1
76561198039822008,484,11,-0.9485617735271812,0
76561198000562069,6799,31,2.356153468188527,1
76561198084955985,364,0,-2.7426462184955027,0
76561198109871307,1463,11,-1.0889254413349334,0
76561198010028217,369,0,-2.7426462184955027,0
76561198140831121,617,0,-2.7426462184955027,0
76561198334489413,2938,43,4.472595531198561,1
76561198323009493,32889,43,4.472595531198561,1
76561198047794531,356,1,-2.544189369809561,0
76561198042619868,4928,40,3.983401276358851,1
76561197977296420,17455,43,4.472595531198561,1
76561198014788793,5705,22,0.8805162041852297,1
76561199032279097,2979,38,3.6470411800680536,1
76561198039452938,627,6,-1.8962568026193076,0
76561198832730470,624,12,-0.9870966352229846,0
76561198031220488,312,0,-2.7426462184955027,0
76561198030408706,8294,43,4.472595531198561,1
76561198011903621,651,11,-1.2632747024036055,0
76561197990986751,42,0,-2.7426462184955027,0
76561198003183913,10254,32,2.5996444398838143,1
76561198043488004,234,0,-2.7426462184955027,0
76561197981732215,2723,20,0.382322004703801,0
76561198013115338,1564,0,-2.7426462184955027,0
76561198008486113,266,1,-2.642764783870531,0
76561197984266556,5335,22,0.6651573468090877,1
76561198008266904,4275,27,1.6829317084745254,1
76561198036984413,81416,43,4.472595531198561,1
76561198108562053,20006,39,3.6728446778587953,1
76561198159216159,297,0,-2.7426462184955027,0
76561197970590608,334,0,-2.7426462184955027,0
76561197974925353,8053,34,2.872930202275921,1
76561198048426865,129,0,-2.7426462184955027,0
76561198058819470,272,13,-0.8010688583861659,0
76561197961780979,365,0,-2.7426462184955027,0
76561197964914532,14454,43,4.472595531198561,1
76561197996311925,42224,39,3.7515787540753793,1
76561198163638022,576,8,-1.1156450700802076,0
76561198035780173,455,0,-2.7426462184955027,0
76561198046743901,1160,15,-0.2143545281464761,0
76561197977072496,29873,43,4.472595531198561,1
76561197965075581,907,20,0.667433177998085,1
76561197975504766,1015,14,-0.6557062103691751,0
76561198062301135,417,0,-2.7426462184955027,0
76561197970259762,13654,43,4.472595531198561,1
76561198073661699,4224,43,4.472595531198561,1
76561199086020529,460,7,-1.8213870985573788,0
76561198044279579,230,0,-2.7426462184955027,0
76561197996624047,27792,34,2.8836937917099195,1
76561198000459192,60,0,-2.7426462184955027,0
76561197978037893,64404,43,4.472595531198561,1
76561198025781024,156,0,-2.7426462184955027,0
76561197976152793,35193,43,4.472595531198561,1
76561197985841875,194,0,-2.7426462184955027,0
76561198300270231,458,0,-2.7426462184955027,0
76561197974783215,14925,36,3.1607867852246883,1
76561197995378175,34689,38,3.633887603103776,1
76561198000413287,484,6,-1.5534614036369758,0
76561198003048979,9581,26,1.38616284318714,1
76561197976937799,18803,38,3.622892887797261,1
76561198031679484,6173,5,-2.1704874983129514,0
76561198126303619,576,1,-2.642764783870531,0
76561198025693599,621,0,-2.7426462184955027,0
76561198121716572,7429,40,3.855979695344592,1
76561198053973982,31297,43,4.472595531198561,1
76561198262860208,406,0,-2.7426462184955027,0
76561198310732641,574,0,-2.7426462184955027,0
76561198033206748,526,8,-1.5988519710264184,0
76561197978183612,1134,17,-0.1756876015560594,0
76561197991715731,1147,12,-0.8854989212120035,0
76561197987842222,1156,24,1.1323125268225285,1
76561198077387115,28326,38,3.607650462600996,1
76561198019078835,335,0,-2.7426462184955027,0
76561198074361885,596,11,-0.9727469570912204,0
76561198121398682,600,0,-2.7426462184955027,0
76561198123726975,33812,37,3.32333100460372,1
76561198103654672,150,0,-2.7426462184955027,0
76561198013412947,2551,21,0.7075662781556091,1
76561198010185470,7607,29,2.1396678901967534,1
76561198087323350,186,0,-2.7426462184955027,0
76561198041138024,35,5,-2.0829067995584976,0
76561198086439893,375,4,-2.3431204799956147,0
76561198144155929,5174,28,1.7618921090051514,1
76561197997788394,8712,43,4.472595531198561,1
76561198044565579,549,12,-0.91629245965227,0
76561198065707788,1971,43,4.472595531198561,1
76561198245563714,32,1,-2.642764783870531,0
76561198048689582,2090,4,-2.3431204799956147,0
76561198003772642,21724,39,3.7515787540753793,1
76561198013890689,285,0,-2.7426462184955027,0
76561197990384173,393,0,-2.7426462184955027,0
76561197988052802,1447,0,-2.7426462184955027,0
76561198170985497,122,8,-1.4685495668071578,0
76561198400589410,10610,43,4.472595531198561,1
76561198067347675,3672,43,4.472595531198561,1
76561198061110338,5419,25,1.3877376458281383,1
76561198043480817,2280,18,-0.0090796637429239,0
76561198299988956,294,7,-1.6670064154930997,0
76561198066718773,2301,20,0.4287366698138441,0
76561198024546321,435,0,-2.7426462184955027,0
76561197979042906,11484,35,2.9593076365887354,1
76561198354970828,771,0,-2.7426462184955027,0
76561198000257885,647,0,-2.7426462184955027,0
76561198193136631,160,0,-2.7426462184955027,0
76561198081257465,507,4,-2.244545065934645,0
76561198339208379,1260,25,1.4130280429722708,1
76561198047169991,1494,17,-0.337838916648126,0
76561198114416494,7670,36,3.1607867852246883,1
76561198047457459,7618,28,2.072838597114677,1
76561197962287503,785,0,-2.7426462184955027,0
76561197995968714,136,0,-2.7426462184955027,0
76561198239468552,6373,43,4.472595531198561,1
76561198134058298,18700,43,4.472595531198561,1
76561198062552118,250,0,-2.7426462184955027,0
76561198021447905,9363,35,3.133970429712042,1
76561198149355274,9402,43,4.472595531198561,1
76561197989848084,45306,28,1.7909270352010125,1
76561198015122447,1368,24,1.2345324609358812,1
76561198000667675,228,0,-2.7426462184955027,0
76561198075447635,3949,28,1.8434069735343137,1
76561197963212954,2883,0,-2.7426462184955027,0
76561197995657648,503,11,-1.0979727851544725,0
76561198001271805,254,2,-2.542883349245559,0
76561198006847847,451,0,-2.7426462184955027,0
76561198006075404,188,0,-2.7426462184955027,0
76561197970236696,997,8,-1.6901991105477707,0
76561197985238561,7548,30,2.1536329010684816,1
76561198025014146,429,12,-0.8146947456412891,0
76561198016331152,401,4,-2.070195804865973,0
76561198052125808,2715,20,0.1468523131677641,0
76561197988262272,602,0,-2.7426462184955027,0
76561198031956733,14887,43,4.472595531198561,1
76561198314627469,480,0,-2.7426462184955027,0
76561199004429648,3974,43,4.472595531198561,1
76561198001180013,306,0,-2.7426462184955027,0
76561198058925468,418,0,-2.7426462184955027,0
76561198050615194,17515,33,2.695718643386124,1
76561198036541930,783,0,-2.7426462184955027,0
76561198058253727,5934,43,4.472595531198561,1
76561197973141301,5335,24,1.159271628872548,1
76561198403370432,208,0,-2.7426462184955027,0
76561198079972348,192,0,-2.7426462184955027,0
76561198013143519,104,7,-1.878174258871566,0
76561198013433521,4276,27,1.7440793442094749,1
76561198257422651,75,1,-2.642764783870531,0
76561198016946768,210,8,-1.5988519710264184,0
76561198073191426,19013,43,4.472595531198561,1
76561198085540793,10186,24,1.1338814902835483,1
76561197996753153,194,0,-2.7426462184955027,0
76561197962545891,592,0,-2.7426462184955027,0
76561198001537536,741,0,-2.7426462184955027,0
76561197970461293,146,7,-1.7795988448105964,0
76561198067031569,555,0,-2.7426462184955027,0
76561197976469696,13286,29,1.834218269650024,1
76561198060985668,277,0,-2.7426462184955027,0
76561197982273259,212,0,-2.7426462184955027,0
76561197991584508,2381,20,0.4685775520736499,0
76561198005235749,151,0,-2.7426462184955027,0
76561197985011830,446,13,-0.7647502669345951,0
76561198002139581,346,0,-2.7426462184955027,0
76561198010594992,707,16,-0.0318490421178925,0
76561198005025910,11570,32,2.525925962107176,1
76561197999701119,725,0,-2.7426462184955027,0
76561198160700469,1233,0,-2.7426462184955027,0
76561198032150922,4253,24,1.347354439851713,1
76561198003246975,571,0,-2.7426462184955027,0
76561197968511678,375,0,-2.7426462184955027,0
76561198007818758,652,13,-0.5884666584650923,0
76561197971164024,1144,0,-2.7426462184955027,0
76561198001500827,22654,43,4.472595531198561,1
76561198064197954,6007,31,2.61810376345264,1
76561197989217266,6904,33,2.7825631994119,1
76561198083142373,716,3,-2.4430019146205866,0
76561198018137472,990,12,-0.9142036114202828,0
76561198062255168,907,17,-0.1448940631157926,0
76561198220046737,1205,19,0.2786757055861134,0
76561198004393508,440,12,-0.7778761633314948,0
76561198016438920,391,4,-2.2395753944976566,0
76561198863283245,161,10,-1.0826102493008034,0
76561197970312414,174,0,-2.7426462184955027,0
76561197999106555,1292,17,-0.2075365124288655,0
76561197962054695,1320,14,-0.6240884253688865,0
76561197987673251,15112,38,3.607650462600996,1
76561198213368405,465,0,-2.7426462184955027,0
76561198067608206,679,9,-1.3944919991854643,0
76561198035849045,6846,4,-2.3431204799956147,0
76561198002973360,59498,39,3.7515787540753793,1
76561198112795258,1186,0,-2.7426462184955027,0
76561198065877448,195,0,-2.7426462184955027,0
76561198040923840,9147,34,2.7638730878528053,1
76561197970435029,6129,3,-2.240881415061659,0
76561198846308272,565,0,-2.7426462184955027,0
76561198366638721,253,0,-2.7426462184955027,0
76561197992462053,3290,26,1.6932029900589396,1
76561198025391492,741,16,-0.15431397578131,0
76561198042978992,515,9,-1.1901128965239078,0
76561198802661056,218,1,-2.642764783870531,0
76561198067950201,32389,38,3.586566984990849,1
76561198000863979,754,0,-2.7426462184955027,0
76561198362959824,11327,43,4.472595531198561,1
76561198041031091,715,13,-0.5126928114573898,0
76561198043982405,3312,0,-2.7426462184955027,0
76561198137933363,600,6,-2.044782196684701,0
76561197976530450,13654,38,3.607650462600996,1
76561198033103032,9265,28,1.6623832432261574,1
76561197997697109,655,0,-2.7426462184955027,0
76561198007759830,74,0,-2.7426462184955027,0
76561198047414009,3730,33,2.735681446360445,1
76561198043832583,1470,0,-2.7426462184955027,0
76561197986793562,429,0,-2.7426462184955027,0
76561198030516476,34056,27,1.5875005150780823,1
76561197982655680,3115,19,0.1783954937226478,0
76561198082583564,2560,26,1.6944666777645452,1
76561198112890258,939,0,-2.7426462184955027,0
76561199078295060,3101,43,4.472595531198561,1
76561197971565582,381,0,-2.7426462184955027,0
76561198189249125,440,0,-2.7426462184955027,0
76561198026506133,41,0,-2.7426462184955027,0
76561197966468553,75288,40,3.931832948356175,1
76561198042731036,7077,30,2.196827619356919,1
76561198036256662,203,7,-1.5243841445827182,0
76561198385965145,31,4,-2.3431204799956147,0
76561198072678486,434,7,-1.5324980366842331,0
76561198014216780,2801,33,2.744386254271056,1
76561198032544384,215,0,-2.7426462184955027,0
76561198024647859,32809,43,4.472595531198561,1
76561198060563982,156,0,-2.7426462184955027,0
76561198971959226,800,13,-0.6162378969553476,0
76561197992044606,1021,9,-1.332735167434289,0
76561197960643486,479,0,-2.7426462184955027,0
76561197970831374,16682,37,3.406312790710053,1
76561198018813445,112,5,-2.0411185458117154,0
76561198029262157,3564,43,4.472595531198561,1
76561198062600893,4091,18,-0.0737777757346162,0
76561197990004842,390,12,-0.8464217357995799,0
76561197970724214,1987,22,0.8028488001324602,1
76561197964343044,231,2,-2.3685340881768866,0
76561198060871246,48,3,-2.344426500559617,0
76561198052481833,15553,43,4.472595531198561,1
76561197996411349,130,6,-1.8704329356160292,0
76561198042484540,635,11,-0.9903500272739636,0
76561198090812798,643,7,-1.5843823640894878,0
76561198028866149,1139,0,-2.7426462184955027,0
76561198054960169,435,0,-2.7426462184955027,0
76561198042890140,134,7,-1.8671795435650504,0
76561198185428926,4520,31,2.47974061281254,1
76561198003231683,1970,20,0.4545605368171226,0
76561198040884867,2171,0,-2.7426462184955027,0
76561198052138190,196,0,-2.7426462184955027,0
76561198066543155,8398,29,2.0351893529807716,1
76561198091078414,467,10,-1.136212666149178,0
76561198338219143,4523,29,2.2839949589096307,1
76561198029988932,266,0,-2.7426462184955027,0
76561198027732341,348,0,-2.7426462184955027,0
76561198178557050,1948,43,4.472595531198561,1
76561197998096051,4598,43,4.472595531198561,1
76561198416224768,131,0,-2.7426462184955027,0
76561197985318459,122,7,-1.6670064154930997,0
76561198075984299,12753,35,2.936506069535469,1
76561198010505891,2761,16,-0.2633710902044259,0
76561198010206173,153,10,-1.264580722967608,0
76561197995820083,3179,27,1.6800174062686015,1
76561198057283373,336,0,-2.7426462184955027,0
76561197987084546,21838,27,1.5329719578665246,1
76561197998493121,631,1,-2.4684155228018585,0
76561197980351392,207,7,-1.8413556765617716,0
76561198143491401,816,11,-1.1905231553459146,0
76561198039392732,10368,30,2.109246920602465,1
76561198004624882,22366,37,3.4536334088229808,1
76561197985754559,484,0,-2.7426462184955027,0
76561198025618418,9321,37,3.4173075060165687,1
76561198074190161,12605,31,2.278999079080127,1
76561198047506795,32409,43,4.472595531198561,1
76561197988769508,2752,3,-1.995727978422273,0
76561197991243081,602,0,-2.7426462184955027,0
76561197967578704,6685,23,0.8432450301950322,1
76561198870916350,4376,43,4.472595531198561,1
76561198037802252,442,3,-2.344426500559617,0
76561198196483042,345,7,-1.6670064154930997,0
76561198049445507,2734,20,0.4427536850703714,0
76561198061493460,11694,33,2.764439951010634,1
76561198081156647,4071,28,1.746453761292163,1
76561198023791161,71329,40,3.939454160954307,1
76561198016291889,96,3,-2.3003796437102055,0
76561199211843965,34655,43,4.472595531198561,1
76561198004429817,128,7,-1.6719760869300877,0
76561197989964238,282,0,-2.7426462184955027,0
76561198025796747,286,0,-2.7426462184955027,0
76561198051840144,524,0,-2.7426462184955027,0
76561197964134665,7609,43,4.472595531198561,1
76561198133918114,2723,20,0.5212202014772304,0
76561198013359357,315,0,-2.7426462184955027,0
76561197994872286,8726,33,2.639507467641718,1
76561198087088306,7904,29,2.056056572633208,1
76561198347518030,510,0,-2.7426462184955027,0
76561198219536444,599,2,-2.542883349245559,0
76561198018185345,1097,18,0.1194036711964147,0
76561198000877379,6381,43,4.472595531198561,1
76561198089235746,534,0,-2.7426462184955027,0
76561198025620038,7600,34,2.86284143997229,1
76561198994062628,2430,43,4.472595531198561,1
76561198047455579,423,17,0.1864621130950159,0
76561198022807781,2756,0,-2.7426462184955027,0
76561198074783402,530,0,-2.7426462184955027,0
76561197987296023,13823,27,1.566268249368084,1
76561198024735043,49531,43,4.472595531198561,1
76561198448119212,197,0,-2.7426462184955027,0
76561197970850127,105,7,-1.5942548684354083,0
76561198047884970,2742,21,0.6670344007595915,1
76561198872198245,4395,42,4.269169011075631,1
76561198002399439,2481,43,4.472595531198561,1
76561198172925593,79682,37,3.304715076699072,1
76561198034663705,418,0,-2.7426462184955027,0
76561198021536460,3429,28,1.8794618589967256,1
76561198029049127,408,0,-2.7426462184955027,0
76561197975413392,434,0,-2.7426462184955027,0
76561197987211098,79,2,-2.542883349245559,0
76561198381755148,1837,43,4.472595531198561,1
76561197993397600,1578,17,0.0305169518779584,0
76561197969991065,1550,21,0.6692930038622207,1
76561198126812721,6962,32,2.6216610757644307,1
76561198121767373,396,0,-2.7426462184955027,0
76561198032550800,313,0,-2.7426462184955027,0
76561198271393531,37922,43,4.472595531198561,1
76561198230358608,393,0,-2.7426462184955027,0
76561197983806198,5620,0,-2.7426462184955027,0
76561198040105839,4714,43,4.472595531198561,1
76561197986188338,694,10,-0.9518151655781604,0
76561198064614327,3799,36,3.1548042560657956,1
76561199033013466,198,0,-2.7426462184955027,0
76561198143142509,855,18,0.0307818918401172,0
76561198061737345,41,2,-2.363935175528766,0
76561197988417915,60,2,-2.542883349245559,0
76561198084374770,186,0,-2.7426462184955027,0
76561198018534147,189,9,-1.2583449369373587,0
76561198006714621,155,0,-2.7426462184955027,0
76561198335061024,454,0,-2.7426462184955027,0
76561198142817702,649,0,-2.7426462184955027,0
76561198098604636,256,0,-2.7426462184955027,0
76561198065699464,15444,43,4.472595531198561,1
76561198428261375,35,1,-2.4684155228018585,0
76561197987842001,348,13,-0.5744496432085651,0
76561198043607469,3521,28,1.9370127161582953,1
76561197973472887,195,7,-1.6670064154930997,0
76561198020850053,402,0,-2.7426462184955027,0
76561198028125071,565,0,-2.7426462184955027,0
76561197972542742,159,0,-2.7426462184955027,0
76561198352747639,2066,43,4.472595531198561,1
76561198078361063,14666,43,4.472595531198561,1
76561198001622086,32798,40,3.958070088858955,1
76561197990317825,3704,38,3.578945772392716,1
76561198049226196,980,13,-0.5744496432085651,0
76561198112780782,181,0,-2.7426462184955027,0
76561198077966385,39,3,-2.0665321539929873,0
76561198117798611,1846,0,-2.7426462184955027,0
76561198105390244,349,12,-0.8867552975627684,0
76561198068979743,523,7,-1.717842013059421,0
76561198079203100,20824,43,4.472595531198561,1
76561198055597355,2031,24,1.2100337453172074,1
76561198308478763,1769,43,4.472595531198561,1
76561198026912448,1201,3,-2.339456829122629,0
76561197982617834,170,10,-1.3013993052774024,0
76561198053070206,394,0,-2.7426462184955027,0
76561197979751856,21856,36,3.1253282197730448,1
76561198062394830,394,0,-2.7426462184955027,0
76561197999659168,786,0,-2.7426462184955027,0
76561198025266541,150,0,-2.7426462184955027,0
76561198058164023,2717,15,-0.4400677903211926,0
76561198136729976,392,0,-2.7426462184955027,0
76561198059216394,9063,41,4.149318998446266,1
76561198112009549,332,5,-1.970314370241001,0
76561197993215917,473,0,-2.7426462184955027,0
76561198010287383,22597,35,2.9495766089878255,1
76561198104956330,269,0,-2.7426462184955027,0
76561198118069340,2016,43,4.472595531198561,1
76561199048307659,198,0,-2.7426462184955027,0
76561198004400320,11606,36,3.347769445039116,1
76561197994448955,385,0,-2.7426462184955027,0
76561198052203863,40,1,-2.642764783870531,0
76561198004823797,141,0,-2.7426462184955027,0
76561198217979953,347,0,-2.7426462184955027,0
76561198059395340,16567,43,4.472595531198561,1
76561198066765397,28599,42,4.310957264822414,1
76561198093579202,423,0,-2.7426462184955027,0
76561198063997290,8100,33,2.628058688479937,1
76561197960292807,82,6,-1.7668878501180714,0
76561198098080821,1944,21,0.6987820642411179,1
76561198320249287,248,5,-2.0411185458117154,0
76561198156345324,58640,28,1.583735616813817,1
76561198038195848,267,0,-2.7426462184955027,0
76561198142329708,424,0,-2.7426462184955027,0
76561198309762695,20678,35,2.9632358895416315,1
76561198163139044,3049,43,4.472595531198561,1
76561198031209270,2186,0,-2.7426462184955027,0
76561198016012993,467,0,-2.7426462184955027,0
76561198075674749,410,10,-1.1160553289022144,0
76561198138017493,3116,0,-2.7426462184955027,0
76561198030728359,18724,43,4.472595531198561,1
76561198007893547,28414,40,3.9349515774587305,1
76561198207088253,222,0,-2.7426462184955027,0
76561198070644433,3584,23,1.1946900361734425,1
76561197996865611,31538,36,3.2525119948897485,1
76561197978127481,9059,43,4.472595531198561,1
76561199086098585,444,0,-2.7426462184955027,0
76561198111678291,1163,12,-0.8127473741543124,0
76561198021474487,619,0,-2.7426462184955027,0
76561198026716698,344,5,-2.0411185458117154,0
76561198136397211,385,0,-2.7426462184955027,0
76561198052111779,24276,29,1.9392654800809457,1
76561198051639199,451,0,-2.7426462184955027,0
76561198000257721,442,5,-1.970314370241001,0
76561198102339835,651,6,-1.7668878501180714,0
76561198055786013,49245,40,3.931832948356175,1
76561198027036398,2093,0,-2.7426462184955027,0
76561198028922089,2803,43,4.472595531198561,1
76561198263784049,198,0,-2.7426462184955027,0
76561198262904340,243,0,-2.7426462184955027,0
76561197979911851,387,0,-2.7426462184955027,0
76561198021422660,259,0,-2.7426462184955027,0
76561197972745621,362,5,-2.0411185458117154,0
76561198009854709,8760,25,1.4979979909213443,1
76561198039417534,188,7,-1.9553824624218756,0
76561198103107523,5707,35,3.0146072020025168,1
76561198249392362,403,0,-2.7426462184955027,0
76561198065795715,423,6,-1.7668878501180714,0
76561198082031773,1256,16,0.0690518135737619,0
76561198021653480,719,8,-1.697427385087388,0
76561198013178966,323,0,-2.7426462184955027,0
76561198169462091,704,0,-2.7426462184955027,0
76561198063563156,333,0,-2.7426462184955027,0
76561197982332228,2954,0,-2.7426462184955027,0
76561198309643622,715,17,0.0993462572465565,0
76561198081999502,22734,43,4.472595531198561,1
76561198075820042,6731,43,4.472595531198561,1
76561198046878168,359,2,-2.542883349245559,0
76561198125123765,485,0,-2.7426462184955027,0
76561198194518970,450,1,-2.544189369809561,0
76561197967370369,154,0,-2.7426462184955027,0
76561198322706831,2810,43,4.472595531198561,1
76561198071221914,12374,19,0.21733773433441,0
76561198078207454,75935,40,3.837856446943326,1
76561197971359239,43783,43,4.472595531198561,1
76561197960759094,543,10,-1.12026130349182,0
76561198030277114,429,11,-0.8160007662052915,0
76561198090598330,296,6,-1.967060978190022,0
76561198449576368,1759,21,0.6670344007595915,1
76561198103866743,7323,28,1.7686884989591507,1
76561198117925723,2459,43,4.472595531198561,1
76561198289298559,2406,22,0.991669478195174,1
76561197999117252,3919,27,1.7845294224855064,1
76561198234227036,1273,31,2.4914215554683414,1
76561198246701002,262,0,-2.7426462184955027,0
76561198058115931,138,1,-2.544189369809561,0
76561197969417973,4907,43,4.472595531198561,1
76561198048392507,11279,9,-1.6343645327722105,0
76561198063601821,153,0,-2.7426462184955027,0
76561197979084213,551,4,-2.244545065934645,0
76561197960301580,22168,33,2.634137546791374,1
76561198028137544,133,0,-2.7426462184955027,0
76561197995588045,52,4,-2.244545065934645,0
76561198256827513,2214,43,4.472595531198561,1
76561198141448555,1459,25,1.314439604825155,1
76561197998949214,7315,34,2.8700697145119074,1
76561198084941880,5313,27,1.6051770109789232,1
76561197993515847,1406,0,-2.7426462184955027,0
76561197996966511,5709,33,2.813402664855124,1
76561198963491346,6509,43,4.472595531198561,1
76561198011302473,16788,36,3.2365606322323908,1
76561199163346378,5040,43,4.472595531198561,1
76561197970767462,981,18,0.2478936487293597,0
76561198044681116,1927,4,-2.2395753944976566,0
76561197971204006,588,4,-2.1687712189269424,0
76561197997112174,255,3,-2.240881415061659,0
76561197975391677,3310,19,0.4077733028611014,0
76561198078011536,473,10,-1.2505637077110807,0
76561198022852314,559,0,-2.7426462184955027,0
76561198261798215,3665,43,4.472595531198561,1
76561198011246742,4169,27,1.70192604440513,1
76561198228638448,1858,16,-0.281594080050559,0
76561198023531599,300,4,-2.1641723062788216,0
76561197970791672,398,0,-2.7426462184955027,0
76561197999392948,61432,39,3.759199966673512,1
76561198187580027,526,0,-2.7426462184955027,0
76561198350365789,4887,43,4.472595531198561,1
76561198090664778,2834,0,-2.7426462184955027,0
76561198041034384,1070,17,0.0761535959634353,0
76561198077248235,369,0,-2.7426462184955027,0
76561198096265586,144,7,-1.5942548684354083,0
76561197974786730,6067,34,2.890844504074317,1
76561198030123832,1386,29,1.991412937391248,1
76561198078952194,3535,43,4.472595531198561,1
76561198067261759,536,4,-2.1409999804366873,0
76561198084092954,3037,43,4.472595531198561,1
76561197982079483,1760,20,0.525377736473983,0
76561198151617563,320,5,-1.970314370241001,0
76561198071922719,570,4,-2.1247243620775307,0
76561198005968036,13399,30,2.132819495857955,1
76561197965964690,375,0,-2.7426462184955027,0
76561198027667124,456,0,-2.7426462184955027,0
76561198001471216,143,3,-2.4430019146205866,0
76561198036714867,10612,42,4.328667239724178,1
76561198115795404,6371,33,2.636220414737578,1
76561198060721962,441,12,-0.7520522963282162,0
76561198034218764,3907,25,1.3095367719162228,1
76561198084178836,128,6,-1.8794802794355685,0
76561197996251755,720,8,-1.4503265769610247,0
76561198016019048,451,0,-2.7426462184955027,0
76561197989930177,1184,21,0.7238215610737787,1
76561198006159566,3841,43,4.472595531198561,1
76561197998776409,262,0,-2.7426462184955027,0
76561197994002775,656,0,-2.7426462184955027,0
76561198130370824,475,15,-0.1780953157874319,0
76561197972344657,7427,43,4.472595531198561,1
76561197998444372,595,0,-2.7426462184955027,0
76561198101049562,604,0,-2.7426462184955027,0
76561198013729168,3923,23,0.9251805990523274,1
76561198019754955,9036,43,4.472595531198561,1
76561198072532181,7734,23,1.0229442145553098,1
76561197993881753,832,30,2.2511339383249824,1
76561198048964461,36664,43,4.472595531198561,1
76561198077644112,581,0,-2.7426462184955027,0
76561198366885777,90,0,-2.7426462184955027,0
76561198008117679,314,0,-2.7426462184955027,0
76561198011208350,316,0,-2.7426462184955027,0
76561198121070383,617,13,-0.6112682255183594,0
76561198023296561,396,0,-2.7426462184955027,0
76561198058781656,1335,21,0.7378385763303058,1
76561198322492284,6173,33,2.665907051660299,1
76561197988610065,2991,0,-2.7426462184955027,0
76561198166927505,21221,43,4.472595531198561,1
76561198119652767,59,3,-2.344426500559617,0
76561198096194280,5371,43,4.472595531198561,1
76561197987034326,394,0,-2.7426462184955027,0
76561198116664699,8079,43,4.472595531198561,1
76561198097953835,25884,39,3.7515787540753793,1
76561198067439789,283,0,-2.7426462184955027,0
76561197993745077,124,0,-2.7426462184955027,0
76561198079213042,31926,36,3.218850657330627,1
76561198005996565,28255,41,4.127329567833235,1
76561198008332774,147,0,-2.7426462184955027,0
76561197988329388,5068,43,4.472595531198561,1
76561198039493969,25063,31,2.36565336991692,1
76561198064860636,2915,22,0.4741318800856547,0
76561198017412459,6060,33,2.677124894751124,1
76561198036279598,4854,22,0.7590856761835614,1
76561198101771814,753,5,-2.144663631309673,0
76561198016849836,7104,43,4.472595531198561,1
76561198063952731,2966,19,0.0495265320796349,0
76561198080106269,322,0,-2.7426462184955027,0
76561198075466721,7177,34,2.878399864571133,1
76561197999339700,552,0,-2.7426462184955027,0
76561197985415939,148,0,-2.7426462184955027,0
76561198275228651,150,0,-2.7426462184955027,0
76561198090321265,70715,43,4.472595531198561,1
76561198041689171,2575,0,-2.7426462184955027,0
76561198070686374,546,0,-2.7426462184955027,0
76561198009717070,14535,40,3.994395991665367,1
76561198057329243,140,0,-2.7426462184955027,0
76561198018555921,387,0,-2.7426462184955027,0
76561197978114813,2068,22,0.7699588086578104,1
76561198082998253,682,0,-2.7426462184955027,0
76561198414768551,458,9,-1.125333764822721,0
76561198013939675,133,6,-1.7668878501180714,0
76561198046979629,484,0,-2.7426462184955027,0
76561198379883679,2417,43,4.472595531198561,1
76561198030926535,11005,39,3.67837704222494,1
76561198029374030,109,5,-1.9225615296602072,0
76561198004859223,419,2,-2.3685340881768866,0
76561197965388486,4471,43,4.472595531198561,1
76561198081481766,5101,28,1.808637010102776,1
76561197983064780,390,9,-1.2488474283250717,0
76561197998883514,21676,37,3.551815884825435,1
76561198034698530,393,0,-2.7426462184955027,0
76561198120468864,49233,18,0.0894957503180456,0
76561198033808029,272,0,-2.7426462184955027,0
76561197983524304,206,0,-2.7426462184955027,0
76561197971410481,1640,25,1.456168946818798,1
76561198028569459,453,0,-2.7426462184955027,0
76561197982606807,343,13,-0.7097217188648137,0
76561197982718230,237,5,-2.0829067995584976,0
76561198350914535,5763,22,0.7691874625733387,1
76561198000505067,159,0,-2.7426462184955027,0
76561198014626499,658,8,-1.606965863127933,0
76561197982581727,5297,34,2.786674654906072,1
76561198153525620,10724,43,4.472595531198561,1
76561198281175891,218,0,-2.7426462184955027,0
76561198282335679,563,0,-2.7426462184955027,0
76561197992906798,529,0,-2.7426462184955027,0
76561198111200508,21174,37,3.41231224301761,1
76561198152365403,2819,43,4.472595531198561,1
76561198017293639,60881,41,4.11208714263697,1
76561198063902227,89,0,-2.7426462184955027,0
76561198063990605,534,0,-2.7426462184955027,0
76561198026535099,52,0,-2.7426462184955027,0
76561198037440919,1243,14,-0.4804234975824789,0
76561198047270545,5114,25,1.2683080362008787,1
76561198066945046,4928,0,-2.7426462184955027,0
76561197997740965,415,0,-2.7426462184955027,0
76561198089801281,219,0,-2.7426462184955027,0
76561197979235430,114,6,-1.7668878501180714,0
76561198043251650,2295,18,0.2638450113867178,0
76561198009055009,222,0,-2.7426462184955027,0
76561198258571297,1817,43,4.472595531198561,1
76561198004691205,12022,36,3.2916022043883184,1
76561197970675024,7959,26,1.4148675333954197,1
76561197985000161,423,0,-2.7426462184955027,0
76561197988448073,5004,22,0.8396673824422546,1
76561198868784748,7224,43,4.472595531198561,1
76561198125355177,1453,18,0.2073415839730435,0
76561198033535814,482,4,-1.9666507193680156,0
76561197965274807,78187,43,4.472595531198561,1
76561198036995672,216,6,-1.79271171712135,0
76561199055203334,354,0,-2.7426462184955027,0
76561197969226943,279,0,-2.7426462184955027,0
76561198011541019,24570,34,2.9745279162869025,1
76561198013566220,19874,43,4.472595531198561,1
76561198350131628,449,0,-2.7426462184955027,0
76561198062901118,455,0,-2.7426462184955027,0
76561198216975279,142,0,-2.7426462184955027,0
76561197987924419,192,5,-1.965344698804013,0
76561198000547270,3924,27,1.81890829168719,1
76561199064473105,1365,0,-2.7426462184955027,0
76561198032349132,2101,23,0.8815052804022746,1
76561197962767542,546,0,-2.7426462184955027,0
76561198000374639,852,4,-2.244545065934645,0
76561197991757040,17518,43,4.472595531198561,1
76561197971110737,26897,30,2.0645908677368277,1
76561198370061003,190,0,-2.7426462184955027,0
76561198062227632,4821,30,2.2218393499199616,1
76561198056047449,12517,29,1.8881104255777712,1
76561198077603629,2860,33,2.6381677862245545,1
76561197993279741,72,4,-2.3431204799956147,0
76561198377078331,43036,43,4.472595531198561,1
76561198000262690,713,9,-1.368668132182186,0
76561198053005358,5267,41,4.125240719601248,1
76561198861426666,302,3,-2.4430019146205866,0
76561198253459984,8845,36,3.2244368361386826,1
76561198805739359,674,7,-1.4926571544244274,0
76561198024195554,556,10,-1.0031009279372298,0
76561198005265551,366,0,-2.7426462184955027,0
76561198047167723,589,0,-2.7426462184955027,0
76561198078178103,586,0,-2.7426462184955027,0
76561197995168435,724,11,-0.9145761802662612,0
76561198027233260,274,0,-2.7426462184955027,0
76561198014974789,576,0,-2.7426462184955027,0
76561197995083097,5677,43,4.472595531198561,1
76561198000015568,56671,39,3.6652234652606626,1
76561197970493829,9280,34,2.8506416501670233,1
76561198054553341,649,0,-2.7426462184955027,0
76561198047112621,12849,38,3.622892887797261,1
76561198046474043,11042,43,4.472595531198561,1
76561197967576247,963,15,-0.2033598128399603,0
76561197995290159,2989,8,-1.5489019910219943,0
76561197987502418,197,3,-2.4430019146205866,0
76561198035961744,2047,0,-2.7426462184955027,0
76561197967303226,2491,24,1.0166901483179305,1
76561198118421272,131,0,-2.7426462184955027,0
76561198006268674,14516,43,4.472595531198561,1
76561197992409766,473,6,-2.026559206838568,0
76561198063836659,826,16,-0.1720239506830736,0
76561198051733124,42939,43,4.472595531198561,1
76561198302923503,397,9,-1.2886883105848774,0
76561198000284462,2673,18,0.095662270932584,0
76561198029028690,51,0,-2.7426462184955027,0
76561198352269269,2458,39,3.736027640831377,1
76561198000711279,204,6,-1.8612572895894353,0
76561198351577048,5658,43,4.472595531198561,1
76561198047029812,19169,43,4.472595531198561,1
76561198042633209,6603,40,4.01210596656713,1
76561198913010922,3784,43,4.472595531198561,1
76561198200337814,13000,43,4.472595531198561,1
76561198120594540,995,5,-2.1396939598726847,0
76561197989786789,171,4,-2.070195804865973,0
76561197962737643,1853,23,1.055225010013734,1
76561198133307300,332,7,-1.7355519879611847,0
76561198053948039,7088,38,3.607650462600996,1
76561197989086731,12052,43,4.472595531198561,1
76561197960366517,411,0,-2.7426462184955027,0
76561198136898080,454,9,-1.1760958812673803,0
76561197971981160,22484,40,3.931832948356175,1
76561198089299679,458,0,-2.7426462184955027,0
76561197979718121,1050,0,-2.7426462184955027,0
76561198050854730,1362,21,0.6692930038622207,1
76561197970799580,237,9,-1.332735167434289,0
76561198117143056,28827,38,3.5531219053894376,1
76561197993775251,757,17,0.0053899431940065,0
76561198031542514,476,0,-2.7426462184955027,0
76561198011629103,18314,43,4.472595531198561,1
76561197984235967,401,0,-2.7426462184955027,0
76561197998052523,704,22,0.8331383593380692,1
76561198115840410,137,8,-1.5671249808681271,0
76561198092364177,3678,26,1.6572700253110428,1
76561198255569062,8333,43,4.472595531198561,1
76561198054004608,2110,43,4.472595531198561,1
76561197988903500,152,0,-2.7426462184955027,0
76561197971576301,484,6,-1.9412371111867437,0
76561197997317410,4940,31,2.362191536144201,1
76561198071107427,15127,35,3.118969222705655,1
76561198839371460,35,3,-2.170077239490945,0
76561198021038522,431,0,-2.7426462184955027,0
76561198033602078,2031,22,0.9005385966315322,1
76561198027987860,787,20,0.5234918286660054,0
76561198024200123,461,0,-2.7426462184955027,0
76561198282831248,505,0,-2.7426462184955027,0
76561198015223061,247,10,-1.2955440162785163,0
76561197969915893,752,2,-2.3685340881768866,0
76561198085369626,589,9,-1.3504451423360528,0
76561198009764050,8230,36,3.2475553475389067,1
76561198053301435,1606,19,0.4158871949626163,0
76561198059307202,27552,43,4.472595531198561,1
76561198119104567,10669,43,4.472595531198561,1
76561197993312863,151,0,-2.7426462184955027,0
76561198045407759,2883,34,2.7539337449788284,1
76561198033162411,78,2,-2.3685340881768866,0
76561198057078777,8138,43,4.472595531198561,1
76561197995014608,1204,8,-1.55989670632851,0
76561197961444200,1479,19,0.403122820806488,0
76561198070109610,12879,43,4.472595531198561,1
76561197992375357,14964,33,2.6132703271389373,1
76561198275649621,3225,43,4.472595531198561,1
76561198932133287,6834,43,4.472595531198561,1
76561198993697628,1770,27,1.741207408633498,1
76561198004116274,2063,43,4.472595531198561,1
76561198025257831,485,0,-2.7426462184955027,0
76561198064609090,2887,24,1.3340546183554989,1
76561198333271860,664,15,-0.1575543437461431,0
76561198275249113,5532,35,3.1411783688106727,1
76561198038616833,39801,36,3.197983437678191,1
76561198022898802,4528,43,4.472595531198561,1
76561198314093601,7998,43,4.472595531198561,1
76561198053965300,491,0,-2.7426462184955027,0
76561198082363887,668,6,-1.8354334225861568,0
76561198037613508,1860,19,0.3895503130149683,0
76561198146593189,5598,0,-2.7426462184955027,0
76561198269571712,132,7,-1.6670064154930997,0
76561198018742597,516,0,-2.7426462184955027,0
76561198011368261,53377,39,3.7515787540753793,1
76561197969052165,156,10,-1.2505637077110807,0
76561198036348117,50672,43,4.472595531198561,1
76561198067953510,22211,37,3.4173075060165687,1
76561198042773556,21093,43,4.472595531198561,1
76561198003093454,3375,0,-2.7426462184955027,0
76561198066612518,546,0,-2.7426462184955027,0
76561197992274874,511,0,-2.7426462184955027,0
76561198179992770,1896,27,1.7245388522158265,1
76561197988118202,7067,32,2.571845702678419,1
76561198003232563,1592,9,-1.3944919991854643,0
76561198038911024,17301,33,2.5700151518149843,1
76561197990086462,6507,43,4.472595531198561,1
76561198036933650,557,0,-2.7426462184955027,0
76561197966158801,4634,26,1.3927496501235237,1
76561198408792535,1268,18,-0.0299338593092142,0
76561198096461150,784,9,-1.3226739038457973,0
76561197999551579,297,0,-2.7426462184955027,0
76561197988995835,2200,25,1.3159940382536168,1
76561197986074665,23212,38,3.4849692709798674,1
76561198344068866,2555,43,4.472595531198561,1
76561197978569122,15006,34,2.779824450510163,1
76561198107029439,13330,37,3.4921181732871545,1
76561197968658003,265,0,-2.7426462184955027,0
76561197991213990,3690,26,1.4707342660777285,1
76561198044048161,3247,15,-0.3687352112107556,0
76561198044440062,273,0,-2.7426462184955027,0
76561198023077730,4821,12,-1.0177486969182408,0
76561198042395850,164,0,-2.7426462184955027,0
76561198108831399,16701,43,4.472595531198561,1
76561198101432241,11429,43,4.472595531198561,1
76561198014485998,500,0,-2.7426462184955027,0
76561198018528411,69,6,-1.7486648602719383,0
76561198016615227,27665,43,4.472595531198561,1
76561198280830500,319,13,-0.6112682255183594,0
76561197970532816,1047,27,1.843156325402851,1
76561198046468073,174,5,-1.970314370241001,0
76561198032591844,888,7,-1.7795988448105964,0
76561197975440895,625,18,0.1512525820692208,0
76561198233046160,2641,43,4.472595531198561,1
76561198004595236,18380,43,4.472595531198561,1
76561198001462963,29214,31,2.2998662987325633,1
76561198009015400,406,0,-2.7426462184955027,0
76561198000826779,337,0,-2.7426462184955027,0
76561198024246936,6052,29,2.1227292613794617,1
76561197960547315,609,0,-2.7426462184955027,0
76561197963550511,480,3,-2.4430019146205866,0
76561198034385973,214,7,-1.6670064154930997,0
76561198072381855,323,0,-2.7426462184955027,0
76561198108620000,1264,0,-2.7426462184955027,0
76561198046680021,473,0,-2.7426462184955027,0
76561198826748776,3672,30,2.25207337032879,1
76561198074545639,1813,21,0.6919188357590627,1
76561198334021534,3197,43,4.472595531198561,1
76561198047070953,6660,30,2.0774791400884105,1
76561198027883320,7502,24,1.287756469758299,1
76561198870293187,75,5,-2.243239045370643,0
76561198112672661,165,3,-2.344426500559617,0
76561197969171432,1351,0,-2.7426462184955027,0
76561198041298094,744,18,0.3172105672819167,0
76561198014776829,767,20,0.6197970020108224,1
76561198026265094,50,7,-1.591232568485397,0
76561198048140997,10768,43,4.472595531198561,1
76561198003344867,4860,31,2.5322613415016053,1
76561198029996726,754,9,-1.4231966893937438,0
76561198160078610,466,2,-2.444307935184589,0
76561198045740239,38073,37,3.396440286364132,1
76561198048076196,846,0,-2.7426462184955027,0
76561198113457184,470,0,-2.7426462184955027,0
76561198075851949,14855,32,2.469125777706843,1
76561198032741304,53,6,-1.8685947692870548,0
76561198078423165,4441,24,1.297728715549087,1
76561197966690560,28039,43,4.472595531198561,1
76561198040484666,2449,43,4.472595531198561,1
76561198863590935,4798,43,4.472595531198561,1
76561198058577517,6846,26,1.6354152016164238,1
76561198078103345,96,6,-1.7668878501180714,0
76561198064409203,10100,42,4.328667239724178,1
76561198007921883,8382,27,1.674588534329154,1
76561198141806754,1012,16,-0.2088425329928679,0
76561198000630472,136,6,-1.7668878501180714,0
76561198023594531,577,0,-2.7426462184955027,0
76561198128679947,516,4,-2.244545065934645,0
76561197986353054,683,6,-1.7626818755284657,0
76561198150023286,222,7,-1.7686041295040806,0
76561198061023307,7343,43,4.472595531198561,1
76561198203362334,2745,43,4.472595531198561,1
76561198025213357,283,0,-2.7426462184955027,0
76561197993698981,330,0,-2.7426462184955027,0
76561197972731767,577,0,-2.7426462184955027,0
76561198205968384,13176,43,4.472595531198561,1
76561198027214426,57652,43,4.472595531198561,1
76561198989466867,2634,43,4.472595531198561,1
76561198006766715,11189,40,3.986282099563853,1
76561198019708471,160,4,-2.1668238474399657,0
76561197965217014,768,9,-1.524794403404725,0
76561198163992822,6724,37,3.506323947786252,1
76561198003319092,3279,43,4.472595531198561,1
76561198000307034,1715,24,1.1836968633695597,1
76561197979933859,2577,31,2.4152122556914892,1
76561198049807324,17777,38,3.578945772392716,1
76561198024968498,343,0,-2.7426462184955027,0
76561198089404867,459,0,-2.7426462184955027,0
76561198218497305,233,12,-0.8854989212120035,0
76561197987089584,68,4,-1.9666507193680156,0
76561198067824708,247,9,-1.3246212753327742,0
76561197993529099,29369,39,3.7515787540753793,1
76561198356654676,6976,42,4.328667239724178,1
76561197984813768,595,0,-2.7426462184955027,0
76561198008369751,67065,43,4.472595531198561,1
76561197965333589,212,0,-2.7426462184955027,0
76561197961318302,657,8,-1.6687226948791083,0
76561198118726910,452,0,-2.7426462184955027,0
76561198055326676,420,0,-2.7426462184955027,0
76561198272335001,336,0,-2.7426462184955027,0
76561198028883943,12239,39,3.814141797384571,1
76561198021180815,481,2,-2.542883349245559,0
76561198027880845,219,11,-1.0712154664331697,0
76561198061248268,19136,15,-0.4145276562184268,0
76561198176059619,339,0,-2.7426462184955027,0
76561198081301799,1003,15,-0.4910994584849263,0
76561198040161412,564,0,-2.7426462184955027,0
76561197978582795,121,4,-2.3431204799956147,0
76561198083931265,2683,43,4.472595531198561,1
76561197990183727,10876,28,1.9592937671107915,1
76561198043892935,45618,33,2.5845656369306584,1
76561198057942218,537,20,0.1433829228350793,0
76561197994445738,535,0,-2.7426462184955027,0
76561197960405174,206,6,-1.897190254337332,0
76561198022971777,227,9,-1.3504451423360528,0
76561197988167503,578,0,-2.7426462184955027,0
76561198094411705,7024,28,1.792685647445418,1
76561198071692863,27453,36,3.213934800335549,1
76561198049211014,523,0,-2.7426462184955027,0
76561198163792761,48248,43,4.472595531198561,1
76561198173634835,380,0,-2.7426462184955027,0
76561197969773091,217,0,-2.7426462184955027,0
76561197991991520,502,0,-2.7426462184955027,0
76561197999726935,10509,40,4.056152823416542,1
76561197993824256,12460,33,2.603344008351107,1
76561198127495504,241,0,-2.7426462184955027,0
76561198008438473,451,9,-1.4159684148541265,0
76561197966873544,699,9,-1.3922333960828353,0
76561197988535411,2549,3,-2.4430019146205866,0
76561198060685657,217,6,-1.9412371111867437,0
76561197994164612,3176,43,4.472595531198561,1
76561198002385573,585,2,-2.3685340881768866,0
76561198055487656,61,0,-2.7426462184955027,0
76561198283785877,560,0,-2.7426462184955027,0
76561198010001511,625,0,-2.7426462184955027,0
76561197988234566,21175,35,3.063927650549728,1
76561198042104476,44,4,-2.070195804865973,0
76561197996503861,1102,17,0.0036313309496008,0
76561197975423892,442,11,-1.00855268167911,0
76561197969100147,478,0,-2.7426462184955027,0
76561198093799893,250,11,-0.9964288855854012,0
76561198015351752,425,0,-2.7426462184955027,0
76561198020313592,15925,39,3.803147082078056,1
76561198066694652,88,8,-1.622930249871437,0
76561198011647032,638,2,-2.3665867166899095,0
76561198086929527,56,4,-2.2395753944976566,0
76561197975331788,177,0,-2.7426462184955027,0
76561198002983121,143,0,-2.7426462184955027,0
76561198063871669,3871,39,3.790969471542437,1
76561198061446122,6390,38,3.660124743606557,1
76561198025859378,2973,43,4.472595531198561,1
76561198038556165,141,0,-2.7426462184955027,0
76561198014817175,225,0,-2.7426462184955027,0
76561197981690710,399,0,-2.7426462184955027,0
76561197998816333,430,8,-1.5671249808681271,0
76561197973883957,340,0,-2.7426462184955027,0
76561197979549440,7678,32,2.534080377009977,1
76561198069672812,131,9,-1.3246212753327742,0
76561198041457876,1749,14,-0.6526839104191636,0
76561198010983183,1954,22,1.0993667238408276,1
76561198112667420,605,0,-2.7426462184955027,0
76561197970838485,488,6,-1.696083674547357,0
76561198844550932,602,0,-2.7426462184955027,0
76561197961048460,289,0,-2.7426462184955027,0
76561198061291431,5005,28,1.7778434716625091,1
76561198015481934,571,0,-2.7426462184955027,0
76561197963695471,30343,38,3.578945772392716,1
76561198164951219,177,0,-2.7426462184955027,0
76561198066148879,399,0,-2.7426462184955027,0
76561198855518804,302,19,0.322722562435525,0
76561198077518117,25985,38,3.4849692709798674,1
76561197973897944,184,0,-2.7426462184955027,0
76561198843841573,143,0,-2.7426462184955027,0
76561197989544294,431,9,-1.1760958812673803,0
76561197986568026,17177,37,3.3289171834117752,1
76561198052514327,432,0,-2.7426462184955027,0
76561198004754538,68,0,-2.7426462184955027,0
76561198200501842,1985,22,1.0249378776957805,1
76561198019946240,552,0,-2.7426462184955027,0
76561198047975581,17533,43,4.472595531198561,1
76561198009653095,2759,24,1.0466585262318158,1
76561198917169897,7993,43,4.472595531198561,1
76561198361600292,4968,29,1.975691124332225,1
76561198032415501,354,0,-2.7426462184955027,0
76561198836897819,118,6,-1.983025364933526,0
76561198053369031,16096,36,3.273379214542185,1
76561198050033018,481,0,-2.7426462184955027,0
76561198063392506,343,12,-0.7478463217386104,0
76561198017899277,193,10,-1.2247398407078025,0
76561198399780165,59,1,-2.642764783870531,0
76561198029800969,493,6,-1.7668878501180714,0
76561198046588672,1594,25,1.3117342492221014,1
76561198196227601,419,0,-2.7426462184955027,0
76561197960286640,298,4,-2.1668238474399657,0
76561198048453468,1454,23,0.9207239425597088,1
76561198015528525,86,6,-1.79271171712135,0
76561199143126237,624,3,-2.4430019146205866,0
76561197995856662,2495,0,-2.7426462184955027,0
76561198279067706,262,0,-2.7426462184955027,0
76561197989807190,435,0,-2.7426462184955027,0
76561198016432154,426,1,-2.642764783870531,0
76561198007252323,12209,35,3.132669293615225,1
76561197972482791,1613,17,0.0763828780072919,0
76561198045737785,532,0,-2.7426462184955027,0
76561198013680011,977,0,-2.7426462184955027,0
76561198037003719,190,18,0.0392427395936246,0
76561198917350605,252,5,-2.1396939598726847,0
76561198035188248,7016,33,2.7054091481857485,1
76561198067708484,494,11,-1.1048768039922914,0
76561198071967202,1249,16,-0.0931058830108442,0
76561197994309228,69,0,-2.7426462184955027,0
76561198105192566,189,0,-2.7426462184955027,0
76561198020359369,52038,43,4.472595531198561,1
76561198074312582,11928,35,2.9215014502367587,1
76561197966773879,1597,26,1.4202783149292977,1
76561197961096804,12163,32,2.564224490080287,1
76561198023174870,352,0,-2.7426462184955027,0
76561197975024178,643,15,-0.2871060752041673,0
76561198283311708,532,22,0.6537769121217742,1
76561197975931257,36,2,-2.542883349245559,0
76561198932467574,39,2,-2.542883349245559,0
76561198001455830,381,0,-2.7426462184955027,0
76561198159796495,14209,43,4.472595531198561,1
76561197981111953,139,0,-2.7426462184955027,0
76561198076917180,6866,38,3.750586265566011,1
76561198096655954,6231,40,3.983401276358851,1
76561197970337436,16019,34,2.8860210771692656,1
76561197998961605,683,0,-2.7426462184955027,0
76561198136979501,65,3,-2.4430019146205866,0
76561198051919234,7318,32,2.645368595820582,1
76561198031418338,4350,28,1.8094156675420885,1
76561198156021248,9161,35,3.035474421654953,1
76561197998337907,353,0,-2.7426462184955027,0
76561197970812258,5189,43,4.472595531198561,1
76561198139908577,59,3,-2.4430019146205866,0
76561197991747394,286,0,-2.7426462184955027,0
76561197998058239,173,0,-2.7426462184955027,0
76561198199969253,403,9,-1.3534674422860642,0
76561198121273308,1413,0,-2.7426462184955027,0
76561197993435132,211,7,-1.724557272654669,0
76561197970675272,495,5,-2.144663631309673,0
76561197979931158,3928,43,4.472595531198561,1
76561198106145311,419,3,-2.4430019146205866,0
76561198016024155,1413,18,0.0178059571854336,0
76561197998833800,223,0,-2.7426462184955027,0
76561198843434426,1032,16,-0.0704262366720925,0
76561198133372348,143,6,-1.7668878501180714,0
76561198393951755,470,11,-1.0889254413349334,0
76561198842269103,14722,43,4.472595531198561,1
76561197976579619,520,4,-1.992474586371294,0
76561197972256700,1867,30,2.2353509994692087,1
76561198019197628,8214,43,4.472595531198561,1
76561197963135603,251,10,-1.0762144466424084,0
76561197964473408,473,0,-2.7426462184955027,0
76561198081961727,286,5,-1.9793617140605404,0
76561197987212565,14984,43,4.472595531198561,1
76561198098126299,46,3,-2.4430019146205866,0
76561197972625086,1642,7,-1.5116308170317967,0
76561198032729607,35621,35,2.9782812991961047,1
76561198027946435,18182,43,4.472595531198561,1
76561199088877943,20087,43,4.472595531198561,1
76561198039198161,7408,43,4.472595531198561,1
76561198030225688,315,0,-2.7426462184955027,0
76561197992783558,577,7,-1.6229595586436878,0
76561197982507630,221,0,-2.7426462184955027,0
76561198019124682,46,3,-2.4430019146205866,0
76561197977451417,3534,25,1.3114099935203027,1
76561197988672858,413,0,-2.7426462184955027,0
76561198057498761,6679,37,3.5593373559787005,1
76561198136277601,309,23,1.0360974536373386,1
76561198056893819,88,4,-2.244545065934645,0
76561198011389008,24698,43,4.472595531198561,1
76561199068196811,226,2,-2.542883349245559,0
76561198045337433,21908,34,2.814391741072169,1
76561198002956670,5077,36,3.2778987211864257,1
76561197995281961,570,0,-2.7426462184955027,0
76561197972616894,4254,16,-0.2088425329928679,0
76561197998138780,37,2,-2.444307935184589,0
76561198047517097,8932,32,2.5918069693279713,1
76561198045553085,1235,14,-0.6149318763913452,0
76561198110110963,26823,43,4.472595531198561,1
76561197993566384,147,8,-1.606965863127933,0
76561198006268774,568,6,-1.79271171712135,0
76561198085791383,24013,33,2.5746931325847378,1
76561197970538611,418,6,-1.8962568026193076,0
76561198044132953,3975,28,1.9111888491550169,1
76561198092258220,173,2,-2.542883349245559,0
76561198000574093,11309,28,1.808637010102776,1
76561198103648546,143,0,-2.7426462184955027,0
76561198104557457,469,0,-2.7426462184955027,0
76561198256110677,2139,22,0.8904294988869141,1
76561198055677691,366,9,-1.2996830258913934,0
76561198049212147,620,14,-0.5340664372321392,0
76561197970897249,27850,43,4.472595531198561,1
76561198012557600,1732,23,1.0849376397051826,1
76561198028706134,21152,43,4.472595531198561,1
76561197986562887,534,0,-2.7426462184955027,0
76561198028091020,3730,29,2.0070603797877946,1
76561198133361926,17201,43,4.472595531198561,1
76561198249063862,2250,43,4.472595531198561,1
76561199200862532,2083,43,4.472595531198561,1
76561197977546112,377,0,-2.7426462184955027,0
76561197966242763,347,0,-2.7426462184955027,0
76561198396994655,1595,25,1.412418846956045,1
76561198007536546,278,0,-2.7426462184955027,0
76561197962202166,16162,28,1.7831373988012955,1
76561198017346926,10324,5,-1.9684762039120267,0
76561198079864421,5688,30,2.1850284168472567,1
76561197995142744,883,18,0.1724978718653654,0
76561198056116324,216,0,-2.7426462184955027,0
76561198098132374,150,0,-2.7426462184955027,0
76561198022620733,3065,35,2.991848149659884,1
76561197987453398,439,0,-2.7426462184955027,0
76561198023114147,429,0,-2.7426462184955027,0
76561197975942806,149,0,-2.7426462184955027,0
76561198091409638,46300,43,4.472595531198561,1
76561198272008631,1503,8,-1.5959711478214176,0
76561198388606792,155,5,-1.8667692847430437,0
76561198113104554,745,11,-0.8068251201786976,0
76561198046610907,421,0,-2.7426462184955027,0
76561198038056805,86,6,-1.6610841615174847,0
76561198023692991,547,0,-2.7426462184955027,0
76561198078599118,542,2,-2.3685340881768866,0
76561197988445370,49,1,-2.544189369809561,0
76561198002707908,40079,38,3.578945772392716,1
76561198023794868,512,0,-2.7426462184955027,0
76561197979803978,474,12,-0.8545356279010949,0
76561198067040444,413,7,-1.6628004409034935,0
76561198051227320,1993,22,0.9602464082976944,1
76561198075749816,571,0,-2.7426462184955027,0
76561197963040896,664,0,-2.7426462184955027,0
76561198004427256,48459,37,3.304715076699072,1
76561198047441723,7676,43,4.472595531198561,1
76561198009474997,3035,43,4.472595531198561,1
76561198139119038,240,0,-2.7426462184955027,0
76561198058471112,4498,43,4.472595531198561,1
76561198003886667,1569,23,1.1814032387633746,1
76561198002466205,256,0,-2.7426462184955027,0
76561197979230085,395,10,-1.435047713489907,0
76561198093999461,251,0,-2.7426462184955027,0
76561197992012153,2522,16,-0.1562483231821407,0
76561198811786065,5376,43,4.472595531198561,1
76561198000244134,304,0,-2.7426462184955027,0
76561198239799624,625,15,-0.2033598128399603,0
76561198023327915,176,0,-2.7426462184955027,0
76561199383273506,3612,25,1.3100294514196054,1
76561197993864895,2287,1,-2.4684155228018585,0
76561197981942241,1231,13,-0.5782160839754635,0
76561197988437395,6080,32,2.47104683346705,1
76561198117123612,5756,12,-0.8237420894608283,0
76561198871277392,8524,43,4.472595531198561,1
76561197991015284,2347,22,0.8335885241308172,1
76561198014950467,278,4,-2.3431204799956147,0
76561198009555744,1662,11,-0.848220435866965,0
76561198057885021,2021,0,-2.7426462184955027,0
76561198815618606,25514,3,-2.0665321539929873,0
76561197963831883,516,0,-2.7426462184955027,0
76561198046008728,174,0,-2.7426462184955027,0
76561197996566711,50994,39,3.7515787540753793,1
76561198275561256,11436,43,4.472595531198561,1
76561198068624982,393,0,-2.7426462184955027,0
76561198821331009,4157,43,4.472595531198561,1
76561199156984115,3957,24,1.3276970934629724,1
76561198027844898,50254,35,3.070006508861165,1
76561198160775754,6180,43,4.472595531198561,1
76561197987689379,3762,24,1.057423959494475,1
76561198025841721,749,0,-2.7426462184955027,0
76561198123613712,5510,43,4.472595531198561,1
76561198009121120,371,7,-1.5583219036875118,0
76561197993579927,5231,32,2.611410501274802,1
76561198136969425,158,0,-2.7426462184955027,0
76561197962061039,133,0,-2.7426462184955027,0
76561198096609152,709,17,-0.1457796806776903,0
76561198034536984,2017,25,1.4212308974679246,1
76561198111824451,247,0,-2.7426462184955027,0
76561198067986413,10619,37,3.4168148265131864,1
76561198120101132,497,0,-2.7426462184955027,0
76561198019621629,11955,31,2.32541374419017,1
76561197978017307,129,7,-1.7963753679943355,0
76561198121733143,353,13,-0.6162378969553476,0
76561197985269540,167,6,-2.044782196684701,0
76561197971044263,443,0,-2.7426462184955027,0
76561198180130274,154,5,-1.970314370241001,0
76561198061920716,53498,43,4.472595531198561,1
76561198036814593,4974,34,2.9973498187811565,1
76561197997616073,2094,21,0.8413836618282636,1
76561198049902675,4281,21,0.5915848094536874,1
76561198025334646,878,0,-2.7426462184955027,0
76561198176116389,7634,37,3.4350174809183325,1
76561198017412419,6078,43,4.472595531198561,1
76561197982243076,2970,28,1.978429873233962,1
76561197994120127,61,6,-1.8704329356160292,0
76561198072917499,461,0,-2.7426462184955027,0
76561198167940370,6290,20,0.6425560543534548,1
76561197995068607,19856,37,3.304715076699072,1
76561198040178115,397,0,-2.7426462184955027,0
76561197963714403,13856,43,4.472595531198561,1
76561197969430536,154,0,-2.7426462184955027,0
76561198162399308,1210,1,-2.4684155228018585,0
76561197976602082,6935,26,1.4163222253790138,1
76561197982512807,1654,18,-0.0349035307462025,0
76561198002516604,46622,33,2.6132703271389373,1
76561198077651994,73,0,-2.7426462184955027,0
76561198053777519,212,0,-2.7426462184955027,0
76561198015859524,2304,43,4.472595531198561,1
76561198052678573,191,0,-2.7426462184955027,0
76561197960335311,576,0,-2.7426462184955027,0
76561198013104879,931,19,0.3704009152511738,0
76561197996741382,36028,43,4.472595531198561,1
76561198118371170,783,0,-2.7426462184955027,0
76561197960799550,16834,39,3.5712469638478144,1
76561198017551313,18029,36,3.309312179290082,1
76561198088747537,9874,27,1.4766666980049914,1
76561197970423195,580,0,-2.7426462184955027,0
76561198050210437,146,0,-2.7426462184955027,0
76561198022855642,557,9,-1.4884685005983131,0
76561198000388603,22470,32,2.3234125244897337,1
76561197978590706,194,0,-2.7426462184955027,0
76561198060934212,3579,0,-2.7426462184955027,0
76561197979584400,31,3,-2.4430019146205866,0
76561198044596404,592,0,-2.7426462184955027,0
76561198037089044,540,13,-0.8045911491944009,0
76561197975231961,164,10,-1.220633607563064,0
76561198144877447,6498,21,0.6670344007595915,1
76561199035909277,367,4,-2.1687712189269424,0
76561198005601881,369,0,-2.7426462184955027,0
76561198023073191,37749,43,4.472595531198561,1
76561198071127906,4110,23,1.140783699064256,1
76561198868119380,44483,43,4.472595531198561,1
76561198042896883,14806,31,2.2607426102330708,1
76561198830842180,5171,43,4.472595531198561,1
76561198000300198,553,9,-1.368668132182186,0
76561197980160533,479,1,-2.4684155228018585,0
76561197991952155,15113,31,2.3065815583278115,1
76561198078497262,6364,43,4.472595531198561,1
76561198052850469,3972,4,-2.166933052597968,0
76561197980146038,454,0,-2.7426462184955027,0
76561198064893984,7719,33,2.750247200597682,1
76561198023519071,1456,18,0.2719589034882327,0
76561198017401678,6436,43,4.472595531198561,1
76561198008085425,2398,21,0.5008468659485609,0
76561198071585954,2201,25,1.2830833734557314,1
76561199335324815,276,6,-1.599327329766309,0
76561198018420672,32570,43,4.472595531198561,1
76561197960902680,29386,43,4.472595531198561,1
76561198028849094,582,16,-0.1690016507330621,0
76561198051177321,1459,13,-0.8164110250272981,0
76561198028185256,436,0,-2.7426462184955027,0
76561198340310727,276,0,-2.7426462184955027,0
76561198020051378,455,0,-2.7426462184955027,0
76561198003365406,61227,42,4.292341336917765,1
76561198106312728,445,9,-1.535789118711241,0
76561198031008457,330,10,-1.1519882936501111,0
76561198105878460,421,10,-1.046184605049524,0
76561197991629199,79,5,-2.1704874983129514,0
76561197960332616,44390,36,3.232550728240197,1
76561198065617084,426,0,-2.7426462184955027,0
76561197985253187,263,0,-2.7426462184955027,0
76561198418220292,294,10,-1.2227924692208254,0
76561198041379206,328,0,-2.7426462184955027,0
76561198061218534,2380,10,-1.0542984971510392,0
76561198105088252,38,0,-2.7426462184955027,0
76561197970377585,440,0,-2.7426462184955027,0
76561198044395197,8176,33,2.711291935899774,1
76561198042619229,333,5,-2.1396939598726847,0
76561198088775500,10447,34,2.9083682424850177,1
76561198137376448,400,0,-2.7426462184955027,0
76561198303571736,35758,43,4.472595531198561,1
76561198035201897,515,12,-0.744824021788599,0
76561198024823934,897,17,-0.0912511234661323,0
76561198043115858,951,4,-2.299073623146203,0
76561198038479125,8380,37,3.4350174809183325,1
76561198090414426,16547,34,2.82426424541809,1
76561198045354821,6670,40,3.855979695344592,1
76561198120205812,3011,23,1.0729349849154977,1
76561198084691345,231,0,-2.7426462184955027,0
76561197964222909,90,0,-2.7426462184955027,0
76561197971812565,2109,8,-1.6356705533362128,0
76561198282411763,4481,19,0.4158871949626163,0
76561198009744465,196,0,-2.7426462184955027,0
76561198135930845,9964,43,4.472595531198561,1
76561198161672087,539,0,-2.7426462184955027,0
76561198014938687,2339,21,0.7656098148205611,1
76561198057945441,404,2,-2.269958674115917,0
76561197997087879,84,6,-1.9412371111867437,0
76561198096934508,533,9,-1.4313105814952587,0
76561198050468382,526,0,-2.7426462184955027,0
76561198079100870,1105,20,0.4237669983768559,0
76561198045228449,858,3,-2.4430019146205866,0
76561198027112798,96,3,-2.4430019146205866,0
76561197998999001,484,1,-2.544189369809561,0
76561198059260462,451,0,-2.7426462184955027,0
76561198143892061,5832,43,4.472595531198561,1
76561197986916834,72482,37,3.396440286364132,1
76561197992826156,1681,11,-1.117630131543213,0
76561198034154230,582,0,-2.7426462184955027,0
76561197976001012,37,5,-2.0779371281215093,0
76561198016444009,8510,11,-0.9595564888336968,0
76561197971102284,39770,39,3.7515787540753793,1
76561197991141199,18065,34,2.730504001962952,1
76561198011839810,1165,0,-2.7426462184955027,0
76561198430143692,572,0,-2.7426462184955027,0
76561198079227501,755,0,-2.7426462184955027,0
76561197992700592,2076,13,-0.6429952156766502,0
76561198011659425,198,0,-2.7426462184955027,0
76561198006900269,373,0,-2.7426462184955027,0
76561198011348528,2575,21,0.5744235735326334,1
76561198038980489,143,0,-2.7426462184955027,0
76561197971115174,576,0,-2.7426462184955027,0
76561197976136707,235,3,-2.4430019146205866,0
76561198032987171,253,0,-2.7426462184955027,0
76561198003213686,125,0,-2.7426462184955027,0
76561199149568784,16140,43,4.472595531198561,1
76561197999781615,28266,35,3.067755217113377,1
76561197975257757,480,0,-2.7426462184955027,0
76561199258030893,15634,43,4.472595531198561,1
76561198034249692,415,0,-2.7426462184955027,0
76561198025038660,3951,27,1.973532879505008,1
76561197994632659,1261,26,1.4348491354859585,1
76561197969604501,16823,43,4.472595531198561,1
76561198048979421,1550,20,0.4218326509760252,0
76561197999459739,59629,43,4.472595531198561,1
76561197976630871,298,0,-2.7426462184955027,0
76561198018254158,19566,43,4.472595531198561,1
76561197977796719,392,0,-2.7426462184955027,0
76561198077330311,520,0,-2.7426462184955027,0
76561198005230618,17961,34,2.738049220849527,1
76561198063268722,73177,43,4.472595531198561,1
76561197960271989,644,6,-1.7668878501180714,0
76561197986175117,214,0,-2.7426462184955027,0
76561198153444879,27614,43,4.472595531198561,1
76561198074461923,1740,26,1.6117888119190242,1
76561198135780449,165,9,-1.2201427381167922,0
76561197962368812,13257,31,2.438006173507667,1
76561198047723336,323,0,-2.7426462184955027,0
76561198008799342,768,1,-2.598717927021119,0
76561198047503544,5051,32,2.611410501274802,1
76561197994536615,4155,28,1.840877015205436,1
76561198172252199,11197,34,2.8639250352847685,1
76561197981370579,519,0,-2.7426462184955027,0
76561198049291468,1037,0,-2.7426462184955027,0
76561198103123646,13942,37,3.4350174809183325,1
76561198046875589,568,0,-2.7426462184955027,0
76561198074783710,5905,41,4.125240719601248,1
76561198119067891,8573,31,2.489674242955211,1
76561197963473450,547,0,-2.7426462184955027,0
76561198053605081,5345,27,1.88157107644125,1
76561197983347627,672,0,-2.7426462184955027,0
76561198112880157,35642,43,4.472595531198561,1
76561198037085103,1171,9,-1.2470092619960973,0
76561198160913453,1790,0,-2.7426462184955027,0
76561198025793089,7624,36,3.2475553475389067,1
76561198322530254,69,6,-1.9412371111867437,0
76561198133218756,1163,7,-1.7068472977529052,0
76561198000777924,555,16,-0.2889315597481786,0
76561198082656267,11723,43,4.472595531198561,1
76561198022766139,4048,43,4.472595531198561,1
76561198167529479,3394,33,2.796945598608238,1
76561197997627529,12285,43,4.472595531198561,1
76561197994120171,1250,21,0.6301620040078874,1
76561198035717993,4517,27,1.727621609201354,1
76561197983019818,383,10,-1.239642473526227,0
76561198026940701,2314,0,-2.7426462184955027,0
76561197960374601,3001,22,0.6644325038116848,1
76561198003139484,500,0,-2.7426462184955027,0
76561197960457558,5018,26,1.5475305826011587,1
76561198046360202,394,0,-2.7426462184955027,0
76561198028015677,163,0,-2.7426462184955027,0
76561197977010834,517,0,-2.7426462184955027,0
76561198197031430,253,0,-2.7426462184955027,0
76561198399143276,1331,18,0.2737175157326383,0
76561198018910266,31,1,-2.642764783870531,0
76561198026615548,1529,25,1.4588131766251011,1
76561198350679649,3197,0,-2.7426462184955027,0
76561198004047552,9353,42,4.328667239724178,1
76561198039663324,515,0,-2.7426462184955027,0
76561198078782283,443,0,-2.7426462184955027,0
76561198161507346,2370,43,4.472595531198561,1
76561198019005069,4021,0,-2.7426462184955027,0
76561198089721639,5727,31,2.4747104843400356,1
76561198078528278,669,5,-1.965344698804013,0
76561198025670883,1159,18,0.2270264290769234,0
76561198016838181,11108,32,2.5549883870181773,1
76561198031919117,450,6,-1.7668878501180714,0
76561198036803371,589,13,-0.6870420725260619,0
76561197974742349,199,0,-2.7426462184955027,0
76561199012979176,393,0,-2.7426462184955027,0
76561198974195624,6131,43,4.472595531198561,1
76561199041710124,512,14,-0.4464727143915394,0
76561198008185874,600,11,-0.8427580849265942,0
76561197971006744,186,0,-2.7426462184955027,0
76561197961521131,4639,28,1.97791535234318,1
76561197999181572,14686,43,4.472595531198561,1
76561198054520957,596,8,-1.697427385087388,0
76561198091577049,5224,43,4.472595531198561,1
76561198384351293,1916,43,4.472595531198561,1
76561197965325226,35192,40,3.947075373552439,1
76561197995090401,197,0,-2.7426462184955027,0
76561198293467784,4595,25,1.2500850463547457,1
76561198006697906,649,5,-1.8667692847430437,0
76561198090778750,301,0,-2.7426462184955027,0
76561197971143071,8332,39,3.7515787540753793,1
76561198188321818,32674,15,-0.3187852312063316,0
76561197964889395,7565,27,1.6374504950825064,1
76561198126267465,11157,43,4.472595531198561,1
76561197976866160,607,11,-1.094950485204461,0
76561198064783067,394,9,-1.1483246427771252,0
76561198092017683,15788,43,4.472595531198561,1
76561197972168329,64,5,-2.243239045370643,0
76561197970479807,12034,34,2.9078755629816357,1
76561198002794497,14678,36,3.1317734069686716,1
76561198045925412,589,0,-2.7426462184955027,0
76561197972150531,1214,0,-2.7426462184955027,0
76561197998843219,156,0,-2.7426462184955027,0
76561198021436484,201,0,-2.7426462184955027,0
76561198983696927,8427,30,2.191324478060784,1
76561198023921203,10903,39,3.839472984884468,1
76561197998105505,54,0,-2.7426462184955027,0
76561198078498143,217,7,-1.3758587505173243,0
76561198068768921,2473,24,1.1754052586306802,1
76561197994598473,399,0,-2.7426462184955027,0
76561198043228049,6911,43,4.472595531198561,1
76561198043996154,394,0,-2.7426462184955027,0
76561197994490484,487,0,-2.7426462184955027,0
76561198112313168,591,0,-2.7426462184955027,0
76561198082721790,2231,24,1.159705357286827,1
76561197991425851,249,0,-2.7426462184955027,0
76561197992836882,62788,42,4.198364835504917,1
76561197970603931,1128,9,-1.5903176759227986,0
76561198060410834,2671,0,-2.7426462184955027,0
76561197988952844,14085,34,2.822012953670302,1
76561198066153480,9833,43,4.472595531198561,1
76561198040296837,647,0,-2.7426462184955027,0
76561198003693447,23417,39,3.759199966673512,1
76561197991231880,319,10,-0.9518151655781604,0
76561198019563370,10102,43,4.472595531198561,1
76561198045195189,55,0,-2.7426462184955027,0
76561198331237133,232,0,-2.7426462184955027,0
76561198002302509,400,0,-2.7426462184955027,0
76561198042052301,635,8,-1.4503265769610247,0
76561198074137064,4026,34,2.9209478267888636,1
76561198002874064,447,0,-2.7426462184955027,0
76561198043720348,8449,40,3.994395991665367,1
76561198060639097,130,0,-2.7426462184955027,0
76561198032497313,15848,40,3.903048852144015,1
76561198117330620,3882,37,3.4205885786349253,1
76561198119650667,4635,43,4.472595531198561,1
76561198094413234,3492,43,4.472595531198561,1
76561197995138062,142,0,-2.7426462184955027,0
76561198036500990,393,0,-2.7426462184955027,0
76561198358116112,5980,43,4.472595531198561,1
76561197960905909,74,1,-2.5392196983725728,0
76561198185575257,27725,43,4.472595531198561,1
76561198018596295,10719,43,4.472595531198561,1
76561198003498437,8780,22,0.7801691537937085,1
76561198001116101,3055,0,-2.7426462184955027,0
76561197996160525,76,9,-1.3479151840071752,0
76561197970307937,546,0,-2.7426462184955027,0
76561198007268396,337,7,-1.605249583741924,0
76561198068736110,1244,18,0.3165544993183539,0
76561198049304391,27185,43,4.472595531198561,1
76561198049442527,232,0,-2.7426462184955027,0
76561198043819633,874,0,-2.7426462184955027,0
76561197990233857,505,0,-2.7426462184955027,0
76561197997946137,439,0,-2.7426462184955027,0
76561198068270261,29105,38,3.477348058381735,1
76561198023114816,4865,39,3.689371757531456,1
76561198034077967,551,15,-0.1525976963953009,0
76561198080141083,341,0,-2.7426462184955027,0
76561197978201633,344,0,-2.7426462184955027,0
76561198102700771,13381,43,4.472595531198561,1
76561198001080350,158,0,-2.7426462184955027,0
76561198060869595,440,0,-2.7426462184955027,0
76561197981663198,25789,43,4.472595531198561,1
76561197990912078,3556,18,0.190207846767129,0
76561197994079927,9087,43,4.472595531198561,1
76561197970389924,39861,43,4.472595531198561,1
76561197968152343,551,3,-2.4430019146205866,0
76561198073707026,437,1,-2.642764783870531,0
76561198038939593,4579,29,2.0954472901002656,1
76561197992121541,114,6,-1.9412371111867432,0
76561198041506271,1371,16,-0.2388723745857523,0
76561198076999456,19883,39,3.6607208817650863,1
76561197986862386,185,3,-2.4430019146205866,0
76561198368799839,456,0,-2.7426462184955027,0
76561198033195205,1990,43,4.472595531198561,1
76561198087759720,90,0,-2.7426462184955027,0
76561197970398878,549,3,-2.4430019146205866,0
76561197975797010,537,8,-1.6246758380296966,0
76561199010174438,1465,17,-0.092996711624392,0
76561198028719903,668,10,-1.3913478122924874,0
76561198036468361,6009,43,4.472595531198561,1
