steamid,cluster,best_k,silhouette
76561197960271989,1,4,0.19478530330569416
76561197960286640,1,4,0.19478530330569416
76561197960292807,1,4,0.19478530330569416
76561197960301580,1,4,0.19478530330569416
76561197960332616,1,4,0.19478530330569416
76561197960335311,1,4,0.19478530330569416
76561197960351734,1,4,0.19478530330569416
76561197960366517,1,4,0.19478530330569416
76561197960374601,1,4,0.19478530330569416
76561197960384929,3,4,0.19478530330569416
76561197960393604,1,4,0.19478530330569416
76561197960405174,1,4,0.19478530330569416
76561197960408970,1,4,0.19478530330569416
76561197960436666,1,4,0.19478530330569416
76561197960457558,1,4,0.19478530330569416
76561197960485586,1,4,0.19478530330569416
76561197960547315,1,4,0.19478530330569416
76561197960643486,1,4,0.19478530330569416
76561197960759094,1,4,0.19478530330569416
76561197960769312,1,4,0.19478530330569416
76561197960799550,1,4,0.19478530330569416
76561197960799782,3,4,0.19478530330569416
76561197960902680,1,4,0.19478530330569416
76561197960905909,1,4,0.19478530330569416
76561197961048460,1,4,0.19478530330569416
76561197961096804,1,4,0.19478530330569416
76561197961318302,1,4,0.19478530330569416
76561197961444200,1,4,0.19478530330569416
76561197961521131,1,4,0.19478530330569416
76561197961621019,1,4,0.19478530330569416
76561197961744176,1,4,0.19478530330569416
76561197961780979,1,4,0.19478530330569416
76561197961864608,1,4,0.19478530330569416
76561197962054695,1,4,0.19478530330569416
76561197962061039,1,4,0.19478530330569416
76561197962092557,1,4,0.19478530330569416
76561197962202166,1,4,0.19478530330569416
76561197962287503,1,4,0.19478530330569416
76561197962368812,1,4,0.19478530330569416
76561197962545891,1,4,0.19478530330569416
76561197962613337,1,4,0.19478530330569416
76561197962737643,1,4,0.19478530330569416
76561197962767542,1,4,0.19478530330569416
76561197962838085,1,4,0.19478530330569416
76561197962974319,1,4,0.19478530330569416
76561197963040896,1,4,0.19478530330569416
76561197963079401,1,4,0.19478530330569416
76561197963135603,1,4,0.19478530330569416
76561197963212954,1,4,0.19478530330569416
76561197963280337,1,4,0.19478530330569416
76561197963282057,1,4,0.19478530330569416
76561197963394136,1,4,0.19478530330569416
76561197963473450,1,4,0.19478530330569416
76561197963550511,3,4,0.19478530330569416
76561197963695471,1,4,0.19478530330569416
76561197963714403,1,4,0.19478530330569416
76561197963831883,1,4,0.19478530330569416
76561197963870886,1,4,0.19478530330569416
76561197964134665,1,4,0.19478530330569416
76561197964222909,1,4,0.19478530330569416
76561197964343044,1,4,0.19478530330569416
76561197964454963,3,4,0.19478530330569416
76561197964473408,1,4,0.19478530330569416
76561197964671909,1,4,0.19478530330569416
76561197964889395,1,4,0.19478530330569416
76561197964914532,1,4,0.19478530330569416
76561197965075581,1,4,0.19478530330569416
76561197965144411,1,4,0.19478530330569416
76561197965160723,1,4,0.19478530330569416
76561197965165543,1,4,0.19478530330569416
76561197965217014,1,4,0.19478530330569416
76561197965244835,1,4,0.19478530330569416
76561197965274807,1,4,0.19478530330569416
76561197965277561,1,4,0.19478530330569416
76561197965309671,1,4,0.19478530330569416
76561197965325226,1,4,0.19478530330569416
76561197965333589,1,4,0.19478530330569416
76561197965388486,1,4,0.19478530330569416
76561197965489900,1,4,0.19478530330569416
76561197965734753,1,4,0.19478530330569416
76561197965964690,1,4,0.19478530330569416
76561197965978376,1,4,0.19478530330569416
76561197966158801,1,4,0.19478530330569416
76561197966170666,3,4,0.19478530330569416
76561197966242763,1,4,0.19478530330569416
76561197966468553,1,4,0.19478530330569416
76561197966479359,1,4,0.19478530330569416
76561197966617426,1,4,0.19478530330569416
76561197966618551,1,4,0.19478530330569416
76561197966690560,1,4,0.19478530330569416
76561197966773879,1,4,0.19478530330569416
76561197966873544,1,4,0.19478530330569416
76561197966930309,1,4,0.19478530330569416
76561197966963062,1,4,0.19478530330569416
76561197967055456,1,4,0.19478530330569416
76561197967303226,1,4,0.19478530330569416
76561197967370369,1,4,0.19478530330569416
76561197967449126,1,4,0.19478530330569416
76561197967503679,1,4,0.19478530330569416
76561197967540452,1,4,0.19478530330569416
76561197967576247,1,4,0.19478530330569416
76561197967578704,1,4,0.19478530330569416
76561197967628180,1,4,0.19478530330569416
76561197968152343,3,4,0.19478530330569416
76561197968511678,1,4,0.19478530330569416
76561197968658003,1,4,0.19478530330569416
76561197968671893,1,4,0.19478530330569416
76561197969052165,1,4,0.19478530330569416
76561197969100147,1,4,0.19478530330569416
76561197969158018,1,4,0.19478530330569416
76561197969171432,1,4,0.19478530330569416
76561197969226943,1,4,0.19478530330569416
76561197969362616,1,4,0.19478530330569416
76561197969371254,1,4,0.19478530330569416
76561197969382396,1,4,0.19478530330569416
76561197969417973,1,4,0.19478530330569416
76561197969430536,1,4,0.19478530330569416
76561197969604501,1,4,0.19478530330569416
76561197969773091,1,4,0.19478530330569416
76561197969894772,2,4,0.19478530330569416
76561197969915893,1,4,0.19478530330569416
76561197969934583,1,4,0.19478530330569416
76561197969991065,1,4,0.19478530330569416
76561197970236696,1,4,0.19478530330569416
76561197970259762,1,4,0.19478530330569416
76561197970307937,1,4,0.19478530330569416
76561197970312414,1,4,0.19478530330569416
76561197970322382,1,4,0.19478530330569416
76561197970337436,1,4,0.19478530330569416
76561197970339633,1,4,0.19478530330569416
76561197970340464,1,4,0.19478530330569416
76561197970343967,1,4,0.19478530330569416
76561197970356119,1,4,0.19478530330569416
76561197970377585,1,4,0.19478530330569416
76561197970389924,1,4,0.19478530330569416
76561197970398878,3,4,0.19478530330569416
76561197970417670,1,4,0.19478530330569416
76561197970423195,1,4,0.19478530330569416
76561197970435029,1,4,0.19478530330569416
76561197970461293,1,4,0.19478530330569416
76561197970479807,1,4,0.19478530330569416
76561197970493829,1,4,0.19478530330569416
76561197970532816,1,4,0.19478530330569416
76561197970538611,1,4,0.19478530330569416
76561197970539317,1,4,0.19478530330569416
76561197970590608,1,4,0.19478530330569416
76561197970603931,1,4,0.19478530330569416
76561197970675024,1,4,0.19478530330569416
76561197970675272,3,4,0.19478530330569416
76561197970724214,1,4,0.19478530330569416
76561197970761123,1,4,0.19478530330569416
76561197970767462,1,4,0.19478530330569416
76561197970791672,1,4,0.19478530330569416
76561197970792411,1,4,0.19478530330569416
76561197970799580,1,4,0.19478530330569416
76561197970812258,1,4,0.19478530330569416
76561197970831374,1,4,0.19478530330569416
76561197970838485,1,4,0.19478530330569416
76561197970850127,1,4,0.19478530330569416
76561197970862067,1,4,0.19478530330569416
76561197970897249,1,4,0.19478530330569416
76561197970964921,1,4,0.19478530330569416
76561197971006744,1,4,0.19478530330569416
76561197971044263,1,4,0.19478530330569416
76561197971102284,1,4,0.19478530330569416
76561197971110737,1,4,0.19478530330569416
76561197971115174,1,4,0.19478530330569416
76561197971143071,1,4,0.19478530330569416
76561197971161876,1,4,0.19478530330569416
76561197971164024,1,4,0.19478530330569416
76561197971204006,3,4,0.19478530330569416
76561197971320635,1,4,0.19478530330569416
76561197971348591,1,4,0.19478530330569416
76561197971359239,1,4,0.19478530330569416
76561197971410481,1,4,0.19478530330569416
76561197971424010,1,4,0.19478530330569416
76561197971437698,1,4,0.19478530330569416
76561197971550276,1,4,0.19478530330569416
76561197971565582,1,4,0.19478530330569416
76561197971576301,1,4,0.19478530330569416
76561197971592163,1,4,0.19478530330569416
76561197971643307,1,4,0.19478530330569416
76561197971812565,1,4,0.19478530330569416
76561197971981160,1,4,0.19478530330569416
76561197972040704,1,4,0.19478530330569416
76561197972150490,1,4,0.19478530330569416
76561197972150531,1,4,0.19478530330569416
76561197972168329,3,4,0.19478530330569416
76561197972179425,1,4,0.19478530330569416
76561197972256700,1,4,0.19478530330569416
76561197972344657,1,4,0.19478530330569416
76561197972436190,1,4,0.19478530330569416
76561197972482791,1,4,0.19478530330569416
76561197972542742,1,4,0.19478530330569416
76561197972616894,1,4,0.19478530330569416
76561197972625086,1,4,0.19478530330569416
76561197972654006,3,4,0.19478530330569416
76561197972731767,1,4,0.19478530330569416
76561197972745621,1,4,0.19478530330569416
76561197972799925,1,4,0.19478530330569416
76561197973052125,0,4,0.19478530330569416
76561197973141301,1,4,0.19478530330569416
76561197973472887,1,4,0.19478530330569416
76561197973883957,1,4,0.19478530330569416
76561197973897944,1,4,0.19478530330569416
76561197973942166,1,4,0.19478530330569416
76561197974283794,1,4,0.19478530330569416
76561197974318375,1,4,0.19478530330569416
76561197974340402,3,4,0.19478530330569416
76561197974742349,1,4,0.19478530330569416
76561197974783215,1,4,0.19478530330569416
76561197974786730,1,4,0.19478530330569416
76561197974925353,1,4,0.19478530330569416
76561197975024178,1,4,0.19478530330569416
76561197975231961,1,4,0.19478530330569416
76561197975257757,1,4,0.19478530330569416
76561197975331788,1,4,0.19478530330569416
76561197975391677,1,4,0.19478530330569416
76561197975413392,1,4,0.19478530330569416
76561197975423892,1,4,0.19478530330569416
76561197975440895,1,4,0.19478530330569416
76561197975504766,1,4,0.19478530330569416
76561197975567911,1,4,0.19478530330569416
76561197975797010,1,4,0.19478530330569416
76561197975931257,3,4,0.19478530330569416
76561197975942806,1,4,0.19478530330569416
76561197976001012,1,4,0.19478530330569416
76561197976136707,3,4,0.19478530330569416
76561197976152793,1,4,0.19478530330569416
76561197976175533,3,4,0.19478530330569416
76561197976287656,1,4,0.19478530330569416
76561197976301865,3,4,0.19478530330569416
76561197976469696,1,4,0.19478530330569416
76561197976530450,1,4,0.19478530330569416
76561197976579619,1,4,0.19478530330569416
76561197976602082,1,4,0.19478530330569416
76561197976630871,1,4,0.19478530330569416
76561197976866160,1,4,0.19478530330569416
76561197976937799,1,4,0.19478530330569416
76561197977010834,1,4,0.19478530330569416
76561197977072496,1,4,0.19478530330569416
76561197977122167,1,4,0.19478530330569416
76561197977296420,1,4,0.19478530330569416
76561197977451417,1,4,0.19478530330569416
76561197977534897,1,4,0.19478530330569416
76561197977546112,1,4,0.19478530330569416
76561197977654536,1,4,0.19478530330569416
76561197977796719,1,4,0.19478530330569416
76561197977887760,1,4,0.19478530330569416
76561197978017307,3,4,0.19478530330569416
76561197978037893,1,4,0.19478530330569416
76561197978114813,1,4,0.19478530330569416
76561197978127481,1,4,0.19478530330569416
76561197978183612,1,4,0.19478530330569416
76561197978201633,1,4,0.19478530330569416
76561197978569122,1,4,0.19478530330569416
76561197978582795,3,4,0.19478530330569416
76561197978590706,1,4,0.19478530330569416
76561197978785613,1,4,0.19478530330569416
76561197978965270,1,4,0.19478530330569416
76561197979042906,1,4,0.19478530330569416
76561197979077108,1,4,0.19478530330569416
76561197979084213,1,4,0.19478530330569416
76561197979169919,1,4,0.19478530330569416
76561197979230085,1,4,0.19478530330569416
76561197979235430,1,4,0.19478530330569416
76561197979439703,1,4,0.19478530330569416
76561197979549440,1,4,0.19478530330569416
76561197979584400,3,4,0.19478530330569416
76561197979667190,1,4,0.19478530330569416
76561197979718121,1,4,0.19478530330569416
76561197979750959,1,4,0.19478530330569416
76561197979751856,1,4,0.19478530330569416
76561197979803978,1,4,0.19478530330569416
76561197979840461,1,4,0.19478530330569416
76561197979864325,1,4,0.19478530330569416
76561197979911851,1,4,0.19478530330569416
76561197979931158,1,4,0.19478530330569416
76561197979933859,1,4,0.19478530330569416
76561197979934386,1,4,0.19478530330569416
76561197980143180,1,4,0.19478530330569416
76561197980146038,1,4,0.19478530330569416
76561197980160533,2,4,0.19478530330569416
76561197980206308,1,4,0.19478530330569416
76561197980351392,1,4,0.19478530330569416
76561197980583850,1,4,0.19478530330569416
76561197980688855,1,4,0.19478530330569416
76561197980993256,1,4,0.19478530330569416
76561197981111953,1,4,0.19478530330569416
76561197981126199,0,4,0.19478530330569416
76561197981370579,1,4,0.19478530330569416
76561197981663198,1,4,0.19478530330569416
76561197981690710,1,4,0.19478530330569416
76561197981732215,1,4,0.19478530330569416
76561197981942241,1,4,0.19478530330569416
76561197982079483,1,4,0.19478530330569416
76561197982243076,1,4,0.19478530330569416
76561197982273259,1,4,0.19478530330569416
76561197982332228,1,4,0.19478530330569416
76561197982507630,1,4,0.19478530330569416
76561197982512807,1,4,0.19478530330569416
76561197982570032,1,4,0.19478530330569416
76561197982581727,1,4,0.19478530330569416
76561197982606807,1,4,0.19478530330569416
76561197982617834,1,4,0.19478530330569416
76561197982655680,1,4,0.19478530330569416
76561197982718230,1,4,0.19478530330569416
76561197982720629,1,4,0.19478530330569416
76561197982793768,1,4,0.19478530330569416
76561197982845562,1,4,0.19478530330569416
76561197982946417,1,4,0.19478530330569416
76561197983019818,1,4,0.19478530330569416
76561197983064780,1,4,0.19478530330569416
76561197983347627,1,4,0.19478530330569416
76561197983524304,1,4,0.19478530330569416
76561197983534658,1,4,0.19478530330569416
76561197983563655,1,4,0.19478530330569416
76561197983806198,1,4,0.19478530330569416
76561197983969530,1,4,0.19478530330569416
76561197984235967,1,4,0.19478530330569416
76561197984266556,1,4,0.19478530330569416
76561197984655838,1,4,0.19478530330569416
76561197984813768,1,4,0.19478530330569416
76561197984900990,1,4,0.19478530330569416
76561197984916346,1,4,0.19478530330569416
76561197985000161,1,4,0.19478530330569416
76561197985011830,1,4,0.19478530330569416
76561197985021868,1,4,0.19478530330569416
76561197985194039,1,4,0.19478530330569416
76561197985194605,1,4,0.19478530330569416
76561197985238561,1,4,0.19478530330569416
76561197985253187,1,4,0.19478530330569416
76561197985269540,3,4,0.19478530330569416
76561197985289753,1,4,0.19478530330569416
76561197985318459,1,4,0.19478530330569416
76561197985343058,1,4,0.19478530330569416
76561197985415939,1,4,0.19478530330569416
76561197985450983,1,4,0.19478530330569416
76561197985705987,1,4,0.19478530330569416
76561197985754559,1,4,0.19478530330569416
76561197985841875,1,4,0.19478530330569416
76561197985946541,1,4,0.19478530330569416
76561197986074665,1,4,0.19478530330569416
76561197986175117,1,4,0.19478530330569416
76561197986188338,1,4,0.19478530330569416
76561197986353054,1,4,0.19478530330569416
76561197986562887,1,4,0.19478530330569416
76561197986568026,1,4,0.19478530330569416
76561197986775284,1,4,0.19478530330569416
76561197986793562,1,4,0.19478530330569416
76561197986841895,1,4,0.19478530330569416
76561197986862386,3,4,0.19478530330569416
76561197986916834,1,4,0.19478530330569416
76561197987034326,1,4,0.19478530330569416
76561197987084546,1,4,0.19478530330569416
76561197987089584,1,4,0.19478530330569416
76561197987154693,1,4,0.19478530330569416
76561197987211098,3,4,0.19478530330569416
76561197987212565,1,4,0.19478530330569416
76561197987280970,1,4,0.19478530330569416
76561197987296023,1,4,0.19478530330569416
76561197987453398,1,4,0.19478530330569416
76561197987502418,3,4,0.19478530330569416
76561197987507997,1,4,0.19478530330569416
76561197987664448,1,4,0.19478530330569416
76561197987673251,1,4,0.19478530330569416
76561197987689379,1,4,0.19478530330569416
76561197987723270,1,4,0.19478530330569416
76561197987755126,1,4,0.19478530330569416
76561197987808170,1,4,0.19478530330569416
76561197987842001,1,4,0.19478530330569416
76561197987842222,1,4,0.19478530330569416
76561197987924419,1,4,0.19478530330569416
76561197988052802,1,4,0.19478530330569416
76561197988118202,1,4,0.19478530330569416
76561197988167503,1,4,0.19478530330569416
76561197988234566,1,4,0.19478530330569416
76561197988262272,1,4,0.19478530330569416
76561197988329388,1,4,0.19478530330569416
76561197988417915,3,4,0.19478530330569416
76561197988437395,1,4,0.19478530330569416
76561197988445370,0,4,0.19478530330569416
76561197988448073,1,4,0.19478530330569416
76561197988535411,3,4,0.19478530330569416
76561197988610065,1,4,0.19478530330569416
76561197988663774,1,4,0.19478530330569416
76561197988672858,1,4,0.19478530330569416
76561197988769508,1,4,0.19478530330569416
76561197988903500,1,4,0.19478530330569416
76561197988922281,1,4,0.19478530330569416
76561197988952844,1,4,0.19478530330569416
76561197988995835,1,4,0.19478530330569416
76561197989085652,1,4,0.19478530330569416
76561197989086731,1,4,0.19478530330569416
76561197989187753,1,4,0.19478530330569416
76561197989217266,1,4,0.19478530330569416
76561197989293848,1,4,0.19478530330569416
76561197989342663,1,4,0.19478530330569416
76561197989374217,1,4,0.19478530330569416
76561197989383643,1,4,0.19478530330569416
76561197989446733,1,4,0.19478530330569416
76561197989544294,1,4,0.19478530330569416
76561197989733146,1,4,0.19478530330569416
76561197989786789,1,4,0.19478530330569416
76561197989807190,1,4,0.19478530330569416
76561197989848084,1,4,0.19478530330569416
76561197989858849,1,4,0.19478530330569416
76561197989930177,1,4,0.19478530330569416
76561197989964238,1,4,0.19478530330569416
76561197989999060,1,4,0.19478530330569416
76561197990004842,1,4,0.19478530330569416
76561197990012301,1,4,0.19478530330569416
76561197990086462,1,4,0.19478530330569416
76561197990093159,1,4,0.19478530330569416
76561197990106384,1,4,0.19478530330569416
76561197990183727,1,4,0.19478530330569416
76561197990233857,1,4,0.19478530330569416
76561197990317825,1,4,0.19478530330569416
76561197990384173,1,4,0.19478530330569416
76561197990481530,1,4,0.19478530330569416
76561197990737869,3,4,0.19478530330569416
76561197990912078,1,4,0.19478530330569416
76561197990986751,1,4,0.19478530330569416
76561197991015284,1,4,0.19478530330569416
76561197991133436,1,4,0.19478530330569416
76561197991141199,1,4,0.19478530330569416
76561197991213990,1,4,0.19478530330569416
76561197991231880,1,4,0.19478530330569416
76561197991243081,1,4,0.19478530330569416
76561197991361144,1,4,0.19478530330569416
76561197991425851,1,4,0.19478530330569416
76561197991584508,1,4,0.19478530330569416
76561197991629199,3,4,0.19478530330569416
76561197991655057,1,4,0.19478530330569416
76561197991657927,3,4,0.19478530330569416
76561197991715731,1,4,0.19478530330569416
76561197991747394,1,4,0.19478530330569416
76561197991757040,1,4,0.19478530330569416
76561197991952155,1,4,0.19478530330569416
76561197991991520,1,4,0.19478530330569416
76561197992012153,1,4,0.19478530330569416
76561197992016121,1,4,0.19478530330569416
76561197992044606,1,4,0.19478530330569416
76561197992121541,1,4,0.19478530330569416
76561197992174178,1,4,0.19478530330569416
76561197992256813,1,4,0.19478530330569416
76561197992274874,1,4,0.19478530330569416
76561197992375357,1,4,0.19478530330569416
76561197992409766,1,4,0.19478530330569416
76561197992462053,1,4,0.19478530330569416
76561197992650133,1,4,0.19478530330569416
76561197992700592,1,4,0.19478530330569416
76561197992783558,1,4,0.19478530330569416
76561197992826156,1,4,0.19478530330569416
76561197992836882,1,4,0.19478530330569416
76561197992906798,1,4,0.19478530330569416
76561197992943381,1,4,0.19478530330569416
76561197993215917,1,4,0.19478530330569416
76561197993279741,3,4,0.19478530330569416
76561197993312863,1,4,0.19478530330569416
76561197993397600,1,4,0.19478530330569416
76561197993435132,1,4,0.19478530330569416
76561197993515847,1,4,0.19478530330569416
76561197993525512,1,4,0.19478530330569416
76561197993529099,1,4,0.19478530330569416
76561197993529677,1,4,0.19478530330569416
76561197993566384,1,4,0.19478530330569416
76561197993579927,1,4,0.19478530330569416
76561197993621828,1,4,0.19478530330569416
76561197993698981,1,4,0.19478530330569416
76561197993745077,1,4,0.19478530330569416
76561197993775251,1,4,0.19478530330569416
76561197993824256,1,4,0.19478530330569416
76561197993864895,2,4,0.19478530330569416
76561197993869138,1,4,0.19478530330569416
76561197993881753,1,4,0.19478530330569416
76561197993891197,1,4,0.19478530330569416
76561197993920872,1,4,0.19478530330569416
76561197994002775,1,4,0.19478530330569416
76561197994014911,1,4,0.19478530330569416
76561197994079927,1,4,0.19478530330569416
76561197994120127,1,4,0.19478530330569416
76561197994120171,1,4,0.19478530330569416
76561197994164612,1,4,0.19478530330569416
76561197994309228,1,4,0.19478530330569416
76561197994445738,1,4,0.19478530330569416
76561197994448955,1,4,0.19478530330569416
76561197994490484,1,4,0.19478530330569416
76561197994536615,1,4,0.19478530330569416
76561197994545100,1,4,0.19478530330569416
76561197994553754,1,4,0.19478530330569416
76561197994575642,1,4,0.19478530330569416
76561197994598473,1,4,0.19478530330569416
76561197994616562,1,4,0.19478530330569416
76561197994632659,1,4,0.19478530330569416
76561197994729999,1,4,0.19478530330569416
76561197994774108,1,4,0.19478530330569416
76561197994839062,1,4,0.19478530330569416
76561197994851017,1,4,0.19478530330569416
76561197994872286,1,4,0.19478530330569416
76561197994963383,1,4,0.19478530330569416
76561197995014608,1,4,0.19478530330569416
76561197995068607,1,4,0.19478530330569416
76561197995083097,1,4,0.19478530330569416
76561197995090401,1,4,0.19478530330569416
76561197995105260,1,4,0.19478530330569416
76561197995138062,1,4,0.19478530330569416
76561197995140097,1,4,0.19478530330569416
76561197995142744,1,4,0.19478530330569416
76561197995150404,1,4,0.19478530330569416
76561197995165956,1,4,0.19478530330569416
76561197995168435,1,4,0.19478530330569416
76561197995240388,1,4,0.19478530330569416
76561197995281961,1,4,0.19478530330569416
76561197995290159,1,4,0.19478530330569416
76561197995378175,1,4,0.19478530330569416
76561197995434036,1,4,0.19478530330569416
76561197995588045,1,4,0.19478530330569416
76561197995594353,1,4,0.19478530330569416
76561197995657648,1,4,0.19478530330569416
76561197995683465,1,4,0.19478530330569416
76561197995820083,1,4,0.19478530330569416
76561197995828394,1,4,0.19478530330569416
76561197995856662,1,4,0.19478530330569416
76561197995968714,1,4,0.19478530330569416
76561197996115754,1,4,0.19478530330569416
76561197996143905,1,4,0.19478530330569416
76561197996160525,1,4,0.19478530330569416
76561197996251755,1,4,0.19478530330569416
76561197996311925,1,4,0.19478530330569416
76561197996411349,1,4,0.19478530330569416
76561197996503861,1,4,0.19478530330569416
76561197996566711,1,4,0.19478530330569416
76561197996597984,1,4,0.19478530330569416
76561197996624047,1,4,0.19478530330569416
76561197996707987,1,4,0.19478530330569416
76561197996710217,1,4,0.19478530330569416
76561197996741382,1,4,0.19478530330569416
76561197996753153,1,4,0.19478530330569416
76561197996778486,1,4,0.19478530330569416
76561197996865611,1,4,0.19478530330569416
76561197996919908,1,4,0.19478530330569416
76561197996943649,1,4,0.19478530330569416
76561197996966511,1,4,0.19478530330569416
76561197997087879,1,4,0.19478530330569416
76561197997112174,1,4,0.19478530330569416
76561197997124628,1,4,0.19478530330569416
76561197997240220,1,4,0.19478530330569416
76561197997317410,1,4,0.19478530330569416
76561197997616073,1,4,0.19478530330569416
76561197997627529,1,4,0.19478530330569416
76561197997697109,1,4,0.19478530330569416
76561197997740965,1,4,0.19478530330569416
76561197997788394,1,4,0.19478530330569416
76561197997828517,1,4,0.19478530330569416
76561197997946137,1,4,0.19478530330569416
76561197998052523,1,4,0.19478530330569416
76561197998058239,1,4,0.19478530330569416
76561197998096051,1,4,0.19478530330569416
76561197998105505,1,4,0.19478530330569416
76561197998116681,1,4,0.19478530330569416
76561197998138780,1,4,0.19478530330569416
76561197998179570,1,4,0.19478530330569416
76561197998180632,1,4,0.19478530330569416
76561197998337907,1,4,0.19478530330569416
76561197998444372,1,4,0.19478530330569416
76561197998493121,2,4,0.19478530330569416
76561197998617324,1,4,0.19478530330569416
76561197998666522,1,4,0.19478530330569416
76561197998698277,1,4,0.19478530330569416
76561197998776409,1,4,0.19478530330569416
76561197998816333,1,4,0.19478530330569416
76561197998833800,1,4,0.19478530330569416
76561197998843219,1,4,0.19478530330569416
76561197998883514,1,4,0.19478530330569416
76561197998949214,1,4,0.19478530330569416
76561197998961605,1,4,0.19478530330569416
76561197998999001,0,4,0.19478530330569416
76561197999053066,1,4,0.19478530330569416
76561197999106555,1,4,0.19478530330569416
76561197999117252,1,4,0.19478530330569416
76561197999181572,1,4,0.19478530330569416
76561197999304281,1,4,0.19478530330569416
76561197999339700,1,4,0.19478530330569416
76561197999343610,1,4,0.19478530330569416
76561197999359919,1,4,0.19478530330569416
76561197999392948,1,4,0.19478530330569416
76561197999459739,1,4,0.19478530330569416
76561197999551579,1,4,0.19478530330569416
76561197999659168,1,4,0.19478530330569416
76561197999701119,1,4,0.19478530330569416
76561197999726935,1,4,0.19478530330569416
76561197999781615,1,4,0.19478530330569416
76561197999807713,1,4,0.19478530330569416
76561197999843190,1,4,0.19478530330569416
76561197999882638,1,4,0.19478530330569416
76561198000000375,1,4,0.19478530330569416
76561198000015568,1,4,0.19478530330569416
76561198000077663,1,4,0.19478530330569416
76561198000244134,1,4,0.19478530330569416
76561198000257721,1,4,0.19478530330569416
76561198000257885,1,4,0.19478530330569416
76561198000262690,1,4,0.19478530330569416
76561198000284462,1,4,0.19478530330569416
76561198000300198,1,4,0.19478530330569416
76561198000307034,1,4,0.19478530330569416
76561198000374639,1,4,0.19478530330569416
76561198000388603,1,4,0.19478530330569416
76561198000413287,1,4,0.19478530330569416
76561198000459192,1,4,0.19478530330569416
76561198000505067,1,4,0.19478530330569416
76561198000547270,1,4,0.19478530330569416
76561198000562069,1,4,0.19478530330569416
76561198000574093,1,4,0.19478530330569416
76561198000619480,1,4,0.19478530330569416
76561198000630472,1,4,0.19478530330569416
76561198000667675,1,4,0.19478530330569416
76561198000711279,1,4,0.19478530330569416
76561198000777924,1,4,0.19478530330569416
76561198000826779,1,4,0.19478530330569416
76561198000863979,1,4,0.19478530330569416
76561198000877379,1,4,0.19478530330569416
76561198000878931,1,4,0.19478530330569416
76561198000935729,1,4,0.19478530330569416
76561198001080350,1,4,0.19478530330569416
76561198001116101,1,4,0.19478530330569416
76561198001180013,1,4,0.19478530330569416
76561198001271805,3,4,0.19478530330569416
76561198001371079,1,4,0.19478530330569416
76561198001455830,1,4,0.19478530330569416
76561198001462963,1,4,0.19478530330569416
76561198001468649,1,4,0.19478530330569416
76561198001471216,3,4,0.19478530330569416
76561198001500827,1,4,0.19478530330569416
76561198001537536,1,4,0.19478530330569416
76561198001570772,1,4,0.19478530330569416
76561198001622086,1,4,0.19478530330569416
76561198001873585,1,4,0.19478530330569416
76561198001991912,1,4,0.19478530330569416
76561198002027418,1,4,0.19478530330569416
76561198002139581,1,4,0.19478530330569416
76561198002302509,1,4,0.19478530330569416
76561198002334372,1,4,0.19478530330569416
76561198002385573,1,4,0.19478530330569416
76561198002399439,1,4,0.19478530330569416
76561198002466205,1,4,0.19478530330569416
76561198002493801,1,4,0.19478530330569416
76561198002513164,1,4,0.19478530330569416
76561198002516604,1,4,0.19478530330569416
76561198002555892,1,4,0.19478530330569416
76561198002562120,1,4,0.19478530330569416
76561198002675684,1,4,0.19478530330569416
76561198002707908,1,4,0.19478530330569416
76561198002734128,1,4,0.19478530330569416
76561198002794497,1,4,0.19478530330569416
76561198002805794,1,4,0.19478530330569416
76561198002839561,3,4,0.19478530330569416
76561198002874064,1,4,0.19478530330569416
76561198002956670,1,4,0.19478530330569416
76561198002973360,1,4,0.19478530330569416
76561198002983121,1,4,0.19478530330569416
76561198003048979,1,4,0.19478530330569416
76561198003078338,1,4,0.19478530330569416
76561198003093454,1,4,0.19478530330569416
76561198003139484,1,4,0.19478530330569416
76561198003183913,1,4,0.19478530330569416
76561198003213686,1,4,0.19478530330569416
76561198003231683,1,4,0.19478530330569416
76561198003232563,1,4,0.19478530330569416
76561198003246975,1,4,0.19478530330569416
76561198003319092,1,4,0.19478530330569416
76561198003344867,1,4,0.19478530330569416
76561198003365406,1,4,0.19478530330569416
76561198003479630,1,4,0.19478530330569416
76561198003498437,1,4,0.19478530330569416
76561198003587634,1,4,0.19478530330569416
76561198003693447,1,4,0.19478530330569416
76561198003772642,1,4,0.19478530330569416
76561198003795142,1,4,0.19478530330569416
76561198003884104,1,4,0.19478530330569416
76561198003886667,1,4,0.19478530330569416
76561198004006226,1,4,0.19478530330569416
76561198004047552,1,4,0.19478530330569416
76561198004051373,1,4,0.19478530330569416
76561198004116274,1,4,0.19478530330569416
76561198004200033,1,4,0.19478530330569416
76561198004393508,1,4,0.19478530330569416
76561198004400320,1,4,0.19478530330569416
76561198004418141,1,4,0.19478530330569416
76561198004427256,1,4,0.19478530330569416
76561198004429817,1,4,0.19478530330569416
76561198004434208,1,4,0.19478530330569416
76561198004595236,1,4,0.19478530330569416
76561198004611129,1,4,0.19478530330569416
76561198004624882,1,4,0.19478530330569416
76561198004691205,1,4,0.19478530330569416
76561198004754538,1,4,0.19478530330569416
76561198004765961,1,4,0.19478530330569416
76561198004777375,1,4,0.19478530330569416
76561198004823797,1,4,0.19478530330569416
76561198004842665,1,4,0.19478530330569416
76561198004859223,1,4,0.19478530330569416
76561198005025910,1,4,0.19478530330569416
76561198005110508,1,4,0.19478530330569416
76561198005164856,1,4,0.19478530330569416
76561198005230618,1,4,0.19478530330569416
76561198005235749,1,4,0.19478530330569416
76561198005265551,1,4,0.19478530330569416
76561198005337430,1,4,0.19478530330569416
76561198005601881,1,4,0.19478530330569416
76561198005611507,3,4,0.19478530330569416
76561198005648447,1,4,0.19478530330569416
76561198005809060,1,4,0.19478530330569416
76561198005871916,1,4,0.19478530330569416
76561198005968036,1,4,0.19478530330569416
76561198005996565,1,4,0.19478530330569416
76561198006075404,1,4,0.19478530330569416
76561198006139550,1,4,0.19478530330569416
76561198006159566,1,4,0.19478530330569416
76561198006236281,1,4,0.19478530330569416
76561198006244912,1,4,0.19478530330569416
76561198006248231,1,4,0.19478530330569416
76561198006268674,1,4,0.19478530330569416
76561198006268774,1,4,0.19478530330569416
76561198006697906,1,4,0.19478530330569416
76561198006714621,1,4,0.19478530330569416
76561198006725990,1,4,0.19478530330569416
76561198006766715,1,4,0.19478530330569416
76561198006847847,1,4,0.19478530330569416
76561198006873223,1,4,0.19478530330569416
76561198006884123,1,4,0.19478530330569416
76561198006900269,1,4,0.19478530330569416
76561198007169304,1,4,0.19478530330569416
76561198007220143,1,4,0.19478530330569416
76561198007252323,1,4,0.19478530330569416
76561198007268396,1,4,0.19478530330569416
76561198007405067,3,4,0.19478530330569416
76561198007536546,1,4,0.19478530330569416
76561198007609033,1,4,0.19478530330569416
76561198007759830,1,4,0.19478530330569416
76561198007802153,1,4,0.19478530330569416
76561198007818758,1,4,0.19478530330569416
76561198007881182,1,4,0.19478530330569416
76561198007893547,1,4,0.19478530330569416
76561198007921883,1,4,0.19478530330569416
76561198007989044,3,4,0.19478530330569416
76561198008037678,1,4,0.19478530330569416
76561198008085425,1,4,0.19478530330569416
76561198008117679,1,4,0.19478530330569416
76561198008185874,1,4,0.19478530330569416
76561198008266904,1,4,0.19478530330569416
76561198008332774,1,4,0.19478530330569416
76561198008366572,1,4,0.19478530330569416
76561198008369751,1,4,0.19478530330569416
76561198008438473,1,4,0.19478530330569416
76561198008471908,0,4,0.19478530330569416
76561198008480668,1,4,0.19478530330569416
76561198008486113,3,4,0.19478530330569416
76561198008667621,1,4,0.19478530330569416
76561198008799342,1,4,0.19478530330569416
76561198008860688,1,4,0.19478530330569416
76561198009013127,1,4,0.19478530330569416
76561198009015400,1,4,0.19478530330569416
76561198009055009,1,4,0.19478530330569416
76561198009108702,1,4,0.19478530330569416
76561198009121120,1,4,0.19478530330569416
76561198009198554,1,4,0.19478530330569416
76561198009293263,1,4,0.19478530330569416
76561198009471319,1,4,0.19478530330569416
76561198009474997,1,4,0.19478530330569416
76561198009555744,1,4,0.19478530330569416
76561198009653095,1,4,0.19478530330569416
76561198009690028,1,4,0.19478530330569416
76561198009717070,1,4,0.19478530330569416
76561198009744465,1,4,0.19478530330569416
76561198009764050,1,4,0.19478530330569416
76561198009854709,1,4,0.19478530330569416
76561198009909967,1,4,0.19478530330569416
76561198010001511,1,4,0.19478530330569416
76561198010028217,1,4,0.19478530330569416
76561198010181228,1,4,0.19478530330569416
76561198010185470,1,4,0.19478530330569416
76561198010206173,1,4,0.19478530330569416
76561198010287383,1,4,0.19478530330569416
76561198010323350,1,4,0.19478530330569416
76561198010505891,1,4,0.19478530330569416
76561198010545064,1,4,0.19478530330569416
76561198010594992,1,4,0.19478530330569416
76561198010983183,1,4,0.19478530330569416
76561198011208350,1,4,0.19478530330569416
76561198011246742,1,4,0.19478530330569416
76561198011302473,1,4,0.19478530330569416
76561198011348528,1,4,0.19478530330569416
76561198011368261,1,4,0.19478530330569416
76561198011389008,1,4,0.19478530330569416
76561198011541019,1,4,0.19478530330569416
76561198011629103,1,4,0.19478530330569416
76561198011647032,1,4,0.19478530330569416
76561198011659425,1,4,0.19478530330569416
76561198011799876,1,4,0.19478530330569416
76561198011839810,1,4,0.19478530330569416
76561198011903621,1,4,0.19478530330569416
76561198011937104,1,4,0.19478530330569416
76561198011979289,1,4,0.19478530330569416
76561198012557600,1,4,0.19478530330569416
76561198012881777,1,4,0.19478530330569416
76561198012913284,1,4,0.19478530330569416
76561198013038909,1,4,0.19478530330569416
76561198013104879,1,4,0.19478530330569416
76561198013115338,1,4,0.19478530330569416
76561198013143519,1,4,0.19478530330569416
76561198013178966,1,4,0.19478530330569416
76561198013205483,1,4,0.19478530330569416
76561198013261863,1,4,0.19478530330569416
76561198013293052,1,4,0.19478530330569416
76561198013359357,1,4,0.19478530330569416
76561198013412947,1,4,0.19478530330569416
76561198013433521,1,4,0.19478530330569416
76561198013566220,1,4,0.19478530330569416
76561198013680011,1,4,0.19478530330569416
76561198013723509,3,4,0.19478530330569416
76561198013729168,1,4,0.19478530330569416
76561198013890689,1,4,0.19478530330569416
76561198013939675,1,4,0.19478530330569416
76561198014069772,1,4,0.19478530330569416
76561198014216780,1,4,0.19478530330569416
76561198014470876,1,4,0.19478530330569416
76561198014485998,1,4,0.19478530330569416
76561198014626499,1,4,0.19478530330569416
76561198014776829,1,4,0.19478530330569416
76561198014788793,1,4,0.19478530330569416
76561198014817175,1,4,0.19478530330569416
76561198014882529,1,4,0.19478530330569416
76561198014938687,1,4,0.19478530330569416
76561198014950467,3,4,0.19478530330569416
76561198014974789,1,4,0.19478530330569416
76561198015122447,1,4,0.19478530330569416
76561198015223061,1,4,0.19478530330569416
76561198015279263,1,4,0.19478530330569416
76561198015351752,1,4,0.19478530330569416
76561198015441277,1,4,0.19478530330569416
76561198015459681,1,4,0.19478530330569416
76561198015481934,1,4,0.19478530330569416
76561198015528525,1,4,0.19478530330569416
76561198015723798,1,4,0.19478530330569416
76561198015749826,1,4,0.19478530330569416
76561198015767203,1,4,0.19478530330569416
76561198015859524,1,4,0.19478530330569416
76561198015904504,1,4,0.19478530330569416
76561198015947070,1,4,0.19478530330569416
76561198016002068,1,4,0.19478530330569416
76561198016012993,1,4,0.19478530330569416
76561198016019048,1,4,0.19478530330569416
76561198016024155,1,4,0.19478530330569416
76561198016291889,1,4,0.19478530330569416
76561198016331152,1,4,0.19478530330569416
76561198016344025,1,4,0.19478530330569416
76561198016432154,3,4,0.19478530330569416
76561198016438920,3,4,0.19478530330569416
76561198016444009,1,4,0.19478530330569416
76561198016615227,1,4,0.19478530330569416
76561198016628406,1,4,0.19478530330569416
76561198016649670,1,4,0.19478530330569416
76561198016838181,1,4,0.19478530330569416
76561198016849836,1,4,0.19478530330569416
76561198016946768,1,4,0.19478530330569416
76561198017069455,1,4,0.19478530330569416
76561198017076824,1,4,0.19478530330569416
76561198017078280,1,4,0.19478530330569416
76561198017293639,1,4,0.19478530330569416
76561198017346926,1,4,0.19478530330569416
76561198017401678,1,4,0.19478530330569416
76561198017412419,1,4,0.19478530330569416
76561198017412459,1,4,0.19478530330569416
76561198017551313,1,4,0.19478530330569416
76561198017813293,3,4,0.19478530330569416
76561198017899277,1,4,0.19478530330569416
76561198018085358,1,4,0.19478530330569416
76561198018089588,1,4,0.19478530330569416
76561198018137472,1,4,0.19478530330569416
76561198018148205,1,4,0.19478530330569416
76561198018185345,1,4,0.19478530330569416
76561198018254158,1,4,0.19478530330569416
76561198018420672,1,4,0.19478530330569416
76561198018528411,1,4,0.19478530330569416
76561198018534147,1,4,0.19478530330569416
76561198018555921,1,4,0.19478530330569416
76561198018596295,1,4,0.19478530330569416
76561198018742597,1,4,0.19478530330569416
76561198018813445,1,4,0.19478530330569416
76561198018910266,3,4,0.19478530330569416
76561198019005069,1,4,0.19478530330569416
76561198019020335,1,4,0.19478530330569416
76561198019078835,1,4,0.19478530330569416
76561198019124682,3,4,0.19478530330569416
76561198019184877,1,4,0.19478530330569416
76561198019197628,1,4,0.19478530330569416
76561198019521530,1,4,0.19478530330569416
76561198019563370,1,4,0.19478530330569416
76561198019621629,1,4,0.19478530330569416
76561198019654323,1,4,0.19478530330569416
76561198019685200,1,4,0.19478530330569416
76561198019708471,1,4,0.19478530330569416
76561198019754955,1,4,0.19478530330569416
76561198019946240,1,4,0.19478530330569416
76561198020051378,1,4,0.19478530330569416
76561198020067850,1,4,0.19478530330569416
76561198020203467,1,4,0.19478530330569416
76561198020313592,1,4,0.19478530330569416
76561198020359369,1,4,0.19478530330569416
76561198020436634,1,4,0.19478530330569416
76561198020691641,1,4,0.19478530330569416
76561198020746864,1,4,0.19478530330569416
76561198020850053,1,4,0.19478530330569416
76561198021038522,1,4,0.19478530330569416
76561198021125310,1,4,0.19478530330569416
76561198021180815,3,4,0.19478530330569416
76561198021191194,1,4,0.19478530330569416
76561198021422660,1,4,0.19478530330569416
76561198021436484,1,4,0.19478530330569416
76561198021447905,1,4,0.19478530330569416
76561198021474487,1,4,0.19478530330569416
76561198021536460,1,4,0.19478530330569416
76561198021570635,1,4,0.19478530330569416
76561198021653480,1,4,0.19478530330569416
76561198021892566,1,4,0.19478530330569416
76561198021940873,1,4,0.19478530330569416
76561198022108970,3,4,0.19478530330569416
76561198022212313,1,4,0.19478530330569416
76561198022249429,1,4,0.19478530330569416
76561198022393548,1,4,0.19478530330569416
76561198022427391,1,4,0.19478530330569416
76561198022620733,1,4,0.19478530330569416
76561198022766139,1,4,0.19478530330569416
76561198022807781,1,4,0.19478530330569416
76561198022852314,1,4,0.19478530330569416
76561198022855642,1,4,0.19478530330569416
76561198022898802,1,4,0.19478530330569416
76561198022971777,1,4,0.19478530330569416
76561198023073191,1,4,0.19478530330569416
76561198023077730,1,4,0.19478530330569416
76561198023114147,1,4,0.19478530330569416
76561198023114816,1,4,0.19478530330569416
76561198023116710,1,4,0.19478530330569416
76561198023174870,1,4,0.19478530330569416
76561198023296561,1,4,0.19478530330569416
76561198023327915,1,4,0.19478530330569416
76561198023490438,1,4,0.19478530330569416
76561198023514531,1,4,0.19478530330569416
76561198023519071,1,4,0.19478530330569416
76561198023531599,1,4,0.19478530330569416
76561198023594531,1,4,0.19478530330569416
76561198023616180,1,4,0.19478530330569416
76561198023692991,1,4,0.19478530330569416
76561198023791161,1,4,0.19478530330569416
76561198023794868,1,4,0.19478530330569416
76561198023921203,1,4,0.19478530330569416
76561198024038675,1,4,0.19478530330569416
76561198024195554,1,4,0.19478530330569416
76561198024200123,1,4,0.19478530330569416
76561198024246936,1,4,0.19478530330569416
76561198024546321,1,4,0.19478530330569416
76561198024647859,1,4,0.19478530330569416
76561198024735043,1,4,0.19478530330569416
76561198024812661,1,4,0.19478530330569416
76561198024823934,1,4,0.19478530330569416
76561198024926277,1,4,0.19478530330569416
76561198024958702,1,4,0.19478530330569416
76561198024968498,1,4,0.19478530330569416
76561198024981381,1,4,0.19478530330569416
76561198025014146,1,4,0.19478530330569416
76561198025038660,1,4,0.19478530330569416
76561198025111129,1,4,0.19478530330569416
76561198025146852,3,4,0.19478530330569416
76561198025213357,1,4,0.19478530330569416
76561198025223542,1,4,0.19478530330569416
76561198025257831,1,4,0.19478530330569416
76561198025266541,1,4,0.19478530330569416
76561198025298276,1,4,0.19478530330569416
76561198025334646,1,4,0.19478530330569416
76561198025375592,1,4,0.19478530330569416
76561198025391492,1,4,0.19478530330569416
76561198025445358,1,4,0.19478530330569416
76561198025463060,1,4,0.19478530330569416
76561198025540438,1,4,0.19478530330569416
76561198025618418,1,4,0.19478530330569416
76561198025620038,1,4,0.19478530330569416
76561198025670883,1,4,0.19478530330569416
76561198025693599,1,4,0.19478530330569416
76561198025781024,1,4,0.19478530330569416
76561198025793089,1,4,0.19478530330569416
76561198025796747,1,4,0.19478530330569416
76561198025841721,1,4,0.19478530330569416
76561198025859378,1,4,0.19478530330569416
76561198026157552,1,4,0.19478530330569416
76561198026221093,1,4,0.19478530330569416
76561198026265094,1,4,0.19478530330569416
76561198026395147,1,4,0.19478530330569416
76561198026425351,1,4,0.19478530330569416
76561198026465332,1,4,0.19478530330569416
76561198026478759,1,4,0.19478530330569416
76561198026506133,1,4,0.19478530330569416
76561198026535099,1,4,0.19478530330569416
76561198026564874,1,4,0.19478530330569416
76561198026615548,1,4,0.19478530330569416
76561198026716698,1,4,0.19478530330569416
76561198026779638,1,4,0.19478530330569416
76561198026840458,1,4,0.19478530330569416
76561198026912448,3,4,0.19478530330569416
76561198026940701,1,4,0.19478530330569416
76561198026989379,1,4,0.19478530330569416
76561198027036398,1,4,0.19478530330569416
76561198027112798,3,4,0.19478530330569416
76561198027177776,3,4,0.19478530330569416
76561198027214426,1,4,0.19478530330569416
76561198027233260,1,4,0.19478530330569416
76561198027512879,1,4,0.19478530330569416
76561198027616389,1,4,0.19478530330569416
76561198027667124,1,4,0.19478530330569416
76561198027732341,1,4,0.19478530330569416
76561198027844898,1,4,0.19478530330569416
76561198027845176,1,4,0.19478530330569416
76561198027880845,1,4,0.19478530330569416
76561198027883320,1,4,0.19478530330569416
76561198027904347,1,4,0.19478530330569416
76561198027946435,1,4,0.19478530330569416
76561198027987860,1,4,0.19478530330569416
76561198028015677,1,4,0.19478530330569416
76561198028056626,3,4,0.19478530330569416
76561198028070463,1,4,0.19478530330569416
76561198028091020,1,4,0.19478530330569416
76561198028125071,1,4,0.19478530330569416
76561198028137544,1,4,0.19478530330569416
76561198028185256,1,4,0.19478530330569416
76561198028385225,1,4,0.19478530330569416
76561198028421529,2,4,0.19478530330569416
76561198028528793,1,4,0.19478530330569416
76561198028569459,1,4,0.19478530330569416
76561198028706134,1,4,0.19478530330569416
76561198028719903,1,4,0.19478530330569416
76561198028849094,1,4,0.19478530330569416
76561198028866149,1,4,0.19478530330569416
76561198028883943,1,4,0.19478530330569416
76561198028922089,1,4,0.19478530330569416
76561198029023990,1,4,0.19478530330569416
76561198029028690,1,4,0.19478530330569416
76561198029049127,1,4,0.19478530330569416
76561198029262157,1,4,0.19478530330569416
76561198029319505,1,4,0.19478530330569416
76561198029374030,1,4,0.19478530330569416
76561198029502901,1,4,0.19478530330569416
76561198029593271,1,4,0.19478530330569416
76561198029732166,1,4,0.19478530330569416
76561198029800969,1,4,0.19478530330569416
76561198029925667,1,4,0.19478530330569416
76561198029988932,1,4,0.19478530330569416
76561198029996726,1,4,0.19478530330569416
76561198030118274,1,4,0.19478530330569416
76561198030123832,1,4,0.19478530330569416
76561198030225688,1,4,0.19478530330569416
76561198030273896,1,4,0.19478530330569416
76561198030277114,1,4,0.19478530330569416
76561198030408706,1,4,0.19478530330569416
76561198030429890,1,4,0.19478530330569416
76561198030516476,1,4,0.19478530330569416
76561198030599586,1,4,0.19478530330569416
76561198030630489,1,4,0.19478530330569416
76561198030728359,1,4,0.19478530330569416
76561198030756323,1,4,0.19478530330569416
76561198030808810,1,4,0.19478530330569416
76561198030888094,1,4,0.19478530330569416
76561198030926535,1,4,0.19478530330569416
76561198031008457,1,4,0.19478530330569416
76561198031209270,1,4,0.19478530330569416
76561198031220488,1,4,0.19478530330569416
76561198031357094,1,4,0.19478530330569416
76561198031418338,1,4,0.19478530330569416
76561198031542514,1,4,0.19478530330569416
76561198031679484,3,4,0.19478530330569416
76561198031837797,1,4,0.19478530330569416
76561198031919117,1,4,0.19478530330569416
76561198031956733,1,4,0.19478530330569416
76561198032150922,1,4,0.19478530330569416
76561198032349132,1,4,0.19478530330569416
76561198032415501,1,4,0.19478530330569416
76561198032497313,1,4,0.19478530330569416
76561198032544384,1,4,0.19478530330569416
76561198032550800,1,4,0.19478530330569416
76561198032591844,1,4,0.19478530330569416
76561198032729607,1,4,0.19478530330569416
76561198032741304,1,4,0.19478530330569416
76561198032987171,1,4,0.19478530330569416
76561198033103032,1,4,0.19478530330569416
76561198033162411,1,4,0.19478530330569416
76561198033195205,1,4,0.19478530330569416
76561198033206748,1,4,0.19478530330569416
76561198033263509,1,4,0.19478530330569416
76561198033338283,1,4,0.19478530330569416
76561198033535814,1,4,0.19478530330569416
76561198033586126,1,4,0.19478530330569416
76561198033602078,1,4,0.19478530330569416
76561198033624455,1,4,0.19478530330569416
76561198033808029,1,4,0.19478530330569416
76561198034077967,1,4,0.19478530330569416
76561198034096440,1,4,0.19478530330569416
76561198034154230,1,4,0.19478530330569416
76561198034168703,1,4,0.19478530330569416
76561198034218764,1,4,0.19478530330569416
76561198034249692,1,4,0.19478530330569416
76561198034385973,1,4,0.19478530330569416
76561198034493521,1,4,0.19478530330569416
76561198034536984,1,4,0.19478530330569416
76561198034574711,1,4,0.19478530330569416
76561198034663705,1,4,0.19478530330569416
76561198034698530,1,4,0.19478530330569416
76561198035010599,1,4,0.19478530330569416
76561198035188248,1,4,0.19478530330569416
76561198035201897,1,4,0.19478530330569416
76561198035363738,1,4,0.19478530330569416
76561198035422338,1,4,0.19478530330569416
76561198035661426,1,4,0.19478530330569416
76561198035717993,1,4,0.19478530330569416
76561198035780173,1,4,0.19478530330569416
76561198035839569,1,4,0.19478530330569416
76561198035845858,1,4,0.19478530330569416
76561198035848155,1,4,0.19478530330569416
76561198035849045,3,4,0.19478530330569416
76561198035961744,1,4,0.19478530330569416
76561198036102917,1,4,0.19478530330569416
76561198036229561,1,4,0.19478530330569416
76561198036256662,1,4,0.19478530330569416
76561198036279598,1,4,0.19478530330569416
76561198036348117,1,4,0.19478530330569416
76561198036468361,1,4,0.19478530330569416
76561198036500990,1,4,0.19478530330569416
76561198036541930,1,4,0.19478530330569416
76561198036587242,1,4,0.19478530330569416
76561198036709917,1,4,0.19478530330569416
76561198036714867,1,4,0.19478530330569416
76561198036803371,1,4,0.19478530330569416
76561198036814593,1,4,0.19478530330569416
76561198036891788,1,4,0.19478530330569416
76561198036933650,1,4,0.19478530330569416
76561198036984413,1,4,0.19478530330569416
76561198036995672,1,4,0.19478530330569416
76561198037003719,1,4,0.19478530330569416
76561198037018920,1,4,0.19478530330569416
76561198037085103,1,4,0.19478530330569416
76561198037089044,1,4,0.19478530330569416
76561198037440919,1,4,0.19478530330569416
76561198037510530,1,4,0.19478530330569416
76561198037583383,1,4,0.19478530330569416
76561198037613508,1,4,0.19478530330569416
76561198037796318,1,4,0.19478530330569416
76561198037802252,1,4,0.19478530330569416
76561198037887754,1,4,0.19478530330569416
76561198038056805,1,4,0.19478530330569416
76561198038195848,1,4,0.19478530330569416
76561198038479125,1,4,0.19478530330569416
76561198038546547,1,4,0.19478530330569416
76561198038556165,1,4,0.19478530330569416
76561198038616833,1,4,0.19478530330569416
76561198038673878,1,4,0.19478530330569416
76561198038911024,1,4,0.19478530330569416
76561198038939593,1,4,0.19478530330569416
76561198038980489,1,4,0.19478530330569416
76561198039031102,1,4,0.19478530330569416
76561198039198161,1,4,0.19478530330569416
76561198039392732,1,4,0.19478530330569416
76561198039406214,1,4,0.19478530330569416
76561198039417534,3,4,0.19478530330569416
76561198039452938,1,4,0.19478530330569416
76561198039493969,1,4,0.19478530330569416
76561198039663324,1,4,0.19478530330569416
76561198039801595,1,4,0.19478530330569416
76561198039822008,1,4,0.19478530330569416
76561198039886147,1,4,0.19478530330569416
76561198040014019,1,4,0.19478530330569416
76561198040105839,1,4,0.19478530330569416
76561198040161412,1,4,0.19478530330569416
76561198040178115,1,4,0.19478530330569416
76561198040296837,1,4,0.19478530330569416
76561198040484666,1,4,0.19478530330569416
76561198040505023,1,4,0.19478530330569416
76561198040600573,1,4,0.19478530330569416
76561198040779532,1,4,0.19478530330569416
76561198040802503,1,4,0.19478530330569416
76561198040884867,1,4,0.19478530330569416
76561198040923840,1,4,0.19478530330569416
76561198041031091,1,4,0.19478530330569416
76561198041034384,1,4,0.19478530330569416
76561198041080728,1,4,0.19478530330569416
76561198041100695,1,4,0.19478530330569416
76561198041138024,1,4,0.19478530330569416
76561198041228105,1,4,0.19478530330569416
76561198041298094,1,4,0.19478530330569416
76561198041323297,1,4,0.19478530330569416
76561198041379206,1,4,0.19478530330569416
76561198041457876,1,4,0.19478530330569416
76561198041497325,1,4,0.19478530330569416
76561198041506271,1,4,0.19478530330569416
76561198041625770,1,4,0.19478530330569416
76561198041689171,1,4,0.19478530330569416
76561198041885150,1,4,0.19478530330569416
76561198041891495,1,4,0.19478530330569416
76561198042038337,1,4,0.19478530330569416
76561198042052301,1,4,0.19478530330569416
76561198042104476,1,4,0.19478530330569416
76561198042395850,1,4,0.19478530330569416
76561198042484540,1,4,0.19478530330569416
76561198042509853,1,4,0.19478530330569416
76561198042574421,1,4,0.19478530330569416
76561198042611397,1,4,0.19478530330569416
76561198042619229,3,4,0.19478530330569416
76561198042619868,1,4,0.19478530330569416
76561198042633209,1,4,0.19478530330569416
76561198042731036,1,4,0.19478530330569416
76561198042755505,1,4,0.19478530330569416
76561198042773556,1,4,0.19478530330569416
76561198042890140,1,4,0.19478530330569416
76561198042896883,1,4,0.19478530330569416
76561198042923150,1,4,0.19478530330569416
76561198042978992,1,4,0.19478530330569416
76561198043115858,3,4,0.19478530330569416
76561198043228049,1,4,0.19478530330569416
76561198043251650,1,4,0.19478530330569416
76561198043480817,1,4,0.19478530330569416
76561198043488004,1,4,0.19478530330569416
76561198043607469,1,4,0.19478530330569416
76561198043655647,1,4,0.19478530330569416
76561198043720348,1,4,0.19478530330569416
76561198043819633,1,4,0.19478530330569416
76561198043828654,1,4,0.19478530330569416
76561198043832583,1,4,0.19478530330569416
76561198043892935,1,4,0.19478530330569416
76561198043898087,1,4,0.19478530330569416
76561198043905851,1,4,0.19478530330569416
76561198043972532,1,4,0.19478530330569416
76561198043982405,1,4,0.19478530330569416
76561198043996154,1,4,0.19478530330569416
76561198044048161,1,4,0.19478530330569416
76561198044056333,1,4,0.19478530330569416
76561198044132953,1,4,0.19478530330569416
76561198044145867,1,4,0.19478530330569416
76561198044196794,1,4,0.19478530330569416
76561198044279579,1,4,0.19478530330569416
76561198044371709,1,4,0.19478530330569416
76561198044386667,1,4,0.19478530330569416
76561198044395197,1,4,0.19478530330569416
76561198044440062,1,4,0.19478530330569416
76561198044531564,1,4,0.19478530330569416
76561198044561633,1,4,0.19478530330569416
76561198044565579,1,4,0.19478530330569416
76561198044596404,1,4,0.19478530330569416
76561198044602606,1,4,0.19478530330569416
76561198044632046,1,4,0.19478530330569416
76561198044681116,3,4,0.19478530330569416
76561198044839188,1,4,0.19478530330569416
76561198044890610,1,4,0.19478530330569416
76561198045195189,1,4,0.19478530330569416
76561198045228449,3,4,0.19478530330569416
76561198045337433,1,4,0.19478530330569416
76561198045354821,1,4,0.19478530330569416
76561198045407759,1,4,0.19478530330569416
76561198045553085,1,4,0.19478530330569416
76561198045616762,1,4,0.19478530330569416
76561198045737785,1,4,0.19478530330569416
76561198045740239,1,4,0.19478530330569416
76561198045763826,1,4,0.19478530330569416
76561198045925412,1,4,0.19478530330569416
76561198046008728,1,4,0.19478530330569416
76561198046206792,1,4,0.19478530330569416
76561198046242117,1,4,0.19478530330569416
76561198046360202,1,4,0.19478530330569416
76561198046436357,1,4,0.19478530330569416
76561198046468073,1,4,0.19478530330569416
76561198046474043,1,4,0.19478530330569416
76561198046588672,1,4,0.19478530330569416
76561198046610907,1,4,0.19478530330569416
76561198046621479,1,4,0.19478530330569416
76561198046680021,1,4,0.19478530330569416
76561198046743901,1,4,0.19478530330569416
76561198046875589,1,4,0.19478530330569416
76561198046878168,3,4,0.19478530330569416
76561198046978149,1,4,0.19478530330569416
76561198046979629,1,4,0.19478530330569416
76561198047015315,1,4,0.19478530330569416
76561198047029812,1,4,0.19478530330569416
76561198047070953,1,4,0.19478530330569416
76561198047112621,1,4,0.19478530330569416
76561198047167723,1,4,0.19478530330569416
76561198047169991,1,4,0.19478530330569416
76561198047270545,1,4,0.19478530330569416
76561198047414009,1,4,0.19478530330569416
76561198047441723,1,4,0.19478530330569416
76561198047455579,1,4,0.19478530330569416
76561198047457459,1,4,0.19478530330569416
76561198047503544,1,4,0.19478530330569416
76561198047506795,1,4,0.19478530330569416
76561198047517097,1,4,0.19478530330569416
76561198047723336,1,4,0.19478530330569416
76561198047794531,0,4,0.19478530330569416
76561198047882270,1,4,0.19478530330569416
76561198047884970,1,4,0.19478530330569416
76561198047975581,1,4,0.19478530330569416
76561198048063791,1,4,0.19478530330569416
76561198048076196,1,4,0.19478530330569416
76561198048140997,1,4,0.19478530330569416
76561198048285800,1,4,0.19478530330569416
76561198048392507,1,4,0.19478530330569416
76561198048426865,1,4,0.19478530330569416
76561198048430200,1,4,0.19478530330569416
76561198048453468,1,4,0.19478530330569416
76561198048520451,1,4,0.19478530330569416
76561198048689582,3,4,0.19478530330569416
76561198048964461,1,4,0.19478530330569416
76561198048979421,1,4,0.19478530330569416
76561198049199276,1,4,0.19478530330569416
76561198049211014,1,4,0.19478530330569416
76561198049212147,1,4,0.19478530330569416
76561198049226196,1,4,0.19478530330569416
76561198049291468,1,4,0.19478530330569416
76561198049304391,1,4,0.19478530330569416
76561198049323874,1,4,0.19478530330569416
76561198049429715,1,4,0.19478530330569416
76561198049442527,1,4,0.19478530330569416
76561198049445507,1,4,0.19478530330569416
76561198049726399,1,4,0.19478530330569416
76561198049775783,1,4,0.19478530330569416
76561198049807324,1,4,0.19478530330569416
76561198049840570,1,4,0.19478530330569416
76561198049902675,1,4,0.19478530330569416
76561198050033018,1,4,0.19478530330569416
76561198050210437,1,4,0.19478530330569416
76561198050285365,1,4,0.19478530330569416
76561198050468382,1,4,0.19478530330569416
76561198050615194,1,4,0.19478530330569416
76561198050746153,1,4,0.19478530330569416
76561198050854730,1,4,0.19478530330569416
76561198050890851,1,4,0.19478530330569416
76561198051089903,1,4,0.19478530330569416
76561198051177321,1,4,0.19478530330569416
76561198051194713,1,4,0.19478530330569416
76561198051227320,1,4,0.19478530330569416
76561198051639199,1,4,0.19478530330569416
76561198051675786,1,4,0.19478530330569416
76561198051733124,1,4,0.19478530330569416
76561198051745012,1,4,0.19478530330569416
76561198051840144,1,4,0.19478530330569416
76561198051919234,1,4,0.19478530330569416
76561198051940006,1,4,0.19478530330569416
76561198052015617,1,4,0.19478530330569416
76561198052111779,1,4,0.19478530330569416
76561198052125808,1,4,0.19478530330569416
76561198052138190,1,4,0.19478530330569416
76561198052203863,3,4,0.19478530330569416
76561198052241443,1,4,0.19478530330569416
76561198052273764,1,4,0.19478530330569416
76561198052442092,1,4,0.19478530330569416
76561198052481833,1,4,0.19478530330569416
76561198052514327,1,4,0.19478530330569416
76561198052646182,1,4,0.19478530330569416
76561198052678573,1,4,0.19478530330569416
76561198052847275,1,4,0.19478530330569416
76561198052850469,1,4,0.19478530330569416
76561198053005358,1,4,0.19478530330569416
76561198053070206,1,4,0.19478530330569416
76561198053159303,1,4,0.19478530330569416
76561198053206025,1,4,0.19478530330569416
76561198053301435,1,4,0.19478530330569416
76561198053369031,1,4,0.19478530330569416
76561198053475768,1,4,0.19478530330569416
76561198053568113,1,4,0.19478530330569416
76561198053605081,1,4,0.19478530330569416
76561198053710885,1,4,0.19478530330569416
76561198053777519,1,4,0.19478530330569416
76561198053948039,1,4,0.19478530330569416
76561198053965300,1,4,0.19478530330569416
76561198053973982,1,4,0.19478530330569416
76561198054004608,1,4,0.19478530330569416
76561198054520957,1,4,0.19478530330569416
76561198054553341,1,4,0.19478530330569416
76561198054960169,1,4,0.19478530330569416
76561198055326676,1,4,0.19478530330569416
76561198055347700,1,4,0.19478530330569416
76561198055487656,1,4,0.19478530330569416
76561198055597355,1,4,0.19478530330569416
76561198055677691,1,4,0.19478530330569416
76561198055786013,1,4,0.19478530330569416
76561198056047449,1,4,0.19478530330569416
76561198056049695,1,4,0.19478530330569416
76561198056116324,1,4,0.19478530330569416
76561198056640740,1,4,0.19478530330569416
76561198056893819,1,4,0.19478530330569416
76561198056909695,1,4,0.19478530330569416
76561198056938654,3,4,0.19478530330569416
76561198057078777,1,4,0.19478530330569416
76561198057283373,1,4,0.19478530330569416
76561198057329243,1,4,0.19478530330569416
76561198057498761,1,4,0.19478530330569416
76561198057552595,1,4,0.19478530330569416
76561198057885021,1,4,0.19478530330569416
76561198057942218,1,4,0.19478530330569416
76561198057945441,1,4,0.19478530330569416
76561198058007685,1,4,0.19478530330569416
76561198058094666,1,4,0.19478530330569416
76561198058115931,0,4,0.19478530330569416
76561198058164023,1,4,0.19478530330569416
76561198058253727,1,4,0.19478530330569416
76561198058291396,1,4,0.19478530330569416
76561198058416969,1,4,0.19478530330569416
76561198058471112,1,4,0.19478530330569416
76561198058577517,1,4,0.19478530330569416
76561198058737972,1,4,0.19478530330569416
76561198058781656,1,4,0.19478530330569416
76561198058819470,1,4,0.19478530330569416
76561198058925468,1,4,0.19478530330569416
76561198059216394,1,4,0.19478530330569416
76561198059260462,1,4,0.19478530330569416
76561198059306658,1,4,0.19478530330569416
76561198059307202,1,4,0.19478530330569416
76561198059373650,1,4,0.19478530330569416
76561198059395340,1,4,0.19478530330569416
76561198059515974,1,4,0.19478530330569416
76561198059783270,1,4,0.19478530330569416
76561198059995031,3,4,0.19478530330569416
76561198060410834,1,4,0.19478530330569416
76561198060563982,1,4,0.19478530330569416
76561198060628914,1,4,0.19478530330569416
76561198060639097,1,4,0.19478530330569416
76561198060685657,1,4,0.19478530330569416
76561198060687113,1,4,0.19478530330569416
76561198060721962,1,4,0.19478530330569416
76561198060737300,1,4,0.19478530330569416
76561198060869595,1,4,0.19478530330569416
76561198060871246,1,4,0.19478530330569416
76561198060913953,1,4,0.19478530330569416
76561198060934212,1,4,0.19478530330569416
76561198060985668,1,4,0.19478530330569416
76561198061023307,1,4,0.19478530330569416
76561198061110338,1,4,0.19478530330569416
76561198061218534,1,4,0.19478530330569416
76561198061248268,1,4,0.19478530330569416
76561198061291431,1,4,0.19478530330569416
76561198061305249,1,4,0.19478530330569416
76561198061438211,1,4,0.19478530330569416
76561198061446122,1,4,0.19478530330569416
76561198061449064,1,4,0.19478530330569416
76561198061493460,1,4,0.19478530330569416
76561198061519395,1,4,0.19478530330569416
76561198061737345,1,4,0.19478530330569416
76561198061899489,1,4,0.19478530330569416
76561198061920716,1,4,0.19478530330569416
76561198061981757,1,4,0.19478530330569416
76561198062227632,1,4,0.19478530330569416
76561198062255168,1,4,0.19478530330569416
76561198062301135,1,4,0.19478530330569416
76561198062394830,1,4,0.19478530330569416
76561198062505918,1,4,0.19478530330569416
76561198062552118,1,4,0.19478530330569416
76561198062600893,1,4,0.19478530330569416
76561198062877029,1,4,0.19478530330569416
76561198062901118,1,4,0.19478530330569416
76561198063159693,1,4,0.19478530330569416
76561198063268722,1,4,0.19478530330569416
76561198063269154,1,4,0.19478530330569416
76561198063348352,1,4,0.19478530330569416
76561198063392506,1,4,0.19478530330569416
76561198063563156,1,4,0.19478530330569416
76561198063601821,1,4,0.19478530330569416
76561198063836659,1,4,0.19478530330569416
76561198063871669,1,4,0.19478530330569416
76561198063900962,1,4,0.19478530330569416
76561198063902227,1,4,0.19478530330569416
76561198063952731,1,4,0.19478530330569416
76561198063990605,1,4,0.19478530330569416
76561198063997290,1,4,0.19478530330569416
76561198064082850,1,4,0.19478530330569416
76561198064197954,1,4,0.19478530330569416
76561198064409203,1,4,0.19478530330569416
76561198064410530,1,4,0.19478530330569416
76561198064609090,1,4,0.19478530330569416
76561198064614327,1,4,0.19478530330569416
76561198064728961,1,4,0.19478530330569416
76561198064783067,1,4,0.19478530330569416
76561198064860636,1,4,0.19478530330569416
76561198064893984,1,4,0.19478530330569416
76561198064935565,1,4,0.19478530330569416
76561198065617084,1,4,0.19478530330569416
76561198065699464,1,4,0.19478530330569416
76561198065707788,1,4,0.19478530330569416
76561198065795715,1,4,0.19478530330569416
76561198065877448,1,4,0.19478530330569416
76561198065892602,1,4,0.19478530330569416
76561198066018764,1,4,0.19478530330569416
76561198066148879,1,4,0.19478530330569416
76561198066153480,1,4,0.19478530330569416
76561198066184606,1,4,0.19478530330569416
76561198066325869,1,4,0.19478530330569416
76561198066519820,1,4,0.19478530330569416
76561198066543155,1,4,0.19478530330569416
76561198066612518,1,4,0.19478530330569416
76561198066694652,1,4,0.19478530330569416
76561198066718773,1,4,0.19478530330569416
76561198066739435,1,4,0.19478530330569416
76561198066765397,1,4,0.19478530330569416
76561198066945046,1,4,0.19478530330569416
76561198067002281,1,4,0.19478530330569416
76561198067031569,1,4,0.19478530330569416
76561198067040444,1,4,0.19478530330569416
76561198067054277,1,4,0.19478530330569416
76561198067163683,1,4,0.19478530330569416
76561198067208458,1,4,0.19478530330569416
76561198067261759,1,4,0.19478530330569416
76561198067347675,1,4,0.19478530330569416
76561198067439789,1,4,0.19478530330569416
76561198067608206,1,4,0.19478530330569416
76561198067708484,1,4,0.19478530330569416
76561198067824708,1,4,0.19478530330569416
76561198067950201,1,4,0.19478530330569416
76561198067953510,1,4,0.19478530330569416
76561198067986413,1,4,0.19478530330569416
76561198068088128,1,4,0.19478530330569416
76561198068270261,1,4,0.19478530330569416
76561198068379896,1,4,0.19478530330569416
76561198068624982,1,4,0.19478530330569416
76561198068736110,1,4,0.19478530330569416
76561198068768921,1,4,0.19478530330569416
76561198068979743,1,4,0.19478530330569416
76561198069376148,1,4,0.19478530330569416
76561198069672812,1,4,0.19478530330569416
76561198070109610,1,4,0.19478530330569416
76561198070472588,1,4,0.19478530330569416
76561198070644433,1,4,0.19478530330569416
76561198070686374,1,4,0.19478530330569416
76561198071107427,1,4,0.19478530330569416
76561198071127906,1,4,0.19478530330569416
76561198071221914,1,4,0.19478530330569416
76561198071227141,1,4,0.19478530330569416
76561198071585954,1,4,0.19478530330569416
76561198071654352,1,4,0.19478530330569416
76561198071692863,1,4,0.19478530330569416
76561198071922719,1,4,0.19478530330569416
76561198071967202,1,4,0.19478530330569416
76561198071997106,1,4,0.19478530330569416
76561198072129087,1,4,0.19478530330569416
76561198072257250,1,4,0.19478530330569416
76561198072381855,1,4,0.19478530330569416
76561198072532181,1,4,0.19478530330569416
76561198072678486,1,4,0.19478530330569416
76561198072917499,1,4,0.19478530330569416
76561198073191426,1,4,0.19478530330569416
76561198073540985,1,4,0.19478530330569416
76561198073661699,1,4,0.19478530330569416
76561198073707026,3,4,0.19478530330569416
76561198073789253,1,4,0.19478530330569416
76561198074104374,1,4,0.19478530330569416
76561198074137064,1,4,0.19478530330569416
76561198074190161,1,4,0.19478530330569416
76561198074195807,1,4,0.19478530330569416
76561198074312582,1,4,0.19478530330569416
76561198074361885,1,4,0.19478530330569416
76561198074461923,1,4,0.19478530330569416
76561198074545639,1,4,0.19478530330569416
76561198074783402,1,4,0.19478530330569416
76561198074783710,1,4,0.19478530330569416
76561198075224791,1,4,0.19478530330569416
76561198075447635,1,4,0.19478530330569416
76561198075466721,1,4,0.19478530330569416
76561198075569071,1,4,0.19478530330569416
76561198075674749,1,4,0.19478530330569416
76561198075749816,1,4,0.19478530330569416
76561198075767343,1,4,0.19478530330569416
76561198075820042,1,4,0.19478530330569416
76561198075851949,1,4,0.19478530330569416
76561198075984299,1,4,0.19478530330569416
76561198076402319,1,4,0.19478530330569416
76561198076550948,1,4,0.19478530330569416
76561198076917180,1,4,0.19478530330569416
76561198076999456,1,4,0.19478530330569416
76561198077242222,1,4,0.19478530330569416
76561198077248235,1,4,0.19478530330569416
76561198077330311,1,4,0.19478530330569416
76561198077387115,1,4,0.19478530330569416
76561198077444730,1,4,0.19478530330569416
76561198077518117,1,4,0.19478530330569416
76561198077603629,1,4,0.19478530330569416
76561198077644112,1,4,0.19478530330569416
76561198077651994,1,4,0.19478530330569416
76561198077966385,1,4,0.19478530330569416
76561198078011536,1,4,0.19478530330569416
76561198078103345,1,4,0.19478530330569416
76561198078178103,1,4,0.19478530330569416
76561198078207454,1,4,0.19478530330569416
76561198078361063,1,4,0.19478530330569416
76561198078423165,1,4,0.19478530330569416
76561198078497262,1,4,0.19478530330569416
76561198078498143,1,4,0.19478530330569416
76561198078528278,1,4,0.19478530330569416
76561198078599118,1,4,0.19478530330569416
76561198078782283,1,4,0.19478530330569416
76561198078952194,1,4,0.19478530330569416
76561198079100870,1,4,0.19478530330569416
76561198079203100,1,4,0.19478530330569416
76561198079213042,1,4,0.19478530330569416
76561198079227501,1,4,0.19478530330569416
76561198079772364,1,4,0.19478530330569416
76561198079864421,1,4,0.19478530330569416
76561198079972348,1,4,0.19478530330569416
76561198080106269,1,4,0.19478530330569416
76561198080141083,1,4,0.19478530330569416
76561198080349814,1,4,0.19478530330569416
76561198080730041,1,4,0.19478530330569416
76561198081008157,1,4,0.19478530330569416
76561198081156647,1,4,0.19478530330569416
76561198081257465,1,4,0.19478530330569416
76561198081293192,1,4,0.19478530330569416
76561198081301799,1,4,0.19478530330569416
76561198081415408,1,4,0.19478530330569416
76561198081481766,1,4,0.19478530330569416
76561198081961727,1,4,0.19478530330569416
76561198081999502,1,4,0.19478530330569416
76561198082031773,1,4,0.19478530330569416
76561198082038951,1,4,0.19478530330569416
76561198082363887,1,4,0.19478530330569416
76561198082583564,1,4,0.19478530330569416
76561198082623478,1,4,0.19478530330569416
76561198082656267,1,4,0.19478530330569416
76561198082721790,1,4,0.19478530330569416
76561198082831860,1,4,0.19478530330569416
76561198082995144,1,4,0.19478530330569416
76561198082998253,1,4,0.19478530330569416
76561198083142373,3,4,0.19478530330569416
76561198083328766,1,4,0.19478530330569416
76561198083542059,1,4,0.19478530330569416
76561198083787826,1,4,0.19478530330569416
76561198083915913,1,4,0.19478530330569416
76561198083931265,1,4,0.19478530330569416
76561198084092954,1,4,0.19478530330569416
76561198084178836,1,4,0.19478530330569416
76561198084374770,1,4,0.19478530330569416
76561198084542691,1,4,0.19478530330569416
76561198084691345,1,4,0.19478530330569416
76561198084941880,1,4,0.19478530330569416
76561198084955985,1,4,0.19478530330569416
76561198085369626,1,4,0.19478530330569416
76561198085422954,1,4,0.19478530330569416
76561198085529088,3,4,0.19478530330569416
76561198085540793,1,4,0.19478530330569416
76561198085672462,1,4,0.19478530330569416
76561198085791383,1,4,0.19478530330569416
76561198086107514,1,4,0.19478530330569416
76561198086439893,3,4,0.19478530330569416
76561198086556743,1,4,0.19478530330569416
76561198086929527,3,4,0.19478530330569416
76561198087088306,1,4,0.19478530330569416
76561198087089368,1,4,0.19478530330569416
76561198087174877,1,4,0.19478530330569416
76561198087323350,1,4,0.19478530330569416
76561198087733049,1,4,0.19478530330569416
76561198087733716,1,4,0.19478530330569416
76561198087759720,1,4,0.19478530330569416
76561198087927765,1,4,0.19478530330569416
76561198088163711,1,4,0.19478530330569416
76561198088747537,1,4,0.19478530330569416
76561198088775500,1,4,0.19478530330569416
76561198089139675,1,4,0.19478530330569416
76561198089235746,1,4,0.19478530330569416
76561198089299679,1,4,0.19478530330569416
76561198089404867,1,4,0.19478530330569416
76561198089611316,1,4,0.19478530330569416
76561198089683820,1,4,0.19478530330569416
76561198089721639,1,4,0.19478530330569416
76561198089750720,1,4,0.19478530330569416
76561198089801281,1,4,0.19478530330569416
76561198089950070,1,4,0.19478530330569416
76561198090321265,1,4,0.19478530330569416
76561198090392864,1,4,0.19478530330569416
76561198090414426,1,4,0.19478530330569416
76561198090598330,1,4,0.19478530330569416
76561198090664778,1,4,0.19478530330569416
76561198090778750,1,4,0.19478530330569416
76561198090812798,1,4,0.19478530330569416
76561198090967045,1,4,0.19478530330569416
76561198091078414,1,4,0.19478530330569416
76561198091160098,1,4,0.19478530330569416
76561198091192474,1,4,0.19478530330569416
76561198091409638,1,4,0.19478530330569416
76561198091484468,1,4,0.19478530330569416
76561198091577049,1,4,0.19478530330569416
76561198092017683,1,4,0.19478530330569416
76561198092042574,1,4,0.19478530330569416
76561198092221120,1,4,0.19478530330569416
76561198092258220,3,4,0.19478530330569416
76561198092364177,1,4,0.19478530330569416
76561198092589447,1,4,0.19478530330569416
76561198092803383,3,4,0.19478530330569416
76561198092998254,1,4,0.19478530330569416
76561198093566128,1,4,0.19478530330569416
76561198093579202,1,4,0.19478530330569416
76561198093799893,1,4,0.19478530330569416
76561198093999461,1,4,0.19478530330569416
76561198094411705,1,4,0.19478530330569416
76561198094413234,1,4,0.19478530330569416
76561198095241695,1,4,0.19478530330569416
76561198095807119,1,4,0.19478530330569416
76561198096019960,1,4,0.19478530330569416
76561198096194280,1,4,0.19478530330569416
76561198096265586,1,4,0.19478530330569416
76561198096461150,1,4,0.19478530330569416
76561198096609152,1,4,0.19478530330569416
76561198096655954,1,4,0.19478530330569416
76561198096934508,1,4,0.19478530330569416
76561198097498028,1,4,0.19478530330569416
76561198097666040,1,4,0.19478530330569416
76561198097690532,1,4,0.19478530330569416
76561198097953835,1,4,0.19478530330569416
76561198098080821,1,4,0.19478530330569416
76561198098126299,3,4,0.19478530330569416
76561198098132374,1,4,0.19478530330569416
76561198098604636,1,4,0.19478530330569416
76561198100398836,1,4,0.19478530330569416
76561198101049562,1,4,0.19478530330569416
76561198101432241,1,4,0.19478530330569416
76561198101771814,3,4,0.19478530330569416
76561198101876412,1,4,0.19478530330569416
76561198102215048,1,4,0.19478530330569416
76561198102339835,1,4,0.19478530330569416
76561198102380468,1,4,0.19478530330569416
76561198102700771,1,4,0.19478530330569416
76561198102780049,1,4,0.19478530330569416
76561198103107523,1,4,0.19478530330569416
76561198103123646,1,4,0.19478530330569416
76561198103648546,1,4,0.19478530330569416
76561198103654672,1,4,0.19478530330569416
76561198103866743,1,4,0.19478530330569416
76561198103969643,1,4,0.19478530330569416
76561198104108624,1,4,0.19478530330569416
76561198104557457,1,4,0.19478530330569416
76561198104873334,1,4,0.19478530330569416
76561198104956330,1,4,0.19478530330569416
76561198105088252,1,4,0.19478530330569416
76561198105192566,1,4,0.19478530330569416
76561198105390244,1,4,0.19478530330569416
76561198105878460,1,4,0.19478530330569416
76561198106145311,3,4,0.19478530330569416
76561198106312728,1,4,0.19478530330569416
76561198106438181,1,4,0.19478530330569416
76561198106892734,1,4,0.19478530330569416
76561198107029439,1,4,0.19478530330569416
76561198107077231,1,4,0.19478530330569416
76561198107302800,1,4,0.19478530330569416
76561198108535277,1,4,0.19478530330569416
76561198108562053,1,4,0.19478530330569416
76561198108620000,1,4,0.19478530330569416
76561198108831399,1,4,0.19478530330569416
76561198109871307,1,4,0.19478530330569416
76561198110045193,1,4,0.19478530330569416
76561198110110963,1,4,0.19478530330569416
76561198111200508,1,4,0.19478530330569416
76561198111678291,1,4,0.19478530330569416
76561198111824451,1,4,0.19478530330569416
76561198111845521,1,4,0.19478530330569416
76561198112009549,1,4,0.19478530330569416
76561198112313168,1,4,0.19478530330569416
76561198112552234,1,4,0.19478530330569416
76561198112667420,1,4,0.19478530330569416
76561198112672661,1,4,0.19478530330569416
76561198112768847,1,4,0.19478530330569416
76561198112780782,1,4,0.19478530330569416
76561198112795258,1,4,0.19478530330569416
76561198112880157,1,4,0.19478530330569416
76561198112890258,1,4,0.19478530330569416
76561198113104554,1,4,0.19478530330569416
76561198113455411,1,4,0.19478530330569416
76561198113457184,1,4,0.19478530330569416
76561198113481234,1,4,0.19478530330569416
76561198113666471,1,4,0.19478530330569416
76561198114416494,1,4,0.19478530330569416
76561198114624558,1,4,0.19478530330569416
76561198115009354,1,4,0.19478530330569416
76561198115795404,1,4,0.19478530330569416
76561198115840410,1,4,0.19478530330569416
76561198116664699,1,4,0.19478530330569416
76561198116820015,1,4,0.19478530330569416
76561198117123612,1,4,0.19478530330569416
76561198117143056,1,4,0.19478530330569416
76561198117330620,1,4,0.19478530330569416
76561198117359053,1,4,0.19478530330569416
76561198117798611,1,4,0.19478530330569416
76561198117913848,1,4,0.19478530330569416
76561198117925723,1,4,0.19478530330569416
76561198118069340,1,4,0.19478530330569416
76561198118369799,1,4,0.19478530330569416
76561198118371170,1,4,0.19478530330569416
76561198118421272,1,4,0.19478530330569416
76561198118604647,1,4,0.19478530330569416
76561198118726910,1,4,0.19478530330569416
76561198119067891,1,4,0.19478530330569416
76561198119104567,1,4,0.19478530330569416
76561198119121871,1,4,0.19478530330569416
76561198119650667,1,4,0.19478530330569416
76561198119652767,1,4,0.19478530330569416
76561198120101132,1,4,0.19478530330569416
76561198120205812,1,4,0.19478530330569416
76561198120468864,1,4,0.19478530330569416
76561198120594540,3,4,0.19478530330569416
76561198121070383,1,4,0.19478530330569416
76561198121098268,1,4,0.19478530330569416
76561198121273308,1,4,0.19478530330569416
76561198121398682,1,4,0.19478530330569416
76561198121716572,1,4,0.19478530330569416
76561198121733143,1,4,0.19478530330569416
76561198121767373,1,4,0.19478530330569416
76561198121922929,1,4,0.19478530330569416
76561198123176874,1,4,0.19478530330569416
76561198123613712,1,4,0.19478530330569416
76561198123726975,1,4,0.19478530330569416
76561198123790631,1,4,0.19478530330569416
76561198123886137,1,4,0.19478530330569416
76561198124544984,1,4,0.19478530330569416
76561198124738753,1,4,0.19478530330569416
76561198125123765,1,4,0.19478530330569416
76561198125238941,1,4,0.19478530330569416
76561198125355177,1,4,0.19478530330569416
76561198126267465,1,4,0.19478530330569416
76561198126303619,3,4,0.19478530330569416
76561198126812721,1,4,0.19478530330569416
76561198127495504,1,4,0.19478530330569416
76561198128578271,1,4,0.19478530330569416
76561198128679947,1,4,0.19478530330569416
76561198128785478,1,4,0.19478530330569416
76561198128844741,1,4,0.19478530330569416
76561198130370824,1,4,0.19478530330569416
76561198131834463,1,4,0.19478530330569416
76561198132235994,1,4,0.19478530330569416
76561198132931055,1,4,0.19478530330569416
76561198133218756,1,4,0.19478530330569416
76561198133307300,1,4,0.19478530330569416
76561198133361926,1,4,0.19478530330569416
76561198133372348,1,4,0.19478530330569416
76561198133918114,1,4,0.19478530330569416
76561198134058298,1,4,0.19478530330569416
76561198134870681,1,4,0.19478530330569416
76561198134893821,1,4,0.19478530330569416
76561198135737269,1,4,0.19478530330569416
76561198135780449,1,4,0.19478530330569416
76561198135930845,1,4,0.19478530330569416
76561198136277601,1,4,0.19478530330569416
76561198136397211,1,4,0.19478530330569416
76561198136729976,1,4,0.19478530330569416
76561198136898080,1,4,0.19478530330569416
76561198136969425,1,4,0.19478530330569416
76561198136979501,3,4,0.19478530330569416
76561198137376448,1,4,0.19478530330569416
76561198137933363,3,4,0.19478530330569416
76561198138017493,1,4,0.19478530330569416
76561198138991245,1,4,0.19478530330569416
76561198139084236,1,4,0.19478530330569416
76561198139094658,1,4,0.19478530330569416
76561198139110854,1,4,0.19478530330569416
76561198139119038,1,4,0.19478530330569416
76561198139908577,3,4,0.19478530330569416
76561198140465553,1,4,0.19478530330569416
76561198140831121,1,4,0.19478530330569416
76561198141336830,1,4,0.19478530330569416
76561198141448555,1,4,0.19478530330569416
76561198141517257,1,4,0.19478530330569416
76561198141806754,1,4,0.19478530330569416
76561198142329708,1,4,0.19478530330569416
76561198142368840,1,4,0.19478530330569416
76561198142453927,1,4,0.19478530330569416
76561198142797852,1,4,0.19478530330569416
76561198142817702,1,4,0.19478530330569416
76561198143142509,1,4,0.19478530330569416
76561198143491401,1,4,0.19478530330569416
76561198143892061,1,4,0.19478530330569416
76561198144155929,1,4,0.19478530330569416
76561198144877447,1,4,0.19478530330569416
76561198145427903,1,4,0.19478530330569416
76561198146593189,1,4,0.19478530330569416
76561198147470922,1,4,0.19478530330569416
76561198148591890,1,4,0.19478530330569416
76561198149355274,1,4,0.19478530330569416
76561198149424034,1,4,0.19478530330569416
76561198150023286,1,4,0.19478530330569416
76561198150058321,1,4,0.19478530330569416
76561198151617563,1,4,0.19478530330569416
76561198152365403,1,4,0.19478530330569416
76561198152370841,1,4,0.19478530330569416
76561198152618007,1,4,0.19478530330569416
76561198153444879,1,4,0.19478530330569416
76561198153525620,1,4,0.19478530330569416
76561198156021248,1,4,0.19478530330569416
76561198156345324,1,4,0.19478530330569416
76561198158465906,1,4,0.19478530330569416
76561198158905982,1,4,0.19478530330569416
76561198159216159,1,4,0.19478530330569416
76561198159796495,1,4,0.19478530330569416
76561198159889238,1,4,0.19478530330569416
76561198160078610,1,4,0.19478530330569416
76561198160320827,1,4,0.19478530330569416
76561198160470680,1,4,0.19478530330569416
76561198160700469,1,4,0.19478530330569416
76561198160775754,1,4,0.19478530330569416
76561198160913453,1,4,0.19478530330569416
76561198161310076,1,4,0.19478530330569416
76561198161507346,1,4,0.19478530330569416
76561198161672087,1,4,0.19478530330569416
76561198162235689,1,4,0.19478530330569416
76561198162399308,2,4,0.19478530330569416
76561198162663393,1,4,0.19478530330569416
76561198162722657,1,4,0.19478530330569416
76561198163139044,1,4,0.19478530330569416
76561198163638022,1,4,0.19478530330569416
76561198163792761,1,4,0.19478530330569416
76561198163992822,1,4,0.19478530330569416
76561198164951219,1,4,0.19478530330569416
76561198165492519,1,4,0.19478530330569416
76561198166927505,1,4,0.19478530330569416
76561198167177803,1,4,0.19478530330569416
76561198167529479,1,4,0.19478530330569416
76561198167940370,1,4,0.19478530330569416
76561198168980050,1,4,0.19478530330569416
76561198169462091,1,4,0.19478530330569416
76561198170081071,1,4,0.19478530330569416
76561198170269198,1,4,0.19478530330569416
76561198170985497,1,4,0.19478530330569416
76561198172252199,1,4,0.19478530330569416
76561198172925593,1,4,0.19478530330569416
76561198173634835,1,4,0.19478530330569416
76561198173819274,1,4,0.19478530330569416
76561198174102790,1,4,0.19478530330569416
76561198176059619,1,4,0.19478530330569416
76561198176116389,1,4,0.19478530330569416
76561198178557050,1,4,0.19478530330569416
76561198178654229,1,4,0.19478530330569416
76561198179319487,1,4,0.19478530330569416
76561198179992770,1,4,0.19478530330569416
76561198180063266,3,4,0.19478530330569416
76561198180130274,1,4,0.19478530330569416
76561198180204111,1,4,0.19478530330569416
76561198180549481,1,4,0.19478530330569416
76561198185428926,1,4,0.19478530330569416
76561198185575257,1,4,0.19478530330569416
76561198187410553,1,4,0.19478530330569416
76561198187580027,1,4,0.19478530330569416
76561198187763739,1,4,0.19478530330569416
76561198188321818,1,4,0.19478530330569416
76561198189249125,1,4,0.19478530330569416
76561198192866085,1,4,0.19478530330569416
76561198193136631,1,4,0.19478530330569416
76561198193698835,1,4,0.19478530330569416
76561198194518970,0,4,0.19478530330569416
76561198195538677,1,4,0.19478530330569416
76561198196227601,1,4,0.19478530330569416
76561198196483042,1,4,0.19478530330569416
76561198197031430,1,4,0.19478530330569416
76561198197409628,1,4,0.19478530330569416
76561198197842306,1,4,0.19478530330569416
76561198199969253,1,4,0.19478530330569416
76561198200337814,1,4,0.19478530330569416
76561198200501842,1,4,0.19478530330569416
76561198201155765,1,4,0.19478530330569416
76561198201854930,1,4,0.19478530330569416
76561198201888442,1,4,0.19478530330569416
76561198203362334,1,4,0.19478530330569416
76561198205968384,1,4,0.19478530330569416
76561198207088253,1,4,0.19478530330569416
76561198209422592,1,4,0.19478530330569416
76561198211371321,1,4,0.19478530330569416
76561198213368405,1,4,0.19478530330569416
76561198215096428,1,4,0.19478530330569416
76561198216975279,1,4,0.19478530330569416
76561198217979953,1,4,0.19478530330569416
76561198218497305,1,4,0.19478530330569416
76561198219343843,1,4,0.19478530330569416
76561198219536444,3,4,0.19478530330569416
76561198219700072,1,4,0.19478530330569416
76561198219728397,1,4,0.19478530330569416
76561198220046737,1,4,0.19478530330569416
76561198220637399,1,4,0.19478530330569416
76561198228638448,1,4,0.19478530330569416
76561198230075672,1,4,0.19478530330569416
76561198230358608,1,4,0.19478530330569416
76561198233046160,1,4,0.19478530330569416
76561198234227036,1,4,0.19478530330569416
76561198236381260,1,4,0.19478530330569416
76561198237826136,1,4,0.19478530330569416
76561198239468552,1,4,0.19478530330569416
76561198239799624,1,4,0.19478530330569416
76561198242439926,1,4,0.19478530330569416
76561198245563714,3,4,0.19478530330569416
76561198246701002,1,4,0.19478530330569416
76561198249063862,1,4,0.19478530330569416
76561198249392362,1,4,0.19478530330569416
76561198252374474,1,4,0.19478530330569416
76561198253459984,1,4,0.19478530330569416
76561198255569062,1,4,0.19478530330569416
76561198255571986,1,4,0.19478530330569416
76561198256110677,1,4,0.19478530330569416
76561198256592614,1,4,0.19478530330569416
76561198256827513,1,4,0.19478530330569416
76561198256939238,1,4,0.19478530330569416
76561198257422651,3,4,0.19478530330569416
76561198258479693,1,4,0.19478530330569416
76561198258571297,1,4,0.19478530330569416
76561198261798215,1,4,0.19478530330569416
76561198261994200,1,4,0.19478530330569416
76561198262506746,1,4,0.19478530330569416
76561198262860208,1,4,0.19478530330569416
76561198262904340,1,4,0.19478530330569416
76561198263217923,1,4,0.19478530330569416
76561198263506056,1,4,0.19478530330569416
76561198263705541,1,4,0.19478530330569416
76561198263784049,1,4,0.19478530330569416
76561198265319109,1,4,0.19478530330569416
76561198268579555,1,4,0.19478530330569416
76561198269571712,1,4,0.19478530330569416
76561198271393531,1,4,0.19478530330569416
76561198272008631,1,4,0.19478530330569416
76561198272335001,1,4,0.19478530330569416
76561198273331891,1,4,0.19478530330569416
76561198273714027,1,4,0.19478530330569416
76561198273926288,1,4,0.19478530330569416
76561198274950775,1,4,0.19478530330569416
76561198275228651,1,4,0.19478530330569416
76561198275249113,1,4,0.19478530330569416
76561198275561256,1,4,0.19478530330569416
76561198275649621,1,4,0.19478530330569416
76561198277086769,1,4,0.19478530330569416
76561198279067706,1,4,0.19478530330569416
76561198280062215,1,4,0.19478530330569416
76561198280830500,1,4,0.19478530330569416
76561198281081238,1,4,0.19478530330569416
76561198281175891,1,4,0.19478530330569416
76561198282335679,1,4,0.19478530330569416
76561198282411763,1,4,0.19478530330569416
76561198282831248,1,4,0.19478530330569416
76561198283311708,1,4,0.19478530330569416
76561198283785877,1,4,0.19478530330569416
76561198284672300,1,4,0.19478530330569416
76561198285006935,1,4,0.19478530330569416
76561198286311746,1,4,0.19478530330569416
76561198286642793,1,4,0.19478530330569416
76561198288035657,1,4,0.19478530330569416
76561198289298559,1,4,0.19478530330569416
76561198291929988,1,4,0.19478530330569416
76561198292739838,1,4,0.19478530330569416
76561198293467784,1,4,0.19478530330569416
76561198296685552,1,4,0.19478530330569416
76561198299932182,1,4,0.19478530330569416
76561198299988956,1,4,0.19478530330569416
76561198300270231,1,4,0.19478530330569416
76561198301982604,1,4,0.19478530330569416
76561198302923503,1,4,0.19478530330569416
76561198302975346,1,4,0.19478530330569416
76561198303080182,1,4,0.19478530330569416
76561198303241818,1,4,0.19478530330569416
76561198303571736,1,4,0.19478530330569416
76561198304465551,1,4,0.19478530330569416
76561198308478763,1,4,0.19478530330569416
76561198308952236,1,4,0.19478530330569416
76561198309643622,1,4,0.19478530330569416
76561198309762695,1,4,0.19478530330569416
76561198310732641,1,4,0.19478530330569416
76561198314093601,1,4,0.19478530330569416
76561198314442358,1,4,0.19478530330569416
76561198314448828,1,4,0.19478530330569416
76561198314627469,1,4,0.19478530330569416
76561198317974070,1,4,0.19478530330569416
76561198318971896,1,4,0.19478530330569416
76561198320249287,1,4,0.19478530330569416
76561198320882872,1,4,0.19478530330569416
76561198322492284,1,4,0.19478530330569416
76561198322530254,1,4,0.19478530330569416
76561198322706831,1,4,0.19478530330569416
76561198323009493,1,4,0.19478530330569416
76561198326806763,1,4,0.19478530330569416
76561198327228070,1,4,0.19478530330569416
76561198328140060,1,4,0.19478530330569416
76561198330444929,1,4,0.19478530330569416
76561198331237133,1,4,0.19478530330569416
76561198331441913,1,4,0.19478530330569416
76561198333271860,1,4,0.19478530330569416
76561198333940820,1,4,0.19478530330569416
76561198334021534,1,4,0.19478530330569416
76561198334489413,1,4,0.19478530330569416
76561198335061024,1,4,0.19478530330569416
76561198337784749,1,4,0.19478530330569416
76561198338219143,1,4,0.19478530330569416
76561198339086631,3,4,0.19478530330569416
76561198339208379,1,4,0.19478530330569416
76561198339323993,1,4,0.19478530330569416
76561198339757453,1,4,0.19478530330569416
76561198340310727,1,4,0.19478530330569416
76561198343765519,1,4,0.19478530330569416
76561198344068866,1,4,0.19478530330569416
76561198344365498,1,4,0.19478530330569416
76561198347518030,1,4,0.19478530330569416
76561198350131628,1,4,0.19478530330569416
76561198350365789,1,4,0.19478530330569416
76561198350679649,1,4,0.19478530330569416
76561198350751373,1,4,0.19478530330569416
76561198350914535,1,4,0.19478530330569416
76561198351577048,1,4,0.19478530330569416
76561198352269269,1,4,0.19478530330569416
76561198352272979,1,4,0.19478530330569416
76561198352747639,1,4,0.19478530330569416
76561198353518467,1,4,0.19478530330569416
76561198353841721,1,4,0.19478530330569416
76561198354970828,1,4,0.19478530330569416
76561198356654676,1,4,0.19478530330569416
76561198356842617,1,4,0.19478530330569416
76561198358116112,1,4,0.19478530330569416
76561198361600292,1,4,0.19478530330569416
76561198362959824,1,4,0.19478530330569416
76561198366638721,1,4,0.19478530330569416
76561198366885777,1,4,0.19478530330569416
76561198368799839,1,4,0.19478530330569416
76561198370061003,1,4,0.19478530330569416
76561198371608856,1,4,0.19478530330569416
76561198373611339,1,4,0.19478530330569416
76561198377078331,1,4,0.19478530330569416
76561198379883679,1,4,0.19478530330569416
76561198381239848,1,4,0.19478530330569416
76561198381755148,1,4,0.19478530330569416
76561198384351293,1,4,0.19478530330569416
76561198385306369,1,4,0.19478530330569416
76561198385965145,3,4,0.19478530330569416
76561198388606792,1,4,0.19478530330569416
76561198389608699,1,4,0.19478530330569416
76561198393004695,1,4,0.19478530330569416
76561198393951755,1,4,0.19478530330569416
76561198396994655,1,4,0.19478530330569416
76561198397907105,1,4,0.19478530330569416
76561198399143276,1,4,0.19478530330569416
76561198399544319,1,4,0.19478530330569416
76561198399780165,3,4,0.19478530330569416
76561198400589410,1,4,0.19478530330569416
76561198401086147,1,4,0.19478530330569416
76561198403370432,1,4,0.19478530330569416
76561198403797702,1,4,0.19478530330569416
76561198404991183,1,4,0.19478530330569416
76561198406771630,1,4,0.19478530330569416
76561198407772607,1,4,0.19478530330569416
76561198408792535,1,4,0.19478530330569416
76561198411619208,1,4,0.19478530330569416
76561198414768551,1,4,0.19478530330569416
76561198416224768,1,4,0.19478530330569416
76561198418220292,1,4,0.19478530330569416
76561198428261375,2,4,0.19478530330569416
76561198430143692,1,4,0.19478530330569416
76561198430643843,1,4,0.19478530330569416
76561198433683621,1,4,0.19478530330569416
76561198437120190,1,4,0.19478530330569416
76561198437738744,1,4,0.19478530330569416
76561198438963871,1,4,0.19478530330569416
76561198441849452,1,4,0.19478530330569416
76561198448119212,1,4,0.19478530330569416
76561198449576368,1,4,0.19478530330569416
76561198453112271,1,4,0.19478530330569416
76561198802661056,3,4,0.19478530330569416
76561198805739359,1,4,0.19478530330569416
76561198808556952,1,4,0.19478530330569416
76561198811114019,1,4,0.19478530330569416
76561198811786065,1,4,0.19478530330569416
76561198815618606,1,4,0.19478530330569416
76561198821184379,1,4,0.19478530330569416
76561198821331009,1,4,0.19478530330569416
76561198826748776,1,4,0.19478530330569416
76561198828182183,1,4,0.19478530330569416
76561198830842180,1,4,0.19478530330569416
76561198832730470,1,4,0.19478530330569416
76561198833431225,1,4,0.19478530330569416
76561198834458897,1,4,0.19478530330569416
76561198836897819,1,4,0.19478530330569416
76561198839371460,1,4,0.19478530330569416
76561198840301773,1,4,0.19478530330569416
76561198842269103,1,4,0.19478530330569416
76561198843434426,1,4,0.19478530330569416
76561198843841573,1,4,0.19478530330569416
76561198844550932,1,4,0.19478530330569416
76561198846308272,1,4,0.19478530330569416
76561198851670847,1,4,0.19478530330569416
76561198853553821,1,4,0.19478530330569416
76561198853788453,1,4,0.19478530330569416
76561198855518804,1,4,0.19478530330569416
76561198856841858,1,4,0.19478530330569416
76561198857139749,1,4,0.19478530330569416
76561198858649255,1,4,0.19478530330569416
76561198861426666,3,4,0.19478530330569416
76561198862408744,1,4,0.19478530330569416
76561198863283245,1,4,0.19478530330569416
76561198863590935,1,4,0.19478530330569416
76561198864851315,1,4,0.19478530330569416
76561198867600868,1,4,0.19478530330569416
76561198868119380,1,4,0.19478530330569416
76561198868784748,1,4,0.19478530330569416
76561198869754826,1,4,0.19478530330569416
76561198870293187,3,4,0.19478530330569416
76561198870916350,1,4,0.19478530330569416
76561198871277392,1,4,0.19478530330569416
76561198872198245,1,4,0.19478530330569416
76561198874427014,1,4,0.19478530330569416
76561198878464160,1,4,0.19478530330569416
76561198879557541,1,4,0.19478530330569416
76561198881358611,1,4,0.19478530330569416
76561198882715997,1,4,0.19478530330569416
76561198888516076,1,4,0.19478530330569416
76561198892590685,1,4,0.19478530330569416
76561198913010922,1,4,0.19478530330569416
76561198917169897,1,4,0.19478530330569416
76561198917350605,3,4,0.19478530330569416
76561198932133287,1,4,0.19478530330569416
76561198932467574,3,4,0.19478530330569416
76561198946305329,1,4,0.19478530330569416
76561198963491346,1,4,0.19478530330569416
76561198968513725,1,4,0.19478530330569416
76561198969624940,1,4,0.19478530330569416
76561198971397766,1,4,0.19478530330569416
76561198971959226,1,4,0.19478530330569416
76561198972315676,1,4,0.19478530330569416
76561198973499974,1,4,0.19478530330569416
76561198974195624,1,4,0.19478530330569416
76561198978667010,3,4,0.19478530330569416
76561198979266435,1,4,0.19478530330569416
76561198983696927,1,4,0.19478530330569416
76561198989466867,1,4,0.19478530330569416
76561198991688065,1,4,0.19478530330569416
76561198993697628,1,4,0.19478530330569416
76561198993846706,3,4,0.19478530330569416
76561198994062628,1,4,0.19478530330569416
76561198995500311,1,4,0.19478530330569416
76561199004069906,1,4,0.19478530330569416
76561199004429648,1,4,0.19478530330569416
76561199004815907,1,4,0.19478530330569416
76561199005596744,1,4,0.19478530330569416
76561199010174438,1,4,0.19478530330569416
76561199012979176,1,4,0.19478530330569416
76561199023324482,1,4,0.19478530330569416
76561199024395391,2,4,0.19478530330569416
76561199024473554,1,4,0.19478530330569416
76561199025878824,3,4,0.19478530330569416
76561199032279097,1,4,0.19478530330569416
76561199033013466,1,4,0.19478530330569416
76561199035909277,3,4,0.19478530330569416
76561199041710124,1,4,0.19478530330569416
76561199048307659,1,4,0.19478530330569416
76561199050265686,1,4,0.19478530330569416
76561199053439300,1,4,0.19478530330569416
76561199054245549,1,4,0.19478530330569416
76561199055203334,1,4,0.19478530330569416
76561199064473105,1,4,0.19478530330569416
76561199065862380,1,4,0.19478530330569416
76561199066675854,1,4,0.19478530330569416
76561199068196811,3,4,0.19478530330569416
76561199078295060,1,4,0.19478530330569416
76561199082492152,1,4,0.19478530330569416
76561199082939709,1,4,0.19478530330569416
76561199086020529,1,4,0.19478530330569416
76561199086098585,1,4,0.19478530330569416
76561199088877943,1,4,0.19478530330569416
76561199089502145,1,4,0.19478530330569416
76561199090560394,1,4,0.19478530330569416
76561199095412999,1,4,0.19478530330569416
76561199101355475,1,4,0.19478530330569416
76561199102509047,1,4,0.19478530330569416
76561199107784153,1,4,0.19478530330569416
76561199108437662,1,4,0.19478530330569416
76561199109080778,1,4,0.19478530330569416
76561199118509524,1,4,0.19478530330569416
76561199139776481,1,4,0.19478530330569416
76561199141671103,1,4,0.19478530330569416
76561199143126237,3,4,0.19478530330569416
76561199147591258,1,4,0.19478530330569416
76561199149239646,1,4,0.19478530330569416
76561199149568784,1,4,0.19478530330569416
76561199155925991,1,4,0.19478530330569416
76561199156984115,1,4,0.19478530330569416
76561199157449570,1,4,0.19478530330569416
76561199158305270,1,4,0.19478530330569416
76561199163346378,1,4,0.19478530330569416
76561199174906677,1,4,0.19478530330569416
76561199182283731,1,4,0.19478530330569416
76561199186497927,1,4,0.19478530330569416
76561199192541357,1,4,0.19478530330569416
76561199198032723,1,4,0.19478530330569416
76561199200862532,1,4,0.19478530330569416
76561199208306587,1,4,0.19478530330569416
76561199211843965,1,4,0.19478530330569416
76561199223078836,1,4,0.19478530330569416
76561199229513922,1,4,0.19478530330569416
76561199246239668,1,4,0.19478530330569416
76561199257765441,1,4,0.19478530330569416
76561199258030893,1,4,0.19478530330569416
76561199266591526,1,4,0.19478530330569416
76561199335324815,1,4,0.19478530330569416
76561199376571327,1,4,0.19478530330569416
76561199378975787,1,4,0.19478530330569416
76561199379805996,1,4,0.19478530330569416
76561199383273506,1,4,0.19478530330569416
76561199419240894,1,4,0.19478530330569416
76561199444502697,1,4,0.19478530330569416
76561199469211097,1,4,0.19478530330569416
76561199528084889,1,4,0.19478530330569416
