,steamid,earliest_unlock,latest_unlock,total_achievements,duration_days,duration_hours,playtime_forever,achievement_efficiency
0,76561197960332616,2016-10-06 04:31:46+00:00,2024-08-03 00:10:32+00:00,36,2857.8185879629627,68587.64611111111,739.8333333333334,0.04865960801982428
1,76561197960405174,2023-12-16 05:58:15+00:00,2024-10-12 13:51:38+00:00,6,301.3287384259259,7231.889722222222,3.433333333333333,1.7475728155339807
2,76561197960436666,2017-07-06 20:59:40+00:00,2024-05-06 13:07:28+00:00,9,2495.6720833333334,59896.13,7.016666666666667,1.2826603325415677
3,76561197960799550,2019-10-21 09:37:19+00:00,2022-11-05 12:54:24+00:00,39,1111.1368634259259,26667.284722222223,280.56666666666666,0.13900439586551028
4,76561197960902680,2017-09-23 14:21:21+00:00,2021-02-24 08:26:58+00:00,43,1249.753900462963,29994.09361111111,489.76666666666665,0.08779691009324168
5,76561197961864608,2017-02-03 09:52:33+00:00,2024-08-24 15:57:52+00:00,38,2759.2536921296296,66222.08861111112,190.28333333333333,0.1997021984759569
6,76561197962613337,2018-05-06 13:37:08+00:00,2018-05-06 13:37:08+00:00,43,0.0,0.0,1609.5,0.02671637154395775
7,76561197962737643,2022-10-28 10:50:56+00:00,2024-07-27 11:56:14+00:00,23,638.0453472222222,15313.088333333333,30.883333333333333,0.744738262277388
8,76561197962974319,2025-01-13 20:05:05+00:00,2025-04-23 19:32:00+00:00,43,99.97702546296296,2399.448611111111,106.11666666666666,0.4052143866813256
9,76561197963394136,2021-02-14 06:28:45+00:00,2021-05-16 12:10:14+00:00,43,91.2371412037037,2189.691388888889,35.11666666666667,1.2244897959183674
10,76561197963550511,2016-10-11 19:35:49+00:00,2016-10-11 20:11:19+00:00,3,0.024652777777777777,0.5916666666666667,8.0,0.375
11,76561197964134665,2016-10-12 11:35:35+00:00,2022-10-15 12:02:52+00:00,43,2194.018946759259,52656.454722222225,126.81666666666666,0.3390721513996583
12,76561197964454963,2022-12-24 09:18:20+00:00,2022-12-24 09:24:05+00:00,5,0.003993055555555555,0.09583333333333334,0.6666666666666666,7.5
13,76561197964914532,2021-06-28 00:43:25+00:00,2023-09-22 00:03:31+00:00,43,815.9722916666667,19583.335,240.9,0.178497301784973
14,76561197965165543,2018-04-26 08:07:57+00:00,2024-05-09 03:26:26+00:00,10,2204.8045023148147,52915.30805555556,15.583333333333334,0.6417112299465241
15,76561197965215862,2016-11-05 15:02:32+00:00,2019-06-29 16:14:17+00:00,43,966.0498263888888,23185.195833333335,231.01666666666668,0.1861337565832191
16,76561197965325226,2017-03-12 18:44:03+00:00,2022-05-31 00:10:41+00:00,40,1905.2268287037036,45725.44388888889,586.5333333333333,0.0681973175721755
17,76561197965388486,2025-03-27 12:08:10+00:00,2025-06-14 07:42:16+00:00,43,78.81534722222223,1891.5683333333334,74.51666666666667,0.5770521136211139
18,76561197966618551,2016-12-27 22:33:39+00:00,2025-02-11 21:46:21+00:00,12,2967.9671527777778,71231.21166666667,18.35,0.6539509536784741
19,76561197966690560,2020-12-06 16:11:41+00:00,2022-05-05 15:27:39+00:00,43,514.9694212962963,12359.266111111112,467.31666666666666,0.09201469381932309
20,76561197966873544,2018-04-21 02:48:58+00:00,2024-07-29 13:10:07+00:00,9,2291.4313541666666,54994.3525,11.65,0.7725321888412017
21,76561197966930309,2017-10-28 09:37:18+00:00,2019-04-20 22:30:28+00:00,18,539.5369212962963,12948.886111111111,10.383333333333333,1.7335473515248796
22,76561197967055456,2020-02-26 06:56:07+00:00,2024-03-03 21:40:20+00:00,40,1467.614039351852,35222.73694444444,159.6,0.2506265664160401
23,76561197967503679,2019-06-01 05:19:33+00:00,2019-11-10 09:22:58+00:00,9,162.16903935185186,3892.0569444444445,4.533333333333333,1.9852941176470589
24,76561197967576247,2019-09-21 16:04:16+00:00,2022-05-26 20:11:16+00:00,15,978.1715277777778,23476.116666666665,16.05,0.9345794392523364
25,76561197969417973,2025-03-27 12:11:30+00:00,2025-06-14 08:57:56+00:00,43,78.8655787037037,1892.773888888889,81.78333333333333,0.5257794986753618
26,76561197969604501,2016-11-01 00:35:15+00:00,2017-11-11 19:15:23+00:00,43,375.77787037037035,9018.66888888889,280.3833333333333,0.15336146941686976
27,76561197969991065,2017-06-25 21:59:42+00:00,2023-07-14 03:28:11+00:00,21,2209.228113425926,53021.47472222222,25.833333333333332,0.8129032258064517
28,76561197970340464,2017-12-31 09:30:12+00:00,2022-12-15 16:30:07+00:00,43,1810.2916087962963,43446.998611111114,673.0333333333333,0.06388985191421921
29,76561197970356119,2019-02-13 14:17:11+00:00,2024-08-15 14:22:28+00:00,19,2010.0036689814815,48240.088055555556,21.083333333333332,0.9011857707509882
30,76561197970389924,2016-09-16 14:35:51+00:00,2017-09-08 23:28:11+00:00,43,357.36967592592595,8576.872222222222,664.35,0.06472491909385113
31,76561197970479807,2018-07-12 08:56:58+00:00,2024-08-01 12:15:15+00:00,34,2212.137696759259,53091.30472222222,200.56666666666666,0.16951969419976734
32,76561197970532816,2023-08-27 02:56:03+00:00,2023-09-10 10:40:47+00:00,27,14.322731481481481,343.74555555555554,17.45,1.5472779369627507
33,76561197970675024,2017-04-23 12:07:05+00:00,2022-10-23 07:41:05+00:00,26,2008.8152777777777,48211.566666666666,132.65,0.19600452318130418
34,76561197970724214,2022-05-23 01:00:27+00:00,2022-06-02 05:11:58+00:00,22,10.174664351851852,244.19194444444443,33.11666666666667,0.6643180674383493
35,76561197970761123,2018-10-05 16:56:15+00:00,2024-04-02 03:04:33+00:00,10,2005.4224305555556,48130.138333333336,6.733333333333333,1.4851485148514851
36,76561197970812258,2021-07-19 17:58:29+00:00,2021-08-15 15:59:38+00:00,43,26.91746527777778,646.0191666666667,86.48333333333333,0.4972056272884949
37,76561197970850127,2021-06-14 19:12:26+00:00,2024-07-26 17:33:29+00:00,7,1137.9312847222222,27310.350833333334,1.75,4.0
38,76561197971204006,2020-07-08 14:46:41+00:00,2020-07-08 15:01:32+00:00,4,0.0103125,0.2475,9.8,0.4081632653061224
39,76561197971359239,2022-12-13 11:53:16+00:00,2023-08-16 12:19:44+00:00,43,246.01837962962964,5904.441111111111,729.7166666666667,0.05892698079163145
40,76561197971576301,2025-02-27 18:52:00+00:00,2025-02-27 19:42:32+00:00,6,0.03509259259259259,0.8422222222222222,8.066666666666666,0.7438016528925621
41,76561197971643307,2016-10-04 11:35:53+00:00,2024-04-22 04:25:29+00:00,24,2756.701111111111,66160.82666666666,223.46666666666667,0.10739856801909307
42,76561197971981160,2021-04-20 19:47:11+00:00,2025-03-27 14:26:17+00:00,40,1436.7771527777777,34482.651666666665,374.73333333333335,0.10674257249599715
43,76561197972256700,2017-10-26 16:57:29+00:00,2024-03-29 02:37:27+00:00,30,2345.4027546296297,56289.66611111111,31.116666666666667,0.96411355115158
44,76561197972344657,2023-11-02 14:12:38+00:00,2024-02-18 10:38:06+00:00,43,107.85101851851852,2588.4244444444444,123.78333333333333,0.3473811767873973
45,76561197972436190,2017-05-21 22:45:47+00:00,2025-06-27 21:03:54+00:00,8,2958.929247685185,71014.30194444445,3.1166666666666667,2.5668449197860963
46,76561197972482791,2020-11-25 08:33:16+00:00,2022-06-18 12:46:51+00:00,17,570.1760995370371,13684.226388888888,26.883333333333333,0.6323620582765034
47,76561197972616894,2018-03-30 12:51:16+00:00,2024-07-26 10:30:07+00:00,16,2309.9019791666665,55437.6475,70.9,0.22566995768688292
48,76561197972654006,2016-10-20 20:50:14+00:00,2016-10-20 20:50:14+00:00,1,0.0,0.0,8.6,0.11627906976744186
49,76561197972745621,2024-08-09 23:10:56+00:00,2024-08-10 01:26:48+00:00,5,0.09435185185185185,2.2644444444444445,6.033333333333333,0.8287292817679558
50,76561197974783215,2018-11-10 05:44:30+00:00,2024-03-31 05:09:12+00:00,36,1967.9754861111112,47231.41166666667,248.75,0.14472361809045226
51,76561197974786730,2017-11-10 17:56:32+00:00,2018-09-30 13:03:43+00:00,34,323.7966550925926,7771.119722222223,101.11666666666666,0.3362452612493819
52,76561197974925353,2023-10-10 10:59:53+00:00,2023-11-23 06:54:17+00:00,34,43.82944444444445,1051.9066666666668,134.21666666666667,0.2533217434496461
53,76561197975567911,2023-03-16 22:47:34+00:00,2023-04-14 21:31:12+00:00,34,28.946967592592593,694.7272222222222,94.96666666666667,0.35802035802035803
54,76561197975931257,2021-10-17 01:15:20+00:00,2021-10-17 01:16:44+00:00,2,0.0009722222222222222,0.023333333333333334,0.6,3.3333333333333335
55,76561197976001012,2018-10-24 17:22:08+00:00,2018-10-24 17:40:32+00:00,5,0.012777777777777779,0.30666666666666664,0.6166666666666667,8.108108108108107
56,76561197976469696,2016-10-06 05:59:14+00:00,2019-02-14 08:55:38+00:00,29,861.1225,20666.94,221.43333333333334,0.13096492548547342
57,76561197976602082,2018-10-19 12:31:07+00:00,2024-08-03 08:12:58+00:00,26,2114.8207291666668,50755.6975,115.58333333333333,0.2249459264599856
58,76561197977122167,2016-10-27 07:16:44+00:00,2023-12-07 02:45:19+00:00,43,2596.811516203704,62323.47638888889,99.63333333333334,0.43158246905319503
59,76561197978017307,2021-12-20 03:18:09+00:00,2021-12-20 04:05:13+00:00,7,0.032685185185185185,0.7844444444444445,2.15,3.255813953488372
60,76561197978037893,2016-09-15 17:48:19+00:00,2022-04-25 23:01:27+00:00,43,2048.2174537037035,49157.21888888889,1073.4,0.04005962362586175
61,76561197978114813,2024-07-26 22:40:21+00:00,2024-08-03 22:21:07+00:00,22,7.986643518518519,191.67944444444444,34.46666666666667,0.6382978723404255
62,76561197978569122,2022-02-01 22:56:04+00:00,2024-02-21 04:52:37+00:00,34,749.2476041666666,17981.9425,250.1,0.13594562175129948
63,76561197978965270,2019-12-20 17:15:57+00:00,2023-09-21 12:43:59+00:00,43,1370.8111342592592,32899.46722222222,226.86666666666667,0.18953864237437554
64,76561197979042906,2020-08-27 21:38:37+00:00,2024-06-24 22:02:31+00:00,35,1397.0165972222221,33528.39833333333,191.4,0.18286311389759666
65,76561197979084213,2017-02-23 04:18:29+00:00,2017-02-23 05:03:21+00:00,4,0.031157407407407408,0.7477777777777778,9.183333333333334,0.4355716878402904
66,76561197979584400,2025-07-20 15:15:49+00:00,2025-07-20 15:25:48+00:00,3,0.0069328703703703705,0.1663888888888889,0.5166666666666667,5.806451612903225
67,76561197979803978,2018-03-10 13:42:38+00:00,2025-06-04 11:16:20+00:00,12,2642.898402777778,63429.56166666667,7.9,1.5189873417721518
68,76561197979840461,2024-01-27 13:50:03+00:00,2024-02-14 11:56:51+00:00,43,17.921388888888888,430.11333333333334,532.6166666666667,0.08073348562130363
69,76561197979934386,2016-10-15 06:20:47+00:00,2023-10-11 00:57:47+00:00,18,2551.7756944444445,61242.61666666667,24.75,0.7272727272727273
70,76561197980206308,2021-06-29 10:34:27+00:00,2024-04-11 21:02:43+00:00,4,1017.4362962962963,24418.47111111111,10.183333333333334,0.39279869067103107
71,76561197980688855,2021-06-28 04:42:56+00:00,2021-06-28 06:15:44+00:00,8,0.06444444444444444,1.5466666666666666,2.65,3.018867924528302
72,76561197981732215,2016-10-28 23:25:52+00:00,2024-07-29 08:55:10+00:00,20,2830.3953472222224,67929.48833333333,45.38333333333333,0.4406904149834741
73,76561197982570032,2016-10-09 15:51:02+00:00,2019-07-27 12:01:20+00:00,43,1020.8404861111111,24500.171666666665,2715.983333333333,0.015832203192213994
74,76561197982606807,2016-11-01 10:49:55+00:00,2024-07-25 12:11:54+00:00,13,2823.0569328703705,67753.36638888888,5.716666666666667,2.2740524781341107
75,76561197982617834,2023-11-19 20:18:00+00:00,2024-07-30 11:15:51+00:00,10,253.62350694444444,6086.964166666667,2.8333333333333335,3.5294117647058822
76,76561197982655680,2020-12-04 15:04:32+00:00,2020-12-08 20:32:38+00:00,19,4.2278472222222225,101.46833333333333,51.916666666666664,0.36597110754414125
77,76561197982720629,2019-10-31 17:03:16+00:00,2024-03-31 08:35:54+00:00,2,1612.647662037037,38703.54388888889,5.433333333333334,0.36809815950920244
78,76561197984900990,2017-07-25 11:01:14+00:00,2018-02-20 19:34:15+00:00,6,210.35626157407407,5048.550277777777,6.916666666666667,0.8674698795180723
79,76561197985194039,2017-10-27 06:44:55+00:00,2024-08-22 11:06:16+00:00,9,2491.1814930555556,59788.355833333335,35.166666666666664,0.2559241706161138
80,76561197985238561,2016-12-14 10:57:35+00:00,2024-09-28 06:23:33+00:00,30,2844.809699074074,68275.43277777778,125.8,0.2384737678855326
81,76561197985269540,2018-10-13 17:40:50+00:00,2024-05-31 20:02:50+00:00,6,2057.098611111111,49370.36666666667,2.783333333333333,2.155688622754491
82,76561197986775284,2017-08-23 02:58:13+00:00,2023-03-30 01:08:15+00:00,24,2044.9236342592592,49078.16722222222,128.18333333333334,0.18723182941099986
83,76561197986862386,2017-05-04 14:45:11+00:00,2017-05-04 14:55:33+00:00,3,0.007199074074074074,0.17277777777777778,3.0833333333333335,0.9729729729729729
84,76561197987089584,2020-03-18 14:29:48+00:00,2024-07-17 19:00:56+00:00,4,1582.188287037037,37972.51888888889,1.1333333333333333,3.5294117647058822
85,76561197987212565,2019-05-25 18:26:34+00:00,2021-02-26 21:49:11+00:00,43,643.1407060185185,15435.376944444444,249.73333333333332,0.17218366257341164
86,76561197987296023,2025-04-22 10:27:17+00:00,2025-06-18 09:15:36+00:00,27,56.95021990740741,1366.8052777777777,230.38333333333333,0.1171959777182956
87,76561197987340453,2017-11-12 06:42:26+00:00,2023-09-05 13:35:36+00:00,11,2123.2869212962964,50958.88611111111,9.966666666666667,1.1036789297658862
88,76561197987755126,2022-04-11 02:28:14+00:00,2022-08-16 01:59:17+00:00,18,126.97989583333333,3047.5175,6.9,2.608695652173913
89,76561197988437395,2021-06-16 18:33:20+00:00,2024-08-17 07:39:52+00:00,32,1157.5462037037037,27781.108888888888,101.33333333333333,0.31578947368421056
90,76561197988445370,2022-10-30 15:31:46+00:00,2022-10-30 15:31:46+00:00,1,0.0,0.0,0.8166666666666667,1.2244897959183674
91,76561197989086731,2018-07-11 05:08:04+00:00,2018-08-05 09:37:04+00:00,43,25.186805555555555,604.4833333333333,200.86666666666667,0.21407235313640888
92,76561197989187753,2025-07-19 16:27:01+00:00,2025-07-19 17:20:52+00:00,6,0.037395833333333336,0.8975,9.5,0.631578947368421
93,76561197989217266,2022-06-29 12:01:09+00:00,2024-04-24 13:52:32+00:00,33,665.0773495370371,15961.85638888889,115.06666666666666,0.2867902665121669
94,76561197989446733,2016-11-05 22:16:58+00:00,2018-03-18 15:28:24+00:00,43,497.71627314814816,11945.190555555555,792.6666666666666,0.054247266610597145
95,76561197989999060,2020-10-30 23:20:41+00:00,2022-10-21 19:06:57+00:00,43,720.8237962962963,17299.77111111111,86.83333333333333,0.49520153550863727
96,76561197990093159,2023-10-29 10:53:30+00:00,2023-11-04 11:15:25+00:00,8,6.015219907407407,144.36527777777778,2.4833333333333334,3.221476510067114
97,76561197990912078,2017-01-29 06:09:11+00:00,2023-11-11 15:04:58+00:00,18,2477.372071759259,59456.92972222222,59.266666666666666,0.30371203599550056
98,76561197991213990,2019-07-04 09:34:43+00:00,2023-12-20 09:55:29+00:00,26,1630.0144212962964,39120.34611111111,61.5,0.42276422764227645
99,76561197991231880,2017-01-04 04:07:35+00:00,2023-02-23 04:03:07+00:00,10,2240.9968981481484,53783.92555555556,5.316666666666666,1.8808777429467085
100,76561197991361144,2018-08-12 08:11:31+00:00,2024-09-13 14:35:44+00:00,14,2224.2668171296295,53382.40361111111,15.233333333333333,0.9190371991247265
101,76561197991584508,2017-02-16 17:23:37+00:00,2025-07-15 22:13:36+00:00,20,3071.2013773148146,73708.83305555556,39.68333333333333,0.503989920201596
102,76561197991715731,2019-01-20 03:47:11+00:00,2025-02-15 21:44:51+00:00,12,2218.7483796296297,53249.96111111111,19.116666666666667,0.6277244986922406
103,76561197991757040,2017-04-05 11:40:53+00:00,2018-05-17 09:40:24+00:00,43,406.9163310185185,9765.991944444444,291.96666666666664,0.14727708642539103
104,76561197992700592,2018-08-26 09:55:17+00:00,2023-01-08 01:39:17+00:00,13,1595.6555555555556,38295.73333333333,34.6,0.37572254335260113
105,76561197993174475,2018-10-05 14:50:42+00:00,2022-08-26 02:02:07+00:00,42,1420.466261574074,34091.19027777778,271.75,0.1545538178472861
106,76561197993279741,2018-11-10 15:41:20+00:00,2018-11-10 15:55:02+00:00,4,0.00951388888888889,0.22833333333333333,1.2,3.3333333333333335
107,76561197993397600,2021-01-22 11:37:31+00:00,2024-07-25 13:51:56+00:00,17,1280.0933449074073,30722.24027777778,26.3,0.6463878326996197
108,76561197993435132,2023-11-07 06:03:22+00:00,2023-11-08 04:45:42+00:00,7,0.9460648148148149,22.705555555555556,3.5166666666666666,1.9905213270142181
109,76561197993529677,2017-01-25 01:01:08+00:00,2017-01-31 01:25:30+00:00,10,6.016921296296296,144.4061111111111,7.733333333333333,1.293103448275862
110,76561197993579927,2021-04-21 12:33:41+00:00,2024-11-19 14:16:47+00:00,32,1308.0715972222222,31393.718333333334,87.18333333333334,0.36704263047218505
111,76561197993881753,2016-12-24 13:51:59+00:00,2022-05-21 14:13:39+00:00,30,1974.0150462962963,47376.36111111111,13.866666666666667,2.1634615384615383
112,76561197994079927,2016-10-27 00:13:32+00:00,2017-10-30 10:48:55+00:00,43,368.4412384259259,8842.589722222223,151.45,0.2839220864971938
113,76561197994164612,2024-01-19 23:53:56+00:00,2024-02-09 01:45:54+00:00,43,20.07775462962963,481.86611111111114,52.93333333333333,0.8123425692695214
114,76561197994729999,2020-10-30 06:52:53+00:00,2024-04-22 22:30:56+00:00,5,1270.651423611111,30495.634166666667,2.7333333333333334,1.829268292682927
115,76561197994774108,2020-11-28 20:06:49+00:00,2024-07-29 15:16:53+00:00,4,1338.7986574074075,32131.167777777777,1.1333333333333333,3.5294117647058822
116,76561197994872286,2017-03-04 13:59:01+00:00,2024-08-03 19:35:16+00:00,33,2709.2335069444443,65021.604166666664,145.43333333333334,0.2269080907632363
117,76561197995083097,2016-12-25 14:52:51+00:00,2017-01-18 18:58:14+00:00,43,24.170405092592592,580.0897222222222,94.61666666666666,0.45446538664787745
118,76561197995165956,2016-10-06 09:24:51+00:00,2018-05-08 15:25:55+00:00,43,579.2507407407408,13902.017777777777,515.65,0.08338989624745467
119,76561197995588045,2018-11-15 21:32:38+00:00,2024-04-25 23:55:36+00:00,4,1988.0992824074074,47714.38277777778,0.8666666666666667,4.615384615384615
120,76561197995828394,2022-08-21 07:37:50+00:00,2023-07-14 05:59:09+00:00,27,326.9314699074074,7846.355277777778,19.1,1.413612565445026
121,76561197996503861,2020-12-26 19:05:22+00:00,2023-12-03 12:12:23+00:00,17,1071.7132060185186,25721.116944444446,18.366666666666667,0.925589836660617
122,76561197996741382,2017-07-20 08:43:32+00:00,2017-07-20 08:43:32+00:00,43,0.0,0.0,600.4666666666667,0.07161096924614188
123,76561197996919908,2022-05-15 14:45:11+00:00,2022-07-25 15:46:58+00:00,21,71.04290509259259,1705.0297222222223,17.816666666666666,1.1786716557530403
124,76561197996943649,2021-04-21 04:49:47+00:00,2023-06-16 12:46:10+00:00,30,786.3308217592593,18871.93972222222,269.28333333333336,0.11140682057312619
125,76561197997112174,2022-06-25 15:11:48+00:00,2022-06-25 15:23:22+00:00,3,0.008032407407407408,0.19277777777777777,4.25,0.7058823529411765
126,76561197997124628,2024-05-27 09:40:35+00:00,2024-05-27 11:05:20+00:00,8,0.058854166666666666,1.4125,2.0,4.0
127,76561197997788394,2018-01-01 05:45:05+00:00,2022-08-17 10:37:13+00:00,43,1689.2028703703704,40540.86888888889,145.2,0.2961432506887053
128,76561197998096051,2024-02-13 08:51:24+00:00,2024-03-11 07:36:32+00:00,43,26.94800925925926,646.7522222222223,76.63333333333334,0.5611135276207047
129,76561197998179570,2018-10-12 18:22:35+00:00,2018-10-12 19:00:38+00:00,6,0.02642361111111111,0.6341666666666667,47.96666666666667,0.1250868658790827
130,76561197998180632,2022-12-04 12:52:48+00:00,2023-06-30 22:01:01+00:00,43,208.3807060185185,5001.136944444444,758.45,0.05669457446107192
131,76561197998816333,2018-10-06 15:31:31+00:00,2024-10-13 07:51:35+00:00,8,2198.680601851852,52768.334444444445,7.166666666666667,1.1162790697674418
132,76561197998949214,2018-01-01 17:02:54+00:00,2024-06-02 00:02:41+00:00,34,2343.291516203704,56238.99638888889,121.91666666666667,0.27887901572112095
133,76561197999392948,2016-10-08 02:46:16+00:00,2022-11-22 23:24:52+00:00,39,2236.8601388888887,53684.64333333333,1023.8666666666667,0.03809089725224639
134,76561197999726935,2016-12-08 15:11:57+00:00,2024-09-18 09:29:08+00:00,40,2840.7619328703704,68178.28638888888,175.15,0.228375677990294
135,76561197999807713,2023-10-30 16:15:26+00:00,2024-02-12 08:17:55+00:00,43,104.6683912037037,2512.041388888889,56.583333333333336,0.759941089837997
136,76561198000000375,2018-10-03 18:23:03+00:00,2024-08-03 17:28:09+00:00,4,2130.961875,51143.085,16.066666666666666,0.24896265560165975
137,76561198000388603,2016-10-06 02:55:31+00:00,2020-01-08 07:39:57+00:00,32,1189.197523148148,28540.740555555556,374.5,0.08544726301735647
138,76561198000413287,2017-01-12 15:07:49+00:00,2024-12-09 05:22:00+00:00,6,2887.5931828703706,69302.2363888889,8.066666666666666,0.7438016528925621
139,76561198000562069,2021-07-06 17:33:55+00:00,2023-07-09 07:20:52+00:00,31,732.5742708333333,17581.7825,113.31666666666666,0.2735696425944992
140,76561198000574093,2016-11-17 07:05:10+00:00,2025-06-16 20:56:02+00:00,28,3133.5769907407407,75205.84777777777,188.48333333333332,0.1485542488283668
141,76561198000619480,2020-02-03 16:58:44+00:00,2020-03-19 03:21:21+00:00,43,44.432372685185186,1066.3769444444445,204.1,0.21068103870651642
142,76561198000711279,2021-02-27 19:41:57+00:00,2021-02-27 22:37:09+00:00,6,0.12166666666666667,2.92,3.4,1.7647058823529411
143,76561198000935729,2021-01-01 06:57:53+00:00,2022-12-16 07:24:23+00:00,32,714.0184027777777,17136.441666666666,505.23333333333335,0.06333707197994326
144,76561198001371079,2020-10-24 15:18:43+00:00,2021-03-06 07:46:35+00:00,43,132.68601851851852,3184.4644444444443,112.6,0.3818827708703375
145,76561198001500827,2016-10-31 08:44:49+00:00,2018-03-26 07:24:20+00:00,43,510.9441087962963,12262.658611111112,377.56666666666666,0.11388717224331243
146,76561198001622086,2016-11-12 15:11:14+00:00,2022-12-06 04:36:39+00:00,40,2214.5593171296296,53149.42361111111,546.6333333333333,0.07317519360936643
147,76561198001873585,2019-06-08 13:06:01+00:00,2019-06-08 13:33:30+00:00,2,0.019085648148148147,0.45805555555555555,5.15,0.3883495145631068
148,76561198002399439,2023-02-16 06:46:48+00:00,2023-04-16 08:08:42+00:00,43,59.056875,1417.365,41.35,1.0399032648125754
149,76561198002734128,2019-01-21 09:58:36+00:00,2023-03-27 15:25:39+00:00,30,1526.2271180555556,36629.450833333336,307.1,0.0976880494952784
150,76561198002805794,2025-06-24 14:21:52+00:00,2025-06-24 14:30:34+00:00,3,0.0060416666666666665,0.145,7.65,0.39215686274509803
151,76561198002839561,2017-07-27 04:03:55+00:00,2017-07-27 04:15:53+00:00,4,0.008310185185185184,0.19944444444444445,2.716666666666667,1.4723926380368098
152,76561198002956670,2016-12-29 04:50:40+00:00,2024-03-15 00:32:25+00:00,36,2632.8206597222224,63187.69583333333,84.61666666666666,0.4254480992712232
153,76561198002973360,2017-03-02 17:33:15+00:00,2022-08-22 21:40:59+00:00,39,1999.172037037037,47980.12888888889,991.6333333333333,0.03932905307741437
154,76561198003048979,2016-09-24 09:28:47+00:00,2024-04-06 11:03:14+00:00,26,2751.0655902777776,66025.57416666667,159.68333333333334,0.1628222523744912
155,76561198003078338,2021-08-06 11:29:23+00:00,2025-06-24 01:50:34+00:00,36,1417.5980439814814,34022.353055555555,329.46666666666664,0.10926750303520842
156,76561198003183913,2019-05-06 18:54:42+00:00,2022-04-26 08:29:39+00:00,32,1085.5659375,26053.5825,170.9,0.18724400234055003
157,76561198003319092,2016-12-09 04:58:03+00:00,2021-10-27 10:24:25+00:00,43,1783.2266435185186,42797.43944444445,54.65,0.786825251601098
158,76561198004393508,2020-01-24 15:13:52+00:00,2023-11-23 18:36:31+00:00,12,1399.1407291666667,33579.3775,7.333333333333333,1.6363636363636365
159,76561198004418141,2016-12-17 18:48:26+00:00,2024-03-30 16:57:36+00:00,36,2659.9230324074074,63838.15277777778,395.76666666666665,0.09096268845279205
160,76561198004434208,2020-06-30 19:09:46+00:00,2023-01-31 10:32:08+00:00,43,944.6405324074074,22671.37277777778,3.1,13.870967741935484
161,76561198004595236,2022-12-23 02:47:45+00:00,2023-03-25 12:32:38+00:00,43,92.40616898148149,2217.7480555555558,306.3333333333333,0.14036996735582155
162,76561198004859223,2021-04-20 11:13:59+00:00,2021-04-20 11:38:31+00:00,2,0.017037037037037038,0.4088888888888889,6.983333333333333,0.2863961813842482
163,76561198005230618,2017-06-16 05:50:40+00:00,2019-10-09 06:07:45+00:00,34,845.011863425926,20280.284722222223,299.35,0.11357942208117587
164,76561198005648447,2020-04-07 08:55:17+00:00,2020-04-12 16:23:58+00:00,18,5.3115856481481485,127.47805555555556,26.883333333333333,0.6695598264104153
165,76561198005871916,2023-06-24 14:50:51+00:00,2023-07-08 12:48:28+00:00,43,13.915011574074073,333.9602777777778,55.766666666666666,0.7710699342498506
166,76561198006248231,2016-10-05 23:22:36+00:00,2023-06-28 12:55:11+00:00,30,2456.5642939814816,58957.54305555556,72.13333333333334,0.4158964879852125
167,76561198006268674,2016-12-24 22:19:22+00:00,2025-03-19 19:23:27+00:00,43,3006.877835648148,72165.06805555556,241.93333333333334,0.17773491319922843
168,76561198006268774,2019-10-25 07:14:33+00:00,2021-08-25 15:38:41+00:00,6,670.3500925925925,16088.402222222223,9.466666666666667,0.6338028169014085
169,76561198006697906,2019-11-18 16:10:27+00:00,2024-04-11 12:05:21+00:00,5,1605.8297916666668,38539.915,10.816666666666666,0.4622496147919877
170,76561198006725990,2020-12-06 09:30:35+00:00,2020-12-06 18:05:41+00:00,11,0.35770833333333335,8.585,20.833333333333332,0.528
171,76561198006766715,2016-09-17 17:58:54+00:00,2024-05-04 06:19:48+00:00,40,2785.514513888889,66852.34833333333,186.48333333333332,0.2144963803735812
172,76561198007893547,2018-08-26 04:55:16+00:00,2023-01-16 16:07:24+00:00,40,1604.4667592592593,38507.20222222222,473.56666666666666,0.08446540437812346
173,76561198007989044,2022-04-08 09:21:57+00:00,2022-04-08 17:30:12+00:00,5,0.3390625,8.1375,1.1166666666666667,4.477611940298507
174,76561198008085425,2016-12-29 08:47:48+00:00,2017-04-22 12:00:42+00:00,21,114.13395833333334,2739.215,39.96666666666667,0.5254378648874062
175,76561198009108702,2024-10-06 07:55:31+00:00,2025-03-11 09:38:02+00:00,37,156.07119212962962,3745.708611111111,102.15,0.3622124326970142
176,76561198009474997,2021-04-21 10:24:42+00:00,2023-06-28 11:20:08+00:00,43,798.0384953703704,19152.92388888889,50.583333333333336,0.8500823723228995
177,76561198009717070,2020-12-23 12:29:56+00:00,2022-05-10 12:05:02+00:00,40,502.98270833333333,12071.585,242.25,0.1651186790505676
178,76561198010287383,2017-10-28 07:57:20+00:00,2023-10-06 15:30:43+00:00,35,2169.314849537037,52063.55638888889,376.6166666666667,0.0929326901801124
179,76561198010323350,2018-11-03 17:45:35+00:00,2018-11-06 15:23:59+00:00,8,2.901666666666667,69.64,2.85,2.807017543859649
180,76561198011348528,2017-01-28 22:34:45+00:00,2022-10-09 20:07:54+00:00,21,2079.8980208333332,49917.5525,42.916666666666664,0.4893203883495146
181,76561198011368261,2018-10-28 02:26:13+00:00,2022-10-15 05:51:54+00:00,39,1448.142835648148,34755.42805555555,884.5833333333334,0.04408855393311352
182,76561198011389008,2016-10-06 11:21:12+00:00,2022-11-02 11:43:03+00:00,43,2218.015173611111,53232.364166666666,407.76666666666665,0.10545246464481321
183,76561198011629103,2018-12-02 12:29:37+00:00,2024-01-28 13:59:27+00:00,43,1883.0623842592593,45193.49722222222,305.23333333333335,0.14087583269629791
184,76561198012393379,2023-01-04 08:39:18+00:00,2023-01-04 08:48:28+00:00,2,0.00636574074074074,0.1527777777777778,34.7,0.05763688760806916
185,76561198012557600,2020-07-11 12:36:46+00:00,2024-03-23 20:39:04+00:00,23,1351.3349305555555,32432.038333333334,28.866666666666667,0.7967667436489607
186,76561198012881777,2019-10-27 14:44:30+00:00,2024-08-18 14:17:51+00:00,7,1756.9814930555556,42167.55583333333,7.116666666666666,0.9836065573770493
187,76561198013143519,2018-11-19 13:09:22+00:00,2018-11-19 14:32:57+00:00,7,0.05804398148148148,1.3930555555555555,1.7333333333333334,4.038461538461538
188,76561198013261863,2020-12-10 20:15:10+00:00,2025-07-06 12:57:19+00:00,10,1668.6959375,40048.7025,7.05,1.4184397163120568
189,76561198013369902,2020-10-24 07:18:57+00:00,2021-07-23 15:58:48+00:00,15,272.36100694444445,6536.6641666666665,37.95,0.3952569169960474
190,76561198013566220,2023-11-04 14:26:17+00:00,2024-02-22 19:30:01+00:00,43,110.21092592592592,2645.0622222222223,329.21666666666664,0.13061307143218753
191,76561198014470876,2018-10-16 14:32:22+00:00,2023-09-19 12:54:57+00:00,43,1798.932349537037,43174.376388888886,309.45,0.13895621263532074
192,76561198015122447,2023-04-23 18:38:02+00:00,2023-04-28 05:07:46+00:00,24,4.4373148148148145,106.49555555555555,22.8,1.0526315789473684
193,76561198015749826,2024-07-26 06:04:26+00:00,2024-07-28 08:45:57+00:00,14,2.112164351851852,50.691944444444445,22.016666666666666,0.6358819076457229
194,76561198015859524,2022-09-14 11:36:10+00:00,2022-09-17 04:40:31+00:00,43,2.7113541666666667,65.0725,38.4,1.1197916666666667
195,76561198016291889,2024-11-14 18:42:39+00:00,2024-11-14 19:40:47+00:00,3,0.04037037037037037,0.9688888888888889,1.6,1.875
196,76561198016344025,2023-07-29 12:26:28+00:00,2023-08-12 13:44:14+00:00,13,14.05400462962963,337.2961111111111,12.366666666666667,1.0512129380053907
197,76561198016838181,2016-11-30 15:35:29+00:00,2024-08-09 19:12:10+00:00,32,2809.150474537037,67419.6113888889,185.13333333333333,0.17284839755131437
198,76561198017401678,2020-09-09 15:45:45+00:00,2022-07-22 14:58:06+00:00,43,680.9669097222222,16343.205833333333,107.26666666666667,0.40087010565568676
199,76561198017412419,2022-02-01 14:57:52+00:00,2022-06-16 12:58:12+00:00,43,134.91689814814814,3238.0055555555555,101.3,0.42448173741362294
200,76561198017412459,2020-03-28 14:29:39+00:00,2022-04-25 14:59:44+00:00,33,758.0208912037037,18192.50138888889,101.0,0.32673267326732675
201,76561198018254158,2019-03-30 09:39:05+00:00,2020-08-19 15:04:16+00:00,43,508.22582175925925,12197.419722222223,326.1,0.13186139221097823
202,76561198018420672,2017-12-02 12:12:43+00:00,2018-12-01 03:35:18+00:00,43,363.64068287037037,8727.37638888889,542.8333333333334,0.07921400061406202
203,76561198018534147,2017-06-27 13:50:30+00:00,2024-05-23 20:01:25+00:00,9,2522.2575810185185,60534.18194444444,3.15,2.857142857142857
204,76561198018576932,2024-08-16 12:41:17+00:00,2025-07-28 09:33:14+00:00,35,345.8694097222222,8300.865833333333,128.38333333333333,0.27262105673114373
205,76561198019020335,2023-01-28 09:31:10+00:00,2023-02-02 15:22:35+00:00,10,5.2440393518518515,125.85694444444445,4.716666666666667,2.1201413427561837
206,76561198019184877,2023-12-22 03:55:01+00:00,2023-12-22 16:25:47+00:00,43,0.5213657407407407,12.512777777777778,9.116666666666667,4.716636197440585
207,76561198019521530,2024-09-18 09:27:06+00:00,2024-12-12 12:42:28+00:00,24,85.1356712962963,2043.256111111111,74.55,0.32193158953722334
208,76561198019563370,2019-05-19 04:25:49+00:00,2019-12-15 07:25:49+00:00,43,210.125,5043.0,168.36666666666667,0.2553949712928133
209,76561198019621629,2016-09-17 15:28:40+00:00,2024-07-28 03:31:58+00:00,31,2870.5022916666667,68892.055,199.25,0.15558343789209536
210,76561198020067850,2021-01-10 11:47:24+00:00,2022-06-09 07:45:26+00:00,38,514.8319675925926,12355.967222222222,1130.25,0.0336208803362088
211,76561198020203467,2020-11-29 12:53:44+00:00,2021-01-18 18:59:25+00:00,43,50.25394675925926,1206.0947222222221,186.66666666666666,0.23035714285714287
212,76561198021125310,2018-01-01 13:41:00+00:00,2024-07-12 16:42:43+00:00,42,2384.1261921296295,57219.02861111111,169.93333333333334,0.2471557473519027
213,76561198021536460,2020-10-27 18:28:41+00:00,2023-02-26 04:46:12+00:00,28,851.4288310185185,20434.291944444445,57.15,0.4899387576552931
214,76561198022620733,2016-11-01 12:01:14+00:00,2024-03-10 07:05:46+00:00,35,2685.794814814815,64459.07555555556,51.083333333333336,0.6851549755301795
215,76561198022855642,2024-04-27 06:20:54+00:00,2024-04-27 07:46:37+00:00,9,0.05952546296296296,1.428611111111111,9.283333333333333,0.9694793536804309
216,76561198022898802,2016-12-31 09:18:22+00:00,2024-10-26 07:39:16+00:00,43,2855.9311805555553,68542.34833333333,75.46666666666667,0.5697879858657243
217,76561198023073191,2016-09-24 15:29:52+00:00,2022-07-24 07:58:21+00:00,43,2128.686446759259,51088.47472222222,629.15,0.06834618135579751
218,76561198023116710,2021-10-31 13:30:19+00:00,2023-10-31 03:58:19+00:00,43,729.6027777777778,17510.466666666667,102.65,0.4188991719434973
219,76561198023791161,2016-10-26 18:45:11+00:00,2024-07-16 10:44:57+00:00,40,2819.66650462963,67671.9961111111,1188.8166666666666,0.03364690378387472
220,76561198024812661,2018-09-01 13:20:34+00:00,2022-07-04 14:28:33+00:00,17,1402.0472106481482,33649.133055555554,19.816666666666666,0.8578637510513036
221,76561198024823934,2023-07-10 07:01:08+00:00,2023-07-28 09:16:27+00:00,17,18.09396990740741,434.2552777777778,14.95,1.1371237458193981
222,76561198024926277,2022-02-01 13:23:28+00:00,2022-02-01 14:11:41+00:00,6,0.033483796296296296,0.8036111111111112,2.3333333333333335,2.571428571428571
223,76561198024958702,2016-10-06 15:04:20+00:00,2025-01-29 18:35:12+00:00,43,3037.146435185185,72891.51444444444,254.73333333333332,0.16880397801622612
224,76561198024981381,2022-02-01 12:40:12+00:00,2022-02-04 11:03:54+00:00,14,2.933125,70.395,11.016666666666667,1.2708018154311649
225,76561198025037510,2020-07-14 13:09:04+00:00,2024-08-22 18:23:39+00:00,14,1500.218460648148,36005.243055555555,8.016666666666667,1.7463617463617462
226,76561198025038660,2019-12-27 10:42:22+00:00,2024-07-27 08:27:15+00:00,27,1673.9061689814814,40173.74805555555,65.85,0.4100227790432802
227,76561198025146852,2018-02-17 09:22:51+00:00,2025-04-19 09:26:21+00:00,5,2618.0024305555557,62832.058333333334,2.566666666666667,1.9480519480519478
228,76561198025391492,2017-04-13 11:21:16+00:00,2024-08-07 00:00:10+00:00,16,2672.527013888889,64140.64833333333,12.35,1.2955465587044535
229,76561198025618418,2023-03-16 20:29:41+00:00,2025-02-28 22:29:00+00:00,37,715.0828587962963,17161.988611111112,155.35,0.23817186997103315
230,76561198025670883,2022-05-28 09:32:46+00:00,2022-07-29 14:12:11+00:00,18,62.19403935185185,1492.6569444444444,19.316666666666666,0.9318377911993098
231,76561198025859378,2024-01-26 17:24:59+00:00,2024-01-29 07:54:49+00:00,43,2.604050925925926,62.49722222222222,49.55,0.8678102926337034
232,76561198026221093,2017-12-08 17:48:48+00:00,2022-06-10 22:21:51+00:00,42,1645.1896180555555,39484.550833333335,462.51666666666665,0.09080753846708227
233,76561198026465332,2024-03-20 18:47:01+00:00,2024-03-27 19:47:02+00:00,23,7.04167824074074,169.00027777777777,48.0,0.4791666666666667
234,76561198026716698,2024-02-29 08:29:13+00:00,2024-02-29 08:49:00+00:00,5,0.013738425925925926,0.32972222222222225,5.733333333333333,0.872093023255814
235,76561198026840458,2023-03-05 14:56:20+00:00,2024-08-04 12:43:36+00:00,19,517.907824074074,12429.787777777778,24.216666666666665,0.7845836200963524
236,76561198026912448,2020-05-21 13:15:04+00:00,2020-05-22 21:16:19+00:00,3,1.3342013888888888,32.020833333333336,20.016666666666666,0.1498751040799334
237,76561198027112798,2025-07-28 10:02:54+00:00,2025-07-28 10:21:23+00:00,3,0.012835648148148148,0.3080555555555556,1.6,1.875
238,76561198027214426,2017-06-26 18:08:35+00:00,2018-01-06 18:15:31+00:00,43,194.0048148148148,4656.115555555555,960.8666666666667,0.04475126621799764
239,76561198027740459,2016-11-21 12:23:29+00:00,2019-12-31 04:22:43+00:00,27,1134.6661342592593,27231.987222222222,81.65,0.3306797305572566
240,76561198027904347,2016-11-06 08:13:57+00:00,2016-11-23 08:39:57+00:00,19,17.018055555555556,408.43333333333334,65.46666666666667,0.29022403258655805
241,76561198028056626,2022-08-21 04:33:35+00:00,2022-08-21 04:37:41+00:00,4,0.0028472222222222223,0.06833333333333333,19.166666666666668,0.20869565217391303
242,76561198028385225,2019-03-28 06:14:57+00:00,2020-04-11 03:25:19+00:00,43,379.8821990740741,9117.172777777778,254.98333333333332,0.16863847310281718
243,76561198028421529,2021-11-26 06:20:46+00:00,2021-11-26 06:20:46+00:00,1,0.0,0.0,57.13333333333333,0.01750291715285881
244,76561198028528793,2017-09-27 07:01:12+00:00,2024-05-13 14:15:37+00:00,35,2420.301678240741,58087.240277777775,167.43333333333334,0.20903842325303604
245,76561198028706134,2025-03-23 22:16:21+00:00,2025-05-17 16:07:11+00:00,43,54.74363425925926,1313.8472222222222,352.53333333333336,0.12197428139183054
246,76561198028922089,2022-05-15 21:15:12+00:00,2022-06-28 20:33:55+00:00,43,43.97133101851852,1055.3119444444444,46.71666666666667,0.920442383160899
247,76561198029023990,2020-02-23 06:43:19+00:00,2025-01-03 06:13:26+00:00,41,1775.979247685185,42623.50194444445,196.23333333333332,0.20893494139629695
248,76561198029262157,2016-11-23 03:41:42+00:00,2018-04-30 22:32:10+00:00,43,523.7850462962963,12570.84111111111,59.4,0.7239057239057239
249,76561198029314576,2021-08-09 06:38:55+00:00,2021-08-09 07:06:54+00:00,5,0.01943287037037037,0.4663888888888889,5.2,0.9615384615384615
250,76561198029374030,2020-01-26 08:19:23+00:00,2020-01-26 08:58:02+00:00,5,0.02684027777777778,0.6441666666666667,1.8166666666666667,2.7522935779816513
251,76561198029800969,2020-09-09 14:26:42+00:00,2024-07-25 11:46:34+00:00,6,1414.8887962962963,33957.33111111111,8.216666666666667,0.7302231237322515
252,76561198029925667,2017-10-26 14:39:42+00:00,2024-06-06 02:46:58+00:00,17,2414.5050462962963,57948.12111111111,25.25,0.6732673267326733
253,76561198030118274,2016-10-14 03:27:54+00:00,2024-02-21 22:46:54+00:00,40,2686.804861111111,64483.316666666666,179.61666666666667,0.22269648325136865
254,76561198030277114,2023-07-22 18:22:55+00:00,2024-11-18 21:00:40+00:00,11,485.1095486111111,11642.629166666668,7.15,1.5384615384615383
255,76561198030408706,2019-05-28 06:08:11+00:00,2024-07-03 12:25:54+00:00,43,1863.2623032407407,44718.295277777775,138.23333333333332,0.3110682421027249
256,76561198030516476,2017-05-06 08:11:13+00:00,2024-06-10 09:28:08+00:00,27,2592.0534143518516,62209.28194444445,567.6,0.04756871035940803
257,76561198030808810,2021-04-16 14:01:03+00:00,2023-02-27 12:30:13+00:00,30,681.9369212962963,16366.486111111111,140.23333333333332,0.2139291656762539
258,76561198030926535,2019-05-19 10:33:07+00:00,2022-04-26 08:44:26+00:00,39,1072.924525462963,25750.188611111113,183.41666666666666,0.2126306224443435
259,76561198031679484,2024-06-07 06:32:30+00:00,2024-06-25 09:17:24+00:00,5,18.11451388888889,434.74833333333333,102.88333333333334,0.04859873643285274
260,76561198031919117,2024-04-24 10:51:34+00:00,2024-04-24 11:52:36+00:00,6,0.04238425925925926,1.0172222222222222,7.5,0.8
261,76561198032542725,2016-09-16 18:05:31+00:00,2017-07-04 04:56:44+00:00,43,290.4522337962963,6970.853611111111,2664.4333333333334,0.016138516007155993
262,76561198032591844,2018-04-12 09:27:11+00:00,2024-07-30 19:44:36+00:00,7,2301.428761574074,55234.29027777778,14.8,0.47297297297297297
263,76561198033103032,2017-06-24 18:09:27+00:00,2024-08-12 19:11:00+00:00,28,2606.0427430555555,62545.02583333333,154.41666666666666,0.18132757690232057
264,76561198033263509,2016-12-08 08:02:17+00:00,2024-04-02 02:28:39+00:00,43,2671.7683101851853,64122.43944444445,69.73333333333333,0.6166347992351816
265,76561198033338283,2018-12-20 16:02:48+00:00,2018-12-30 12:49:06+00:00,43,9.86548611111111,236.77166666666668,64.91666666666667,0.662387676508344
266,76561198034096440,2022-03-19 12:58:11+00:00,2022-06-06 11:52:10+00:00,43,78.95415509259259,1894.8997222222222,88.83333333333333,0.4840525328330207
267,76561198034385973,2017-03-02 13:58:08+00:00,2023-05-07 04:18:26+00:00,7,2256.5974305555555,54158.33833333333,3.566666666666667,1.9626168224299065
268,76561198034536984,2019-07-06 19:51:18+00:00,2024-06-08 12:17:30+00:00,25,1798.684861111111,43168.43666666667,33.61666666666667,0.7436787307882995
269,76561198034574711,2017-11-24 21:41:39+00:00,2024-03-22 15:35:43+00:00,18,2309.7458796296296,55433.90111111111,34.88333333333333,0.5160057333970377
270,76561198035188248,2018-11-07 00:00:49+00:00,2023-07-27 09:40:17+00:00,33,1723.4024074074075,41361.65777777778,116.93333333333334,0.282212086659065
271,76561198035201897,2017-03-05 06:19:54+00:00,2018-01-13 08:28:57+00:00,12,314.08961805555555,7538.150833333333,8.583333333333334,1.3980582524271843
272,76561198035422338,2017-11-21 17:00:58+00:00,2017-11-25 13:08:50+00:00,9,3.8387962962962963,92.13111111111111,11.466666666666667,0.7848837209302325
273,76561198035848155,2025-07-10 19:41:36+00:00,2025-07-29 20:03:51+00:00,16,19.015451388888888,456.37083333333334,17.366666666666667,0.9213051823416506
274,76561198036102917,2018-01-14 22:01:43+00:00,2024-09-22 19:13:34+00:00,11,2442.8832291666668,58629.1975,14.966666666666667,0.734966592427617
275,76561198036256662,2019-12-16 07:02:36+00:00,2025-01-09 10:22:12+00:00,7,1851.138611111111,44427.32666666667,3.3833333333333333,2.0689655172413794
276,76561198036468361,2019-12-02 05:42:46+00:00,2022-03-17 14:55:25+00:00,43,836.3837847222222,20073.210833333334,100.15,0.4293559660509236
277,76561198036714867,2019-11-18 20:35:53+00:00,2022-05-18 20:00:40+00:00,42,911.9755439814815,21887.413055555557,176.86666666666667,0.23746701846965698
278,76561198036803371,2022-11-02 12:12:04+00:00,2023-01-10 14:25:26+00:00,13,69.09261574074074,1658.2227777777778,9.816666666666666,1.3242784380305603
279,76561198036891788,2021-08-01 12:02:32+00:00,2023-06-05 14:47:15+00:00,30,673.114386574074,16154.745277777778,24.633333333333333,1.2178619756427604
280,76561198037085103,2016-12-03 22:58:12+00:00,2025-01-19 15:09:45+00:00,9,2968.6746875,71248.1925,19.516666666666666,0.46114432109308284
281,76561198037802252,2018-11-30 04:21:37+00:00,2024-04-27 17:45:04+00:00,3,1975.5579513888888,47413.39083333333,7.366666666666666,0.4072398190045249
282,76561198037887754,2017-08-06 09:59:09+00:00,2021-07-23 20:33:51+00:00,43,1447.4407638888888,34738.57833333333,421.65,0.10198031542748726
283,76561198038056805,2019-10-03 17:38:56+00:00,2022-06-16 16:46:34+00:00,6,986.9636342592593,23687.12722222222,1.4333333333333333,4.186046511627907
284,76561198038939593,2018-10-13 18:08:40+00:00,2024-09-22 14:34:42+00:00,29,2170.851412037037,52100.43388888889,76.31666666666666,0.37999563223411226
285,76561198039198161,2017-03-07 17:35:52+00:00,2024-01-07 09:54:24+00:00,43,2496.679537037037,59920.30888888889,123.46666666666667,0.34827213822894165
286,76561198039228736,2019-11-02 11:09:59+00:00,2019-11-02 11:09:59+00:00,1,0.0,0.0,4.2,0.23809523809523808
287,76561198039417534,2018-10-31 17:15:03+00:00,2018-10-31 19:30:34+00:00,7,0.0941087962962963,2.258611111111111,3.1333333333333333,2.2340425531914896
288,76561198039886147,2018-10-30 17:51:39+00:00,2019-04-28 20:10:57+00:00,9,180.0967361111111,4322.321666666667,8.966666666666667,1.003717472118959
289,76561198040014019,2022-04-14 17:13:47+00:00,2023-03-04 16:28:52+00:00,27,323.96880787037037,7775.251388888889,23.283333333333335,1.1596277738010021
290,76561198040600573,2018-10-07 07:03:30+00:00,2018-10-07 11:06:52+00:00,43,0.16900462962962962,4.056111111111111,7.166666666666667,6.0
291,76561198040802503,2017-03-06 01:46:14+00:00,2024-08-01 15:52:05+00:00,36,2705.587395833333,64934.0975,324.93333333333334,0.1107919573245794
292,76561198040923840,2022-12-20 11:18:17+00:00,2023-07-05 10:28:30+00:00,34,196.96542824074075,4727.170277777778,152.45,0.22302394227615613
293,76561198041080728,2022-05-24 09:30:07+00:00,2022-06-26 11:56:50+00:00,18,33.10188657407407,794.4452777777777,16.616666666666667,1.083249749247743
294,76561198041298094,2017-02-06 15:34:44+00:00,2024-06-20 06:14:57+00:00,18,2690.611261574074,64574.670277777775,12.4,1.4516129032258065
295,76561198041506271,2024-10-13 13:22:07+00:00,2024-10-23 13:15:32+00:00,16,9.995428240740742,239.89027777777778,22.85,0.700218818380744
296,76561198041625770,2021-01-30 09:15:18+00:00,2022-10-20 12:36:21+00:00,21,628.1396180555555,15075.350833333334,47.43333333333333,0.4427266338721012
297,76561198042037647,2019-09-02 19:46:28+00:00,2022-07-01 18:19:05+00:00,37,1032.9393171296297,24790.543611111112,351.35,0.10530809733883591
298,76561198042619229,2017-11-05 02:49:59+00:00,2017-12-08 04:55:49+00:00,5,33.08738425925926,794.0972222222222,5.55,0.9009009009009009
299,76561198042619868,2025-02-19 07:33:16+00:00,2025-04-30 16:13:50+00:00,40,70.36150462962964,1688.6761111111111,82.13333333333334,0.48701298701298695
300,76561198042633209,2016-10-23 08:29:18+00:00,2025-05-19 17:55:53+00:00,40,3130.393460648148,75129.44305555556,110.05,0.36347114947751025
301,76561198042773556,2017-05-11 14:38:48+00:00,2018-08-31 10:34:00+00:00,43,476.83,11443.92,351.55,0.12231546010524819
302,76561198042896883,2016-10-02 09:26:22+00:00,2023-06-23 13:05:19+00:00,31,2455.1520486111112,58923.64916666667,246.76666666666668,0.12562474672430096
303,76561198042923150,2017-06-26 05:16:37+00:00,2022-02-18 13:48:23+00:00,43,1698.3553935185184,40760.529444444444,1290.65,0.03331654592647115
304,76561198042978992,2021-01-13 14:08:23+00:00,2024-03-29 09:09:52+00:00,9,1170.7926967592593,28099.02472222222,8.583333333333334,1.0485436893203883
305,76561198043228049,2018-06-17 05:35:57+00:00,2019-04-13 02:51:38+00:00,43,299.8858912037037,7197.261388888889,115.18333333333334,0.3733178990015917
306,76561198043607469,2020-03-11 15:45:13+00:00,2024-06-21 11:17:56+00:00,28,1562.814386574074,37507.545277777775,58.68333333333333,0.4771371769383698
307,76561198043720348,2017-10-26 22:25:00+00:00,2024-07-15 01:31:39+00:00,40,2453.1296180555555,58875.11083333333,140.81666666666666,0.2840572848857853
308,76561198044196794,2017-03-03 11:56:43+00:00,2017-07-19 13:11:48+00:00,8,138.0521412037037,3313.251388888889,7.916666666666667,1.0105263157894737
309,76561198044371709,2018-11-30 14:30:04+00:00,2020-11-06 07:31:01+00:00,43,706.7089930555555,16961.015833333335,154.6,0.278137128072445
310,76561198044386667,2018-10-26 14:38:23+00:00,2018-11-06 11:12:09+00:00,43,10.856782407407408,260.5627777777778,150.23333333333332,0.28622143332593747
311,76561198044531564,2016-10-06 00:37:28+00:00,2022-04-26 11:25:02+00:00,42,2028.449699074074,48682.79277777778,268.6166666666667,0.15635664205497302
312,76561198044890610,2023-11-03 10:48:36+00:00,2024-02-10 08:20:25+00:00,43,98.8970949074074,2373.530277777778,2.7,15.925925925925926
313,76561198045407759,2020-02-18 02:04:45+00:00,2024-09-23 19:01:50+00:00,34,1679.7063078703704,40312.95138888889,48.05,0.7075962539021853
314,76561198045763826,2021-06-19 18:13:39+00:00,2022-02-21 17:53:03+00:00,43,246.98569444444445,5927.656666666667,52.233333333333334,0.8232291001914486
315,76561198046206792,2020-08-30 20:54:53+00:00,2023-07-30 14:03:21+00:00,43,1063.714212962963,25529.141111111112,8.666666666666666,4.961538461538462
316,76561198046334266,2022-09-24 23:15:26+00:00,2022-09-26 05:13:27+00:00,8,1.2486226851851852,29.966944444444444,1.55,5.161290322580645
317,76561198046474043,2017-02-11 15:23:22+00:00,2017-07-04 11:37:50+00:00,43,142.84337962962962,3428.241111111111,184.03333333333333,0.2336533236732476
318,76561198046588672,2018-11-24 20:43:05+00:00,2022-06-17 17:24:15+00:00,25,1300.8619212962963,31220.68611111111,26.566666666666666,0.9410288582183187
319,76561198046642155,2016-11-21 16:00:44+00:00,2016-11-22 02:07:44+00:00,9,0.4215277777777778,10.116666666666667,8.466666666666667,1.0629921259842519
320,76561198046743901,2017-06-25 12:47:36+00:00,2022-05-10 01:44:38+00:00,15,1779.5396064814815,42708.95055555556,19.333333333333332,0.7758620689655172
321,76561198046878168,2016-09-27 13:39:23+00:00,2017-11-20 00:08:10+00:00,2,418.4366550925926,10042.479722222222,5.983333333333333,0.3342618384401114
322,76561198046978149,2023-02-27 06:50:45+00:00,2024-08-04 03:28:03+00:00,26,523.8592361111112,12572.621666666666,74.66666666666667,0.3482142857142857
323,76561198047270545,2024-07-25 12:11:42+00:00,2024-11-14 01:32:48+00:00,25,111.55631944444444,2677.3516666666665,85.23333333333333,0.2933124755572937
324,76561198047414009,2020-01-27 07:01:51+00:00,2025-02-18 09:35:41+00:00,33,1849.1068287037037,44378.563888888886,62.166666666666664,0.5308310991957105
325,76561198047441723,2017-11-05 05:44:15+00:00,2022-04-27 20:34:20+00:00,43,1634.618113425926,39230.83472222222,127.93333333333334,0.33611255862428346
326,76561198047884970,2025-01-27 13:51:46+00:00,2025-02-03 12:40:02+00:00,21,6.950185185185185,166.80444444444444,45.7,0.4595185995623632
327,76561198047975581,2016-09-22 04:11:16+00:00,2016-12-15 14:57:03+00:00,43,84.44846064814814,2026.7630555555556,292.21666666666664,0.14715108652255748
328,76561198048285800,2023-01-04 16:03:02+00:00,2023-04-05 22:05:47+00:00,43,91.25190972222222,2190.045833333333,4.233333333333333,10.15748031496063
329,76561198048453468,2017-07-09 08:50:25+00:00,2022-11-22 16:09:28+00:00,23,1962.3048958333334,47095.3175,24.233333333333334,0.9491059147180192
330,76561198048964461,2017-07-06 12:53:09+00:00,2020-11-17 03:14:59+00:00,43,1229.5984953703703,29510.36388888889,611.0666666666667,0.07036875409120663
331,76561198048979421,2024-08-23 12:30:03+00:00,2024-09-17 10:15:22+00:00,20,24.90646990740741,597.7552777777778,25.833333333333332,0.7741935483870969
332,76561198049212147,2021-12-06 00:31:03+00:00,2024-04-09 00:17:24+00:00,14,854.9905208333333,20519.7725,10.333333333333334,1.3548387096774193
333,76561198049304391,2016-11-04 15:27:49+00:00,2017-03-26 17:26:26+00:00,43,142.0823726851852,3409.9769444444446,453.0833333333333,0.0949052786463123
334,76561198049775783,2019-07-06 16:49:29+00:00,2024-10-29 10:24:57+00:00,8,1941.732962962963,46601.59111111111,2.8833333333333333,2.7745664739884393
335,76561198049840570,2018-10-12 16:27:32+00:00,2019-04-08 11:55:49+00:00,43,177.81130787037037,4267.471388888889,212.4,0.2024482109227872
336,76561198049902675,2017-11-18 14:11:15+00:00,2019-11-19 13:53:45+00:00,21,730.9878472222222,17543.708333333332,71.35,0.29432375613174494
337,76561198050615194,2017-01-30 13:16:07+00:00,2020-08-10 13:58:24+00:00,33,1288.029363425926,30912.70472222222,291.9166666666667,0.11304596060519553
338,76561198050854730,2018-07-18 14:55:48+00:00,2024-05-11 00:58:24+00:00,21,2123.418472222222,50962.043333333335,22.7,0.9251101321585904
339,76561198051089903,2016-10-06 08:18:46+00:00,2022-05-10 05:25:29+00:00,43,2041.879664351852,49005.11194444444,507.3666666666667,0.08475133039879114
340,76561198051177321,2017-02-27 14:11:24+00:00,2020-06-05 11:01:21+00:00,13,1193.8680208333333,28652.8325,24.316666666666666,0.5346127484578479
341,76561198051227320,2021-01-26 06:11:54+00:00,2023-03-06 08:28:41+00:00,22,769.094988425926,18458.27972222222,33.21666666666667,0.6623181133968891
342,76561198051733124,2016-10-01 11:51:55+00:00,2022-10-29 11:55:32+00:00,43,2219.002511574074,53256.060277777775,715.65,0.06008523719695382
343,76561198052125808,2016-11-06 11:37:13+00:00,2024-04-06 23:21:06+00:00,20,2708.4888078703702,65003.73138888889,45.25,0.4419889502762431
344,76561198052442092,2018-10-23 05:01:06+00:00,2024-07-26 23:08:52+00:00,22,2103.7553935185183,50490.12944444444,30.966666666666665,0.7104413347685684
345,76561198052481833,2017-06-24 09:55:43+00:00,2020-09-15 20:21:16+00:00,43,1179.4344097222222,28306.425833333335,259.21666666666664,0.1658843952935125
346,76561198053475768,2018-12-20 16:02:54+00:00,2018-12-30 15:17:21+00:00,43,9.968368055555555,239.24083333333334,65.75,0.6539923954372624
347,76561198053605081,2019-10-26 01:21:10+00:00,2024-10-26 11:57:37+00:00,27,1827.4419791666667,43858.6075,89.08333333333333,0.3030869971936389
348,76561198055677691,2020-10-07 03:14:27+00:00,2022-04-25 20:59:47+00:00,9,565.7398148148148,13577.755555555555,6.1,1.4754098360655739
349,76561198056047449,2016-09-19 19:32:49+00:00,2016-10-05 09:47:23+00:00,29,15.593449074074075,374.2427777777778,208.61666666666667,0.13901094511464407
350,76561198056893819,2018-11-03 14:41:11+00:00,2024-11-09 15:57:28+00:00,4,2198.0529745370372,52753.27138888889,1.4666666666666666,2.7272727272727275
351,76561198057078777,2016-12-27 02:39:25+00:00,2017-03-13 04:49:07+00:00,43,76.09006944444444,1826.1616666666666,135.63333333333333,0.3170312115999017
352,76561198057498761,2022-02-02 00:07:37+00:00,2024-07-26 10:43:39+00:00,37,905.4416898148148,21730.600555555557,111.31666666666666,0.33238508758796226
353,76561198057552595,2020-07-01 14:44:52+00:00,2020-07-08 03:45:16+00:00,16,6.541944444444445,157.00666666666666,17.0,0.9411764705882353
354,76561198057945441,2021-10-30 17:31:39+00:00,2024-04-20 15:49:46+00:00,2,902.9292476851851,21670.301944444444,6.733333333333333,0.297029702970297
355,76561198058253727,2022-11-15 09:10:32+00:00,2022-12-03 15:18:29+00:00,43,18.255520833333332,438.1325,98.9,0.43478260869565216
356,76561198058416969,2017-01-01 12:06:47+00:00,2017-04-21 05:02:41+00:00,43,109.70548611111111,2632.931666666667,106.86666666666666,0.4023705552089832
357,76561198058781656,2017-02-02 22:45:32+00:00,2024-08-11 00:54:45+00:00,21,2746.0897337962965,65906.1536111111,22.25,0.9438202247191011
358,76561198059216394,2024-12-07 05:29:20+00:00,2024-12-29 14:56:38+00:00,41,22.393958333333334,537.455,151.05,0.27143330023171136
359,76561198059306658,2020-10-31 17:09:43+00:00,2021-07-10 11:34:44+00:00,43,251.7673726851852,6042.416944444444,338.76666666666665,0.12693102430384728
360,76561198059307202,2020-10-24 05:46:15+00:00,2020-12-30 13:57:35+00:00,43,67.3412037037037,1616.1888888888889,459.2,0.0936411149825784
361,76561198059395340,2018-10-29 14:39:24+00:00,2018-12-18 17:19:43+00:00,43,50.11133101851852,1202.6719444444445,276.1166666666667,0.15573127301261544
362,76561198059515974,2020-02-01 08:04:03+00:00,2024-04-17 12:06:59+00:00,24,1537.1687037037036,36892.04888888889,40.266666666666666,0.5960264900662252
363,76561198060628914,2016-10-31 06:43:31+00:00,2022-06-09 19:57:44+00:00,40,2047.551539351852,49141.23694444444,897.5666666666667,0.04456493482378282
364,76561198060871246,2022-11-06 13:43:25+00:00,2022-11-06 13:58:31+00:00,3,0.010486111111111111,0.25166666666666665,0.8,3.75
365,76561198060913953,2021-05-24 07:02:01+00:00,2022-02-11 12:26:23+00:00,43,263.2252546296296,6317.406111111111,4.633333333333334,9.280575539568344
366,76561198061023307,2017-11-19 08:09:06+00:00,2017-11-19 08:09:06+00:00,43,0.0,0.0,122.38333333333334,0.3513550320032684
367,76561198061438211,2021-02-06 13:35:26+00:00,2022-06-13 16:50:03+00:00,43,492.13515046296294,11811.243611111111,15.683333333333334,2.7417640807651433
368,76561198061449064,2016-12-28 19:31:46+00:00,2016-12-28 19:31:46+00:00,43,0.0,0.0,6.466666666666667,6.649484536082474
369,76561198062505918,2016-10-21 01:59:16+00:00,2024-07-04 09:37:48+00:00,7,2813.318425925926,67519.64222222222,69.83333333333333,0.10023866348448689
370,76561198062600893,2016-12-17 01:53:26+00:00,2017-09-02 09:41:06+00:00,18,259.3247685185185,6223.794444444445,68.18333333333334,0.2639941334637008
371,76561198063268722,2016-10-07 06:28:11+00:00,2020-11-14 11:16:32+00:00,43,1499.2002430555556,35980.80583333333,1219.6166666666666,0.03525697965207648
372,76561198063392506,2019-08-02 12:19:12+00:00,2024-03-29 00:11:22+00:00,12,1700.4945601851853,40811.86944444444,5.716666666666667,2.0991253644314867
373,76561198063952731,2016-10-09 11:47:44+00:00,2019-03-10 09:10:16+00:00,19,881.8906481481481,21165.375555555554,49.43333333333333,0.38435603506405935
374,76561198064409203,2017-11-15 08:00:40+00:00,2023-02-04 15:36:18+00:00,42,1907.316412037037,45775.59388888889,168.33333333333334,0.2495049504950495
375,76561198064609090,2023-07-02 06:28:12+00:00,2023-12-16 13:39:05+00:00,24,167.29922453703705,4015.1813888888887,48.11666666666667,0.4987876688604087
376,76561198064614327,2024-04-29 03:57:28+00:00,2024-05-04 07:54:41+00:00,36,5.1647337962962965,123.95361111111112,63.31666666666667,0.5685706764938141
377,76561198065699464,2021-04-22 07:35:14+00:00,2022-05-14 07:12:22+00:00,43,386.98412037037036,9287.618888888888,257.4,0.16705516705516707
378,76561198065795715,2016-11-28 05:19:30+00:00,2021-01-20 13:58:51+00:00,6,1514.3606597222222,36344.65583333333,7.05,0.851063829787234
379,76561198065892602,2016-12-09 07:39:00+00:00,2024-11-01 19:37:46+00:00,9,2884.4991435185184,69227.97944444444,10.3,0.8737864077669902
380,76561198066018764,2023-04-18 19:13:50+00:00,2025-06-07 07:53:30+00:00,43,780.5275462962964,18732.661111111112,225.9,0.19034971226206285
381,76561198066153480,2016-10-16 11:44:18+00:00,2024-08-20 07:14:24+00:00,43,2864.8125694444443,68755.50166666666,163.88333333333333,0.262381775653412
382,76561198066519820,2016-07-29 00:04:14+00:00,2016-07-29 00:04:14+00:00,43,0.0,0.0,125.93333333333334,0.3414505029115934
383,76561198066543155,2018-05-02 04:23:52+00:00,2023-04-23 22:37:33+00:00,29,1817.7595023148149,43626.228055555555,139.96666666666667,0.20719218861633723
384,76561198066694652,2023-11-03 15:00:30+00:00,2023-11-03 15:57:03+00:00,8,0.03927083333333333,0.9425,1.4666666666666666,5.454545454545455
385,76561198066765397,2021-02-28 13:43:40+00:00,2023-07-04 08:58:04+00:00,42,855.8016666666666,20539.24,476.65,0.08811496905486206
386,76561198067040444,2021-10-24 10:23:13+00:00,2023-01-03 14:00:49+00:00,7,436.1511111111111,10467.626666666667,6.883333333333334,1.0169491525423728
387,76561198067261759,2021-01-31 13:57:57+00:00,2023-09-27 15:23:53+00:00,4,969.059675925926,23257.43222222222,8.933333333333334,0.44776119402985076
388,76561198067347675,2019-11-30 20:17:44+00:00,2023-02-28 09:19:42+00:00,43,1185.5430324074075,28453.03277777778,61.2,0.7026143790849673
389,76561198067950201,2017-01-14 12:17:01+00:00,2022-07-13 13:36:32+00:00,38,2006.0552199074075,48145.325277777774,539.8166666666667,0.07039426965945228
390,76561198068270261,2018-10-21 02:58:28+00:00,2024-07-10 01:10:56+00:00,38,2088.925324074074,50134.20777777778,485.0833333333333,0.07833705548874764
391,76561198070418315,2018-10-25 11:59:21+00:00,2022-07-31 07:44:53+00:00,20,1374.823287037037,32995.758888888886,38.083333333333336,0.5251641137855579
392,76561198070644433,2023-06-13 12:19:04+00:00,2023-07-13 14:30:31+00:00,23,30.091284722222223,722.1908333333333,59.733333333333334,0.38504464285714285
393,76561198071922719,2019-06-24 07:51:53+00:00,2019-06-24 08:14:10+00:00,4,0.015474537037037037,0.3713888888888889,9.5,0.42105263157894735
394,76561198072129087,2016-10-06 11:05:49+00:00,2021-06-09 21:36:35+00:00,36,1707.4380324074075,40978.512777777774,489.8666666666667,0.07348938486663037
395,76561198072678486,2017-07-30 06:21:15+00:00,2024-07-25 16:22:07+00:00,7,2552.4172685185185,61258.014444444445,7.233333333333333,0.967741935483871
396,76561198073191426,2016-10-06 01:50:42+00:00,2021-10-29 23:20:24+00:00,43,1849.895625,44397.495,316.8833333333333,0.13569662862252144
397,76561198074195807,2019-12-31 15:13:21+00:00,2025-04-27 15:57:53+00:00,43,1944.0309259259259,46656.74222222222,143.03333333333333,0.30062922395711955
398,76561198074545639,2021-04-27 13:45:48+00:00,2024-03-24 07:45:51+00:00,21,1061.7500347222222,25482.00083333333,30.216666666666665,0.694980694980695
399,76561198074783710,2021-12-11 07:10:00+00:00,2024-12-16 08:35:07+00:00,41,1101.0591087962962,26425.418611111112,98.41666666666667,0.41659610499576627
400,76561198075447635,2020-04-02 08:04:24+00:00,2022-04-29 03:44:34+00:00,28,756.8195601851852,18163.669444444444,65.81666666666666,0.4254241580146873
401,76561198075820042,2018-11-23 17:54:36+00:00,2023-12-02 21:39:00+00:00,43,1835.1558333333332,44043.74,112.18333333333334,0.38330114396077847
402,76561198075984299,2017-08-22 09:14:16+00:00,2023-08-16 12:06:01+00:00,35,2185.1192708333333,52442.8625,212.55,0.16466713714420136
403,76561198076917180,2016-10-28 07:30:14+00:00,2022-09-04 13:29:43+00:00,38,2137.2496412037035,51293.99138888889,114.43333333333334,0.33207107486163706
404,76561198076999456,2016-10-06 02:59:56+00:00,2023-07-22 02:25:34+00:00,39,2479.976134259259,59519.42722222222,331.3833333333333,0.11768847759392446
405,76561198078103345,2024-07-27 23:48:16+00:00,2024-07-29 04:52:23+00:00,6,1.2111921296296295,29.06861111111111,1.6,3.75
406,76561198078207454,2016-10-06 14:16:50+00:00,2022-05-03 07:25:52+00:00,40,2034.7146064814815,48833.150555555556,1265.5833333333333,0.03160597879765589
407,76561198078361063,2018-10-13 13:07:08+00:00,2020-09-25 06:19:14+00:00,43,712.7167361111111,17105.201666666668,244.43333333333334,0.17591708714032456
408,76561198078497262,2017-06-23 08:49:00+00:00,2023-05-04 00:44:30+00:00,43,2140.663541666667,51375.925,106.06666666666666,0.40540540540540543
409,76561198078498143,2025-07-16 12:14:17+00:00,2025-07-23 09:23:10+00:00,7,6.881168981481482,165.14805555555554,3.6166666666666667,1.935483870967742
410,76561198078528278,2019-10-11 06:17:15+00:00,2019-10-11 06:46:36+00:00,5,0.020381944444444446,0.4891666666666667,11.15,0.44843049327354256
411,76561198078952194,2022-12-04 10:55:23+00:00,2023-11-04 17:05:57+00:00,43,335.25733796296294,8046.176111111111,58.916666666666664,0.7298444130127298
412,76561198079213042,2016-10-07 22:50:20+00:00,2024-08-27 17:50:50+00:00,36,2880.792013888889,69139.00833333333,532.1,0.06765645555346739
413,76561198080349814,2016-09-19 13:56:20+00:00,2022-05-16 10:09:19+00:00,43,2064.842349537037,49556.21638888889,8155.966666666666,0.005272213798486997
414,76561198081156647,2024-09-07 12:58:37+00:00,2024-09-27 15:24:54+00:00,28,20.10158564814815,482.43805555555554,67.85,0.4126750184229919
415,76561198081257465,2023-11-01 14:03:36+00:00,2023-11-01 14:10:43+00:00,4,0.00494212962962963,0.11861111111111111,8.45,0.4733727810650888
416,76561198081293192,2019-06-26 04:42:40+00:00,2024-04-16 01:51:48+00:00,17,1755.8813425925925,42141.15222222222,33.46666666666667,0.5079681274900398
417,76561198081301799,2016-11-29 12:31:32+00:00,2017-04-20 14:17:20+00:00,15,142.07347222222222,3409.7633333333333,16.716666666666665,0.897308075772682
418,76561198081415408,2024-06-26 11:53:08+00:00,2024-08-01 11:38:05+00:00,43,35.98954861111111,863.7491666666666,30.3,1.4191419141914192
419,76561198081961727,2017-02-20 07:22:13+00:00,2024-04-08 08:29:19+00:00,5,2604.0465972222223,62497.11833333333,4.766666666666667,1.048951048951049
420,76561198081999502,2016-11-21 06:37:48+00:00,2017-05-05 11:16:24+00:00,43,165.19347222222223,3964.6433333333334,378.9,0.11348640802322513
421,76561198082623478,2019-02-18 14:20:08+00:00,2024-02-21 20:34:51+00:00,41,1829.2602199074074,43902.24527777778,96.8,0.4235537190082645
422,76561198082995144,2016-10-17 15:31:44+00:00,2024-05-04 19:08:16+00:00,43,2756.15037037037,66147.60888888889,105.16666666666667,0.40887480190174325
423,76561198083142373,2025-04-06 12:00:05+00:00,2025-04-06 12:09:51+00:00,3,0.006782407407407407,0.16277777777777777,11.933333333333334,0.25139664804469275
424,76561198083542059,2025-01-05 15:38:04+00:00,2025-01-05 20:20:23+00:00,11,0.19605324074074074,4.705277777777778,12.55,0.8764940239043825
425,76561198083787826,2016-10-16 03:05:28+00:00,2018-12-27 07:20:48+00:00,43,802.1773148148148,19252.255555555555,3364.8,0.012779362815026153
426,76561198083915913,2021-12-02 11:03:12+00:00,2023-02-22 19:33:09+00:00,43,447.3541319444444,10736.499166666666,27.466666666666665,1.5655339805825244
427,76561198083931265,2023-05-23 11:26:43+00:00,2023-05-29 22:49:22+00:00,43,6.4740625,155.3775,44.71666666666667,0.9616101379053298
428,76561198084092954,2017-10-19 05:29:01+00:00,2023-09-14 04:46:43+00:00,43,2155.970625,51743.295,50.61666666666667,0.8495225551531116
429,76561198085529088,2023-05-15 04:18:13+00:00,2023-05-15 04:19:32+00:00,2,0.0009143518518518518,0.021944444444444444,2.183333333333333,0.9160305343511451
430,76561198086107514,2016-11-17 08:21:49+00:00,2024-03-23 17:36:59+00:00,20,2683.3855324074075,64401.25277777778,17.083333333333332,1.1707317073170733
431,76561198086556743,2019-01-06 11:54:08+00:00,2022-02-28 10:23:57+00:00,43,1148.9373726851852,27574.496944444443,66.4,0.6475903614457831
432,76561198087088306,2022-09-23 05:42:18+00:00,2023-09-17 07:45:22+00:00,29,359.08546296296294,8618.051111111112,131.73333333333332,0.2201417004048583
433,76561198087733716,2017-11-26 12:42:27+00:00,2024-05-27 10:24:19+00:00,24,2373.9040740740743,56973.69777777778,63.266666666666666,0.37934668071654376
434,76561198089139675,2017-02-02 16:36:18+00:00,2022-05-23 09:03:58+00:00,43,1935.6858796296297,46456.46111111111,2552.0666666666666,0.016849089626707767
435,76561198089950070,2023-07-13 12:25:12+00:00,2023-09-11 00:48:09+00:00,43,59.5159375,1428.3825,24.1,1.784232365145228
436,76561198090598330,2018-11-07 06:55:39+00:00,2020-09-22 01:16:46+00:00,6,684.7646643518518,16434.351944444443,4.933333333333334,1.2162162162162162
437,76561198090812798,2022-04-30 14:24:05+00:00,2022-05-04 09:09:56+00:00,7,3.781840277777778,90.76416666666667,10.716666666666667,0.6531881804043546
438,76561198091409638,2019-04-02 05:47:14+00:00,2025-04-23 10:27:53+00:00,43,2213.1948958333332,53116.6775,771.6666666666666,0.05572354211663067
439,76561198091577049,2022-11-05 05:29:26+00:00,2023-06-05 13:34:05+00:00,43,212.3365625,5096.0775,87.06666666666666,0.49387442572741197
440,76561198092017683,2019-02-02 22:40:41+00:00,2019-11-25 07:45:13+00:00,43,295.37814814814817,7089.075555555555,263.1333333333333,0.16341525209019508
441,76561198092042574,2018-10-31 03:23:33+00:00,2022-02-26 09:14:37+00:00,43,1214.2437962962963,29141.85111111111,8.983333333333333,4.786641929499073
442,76561198092221120,2020-07-22 19:10:43+00:00,2022-05-02 19:59:57+00:00,43,649.0341898148148,15576.820555555556,127.98333333333333,0.3359812475582758
443,76561198092258220,2022-02-27 19:30:30+00:00,2022-06-06 17:29:08+00:00,2,98.91571759259259,2373.9772222222223,2.8833333333333333,0.6936416184971098
444,76561198093799893,2023-10-28 20:16:26+00:00,2023-11-02 16:50:04+00:00,11,4.856689814814815,116.56055555555555,4.166666666666667,2.6399999999999997
445,76561198094413234,2022-12-02 19:30:27+00:00,2023-11-11 22:44:33+00:00,43,344.1347916666667,8259.235,58.2,0.7388316151202748
446,76561198095241695,2018-11-18 03:43:45+00:00,2018-11-18 08:52:17+00:00,8,0.21425925925925926,5.142222222222222,6.35,1.2598425196850394
447,76561198095807119,2016-11-16 18:02:45+00:00,2023-02-04 19:09:46+00:00,35,2271.046539351852,54505.116944444446,58.65,0.5967604433077579
448,76561198096609152,2020-10-28 09:38:23+00:00,2024-06-02 11:14:35+00:00,17,1313.0668055555554,31513.603333333333,11.816666666666666,1.4386459802538787
449,76561198096655954,2022-12-04 10:57:15+00:00,2023-08-10 15:34:39+00:00,40,249.1926388888889,5980.623333333333,103.85,0.38517091959557054
450,76561198097498028,2023-07-04 16:59:39+00:00,2023-07-04 16:59:39+00:00,43,0.0,0.0,4.216666666666667,10.197628458498023
451,76561198098080821,2020-07-10 07:03:41+00:00,2022-02-02 02:25:19+00:00,21,571.8066898148148,13723.360555555555,32.4,0.6481481481481481
452,76561198101432241,2017-01-29 05:44:05+00:00,2022-08-16 07:54:17+00:00,43,2025.0904166666667,48602.17,190.48333333333332,0.22574153469244904
453,76561198101578868,2020-01-24 19:10:19+00:00,2020-01-24 20:01:31+00:00,4,0.035555555555555556,0.8533333333333334,10.75,0.37209302325581395
454,76561198102339835,2020-06-20 22:44:04+00:00,2020-06-20 23:45:01+00:00,6,0.042326388888888886,1.0158333333333334,10.85,0.5529953917050692
455,76561198102380468,2017-01-24 05:51:23+00:00,2022-09-29 07:03:29+00:00,42,2074.0500694444445,49777.20166666667,168.7,0.24896265560165975
456,76561198102700771,2016-11-05 09:21:08+00:00,2019-01-20 03:12:26+00:00,43,805.7439583333334,19337.855,223.01666666666668,0.19281070174127493
457,76561198102780049,2018-09-08 11:44:03+00:00,2021-01-02 21:07:46+00:00,43,847.3914699074074,20337.395277777778,15.333333333333334,2.8043478260869565
458,76561198103123646,2021-10-22 09:25:31+00:00,2024-09-18 10:58:53+00:00,37,1062.0648379629629,25489.556111111113,232.36666666666667,0.15923110027255774
459,76561198108831399,2016-11-12 06:07:12+00:00,2018-04-11 11:57:47+00:00,43,515.2434606481481,12365.843055555555,278.35,0.1544817675588288
460,76561198109871307,2017-02-10 22:09:15+00:00,2024-04-11 13:15:46+00:00,11,2616.629525462963,62799.108611111114,24.383333333333333,0.4511278195488722
461,76561198112009549,2018-10-26 13:35:23+00:00,2024-04-21 03:42:48+00:00,5,2003.5884837962963,48086.123611111114,5.533333333333333,0.9036144578313253
462,76561198112672661,2019-10-30 14:38:34+00:00,2024-07-25 12:07:15+00:00,3,1729.8949189814814,41517.478055555555,2.75,1.0909090909090908
463,76561198112880157,2018-07-06 12:26:56+00:00,2019-01-24 00:19:14+00:00,43,201.4946527777778,4835.871666666667,594.0333333333333,0.0723865102968408
464,76561198115009354,2023-11-27 18:48:20+00:00,2023-12-04 22:41:13+00:00,43,7.161724537037037,171.8813888888889,628.0,0.06847133757961783
465,76561198116820015,2022-03-22 10:26:30+00:00,2023-02-23 12:25:04+00:00,43,338.082337962963,8113.976111111111,40.55,1.060419235511714
466,76561198117143056,2019-11-03 10:09:35+00:00,2022-04-28 07:21:10+00:00,38,906.8830439814815,21765.193055555555,479.3833333333333,0.07926850467614643
467,76561198118069340,2024-11-07 12:15:24+00:00,2024-11-10 07:47:50+00:00,43,2.814189814814815,67.54055555555556,33.6,1.2797619047619047
468,76561198119067891,2017-02-01 01:03:47+00:00,2022-05-19 16:11:37+00:00,31,1933.6304398148147,46407.13055555556,142.88333333333333,0.21696022395894088
469,76561198119104567,2018-11-19 21:00:54+00:00,2024-05-29 16:11:59+00:00,43,2017.799363425926,48427.18472222222,177.81666666666666,0.2418221014153154
470,76561198119650667,2016-12-29 16:24:32+00:00,2022-03-08 13:19:21+00:00,43,1894.871400462963,45476.913611111115,77.25,0.5566343042071198
471,76561198119652767,2018-12-07 20:56:43+00:00,2024-04-08 10:33:47+00:00,3,1948.5674074074075,46765.61777777778,0.9833333333333333,3.050847457627119
472,76561198120468864,2017-12-28 14:46:19+00:00,2023-07-27 18:41:44+00:00,18,2037.1634837962963,48891.92361111111,820.55,0.02193650600207178
473,76561198120594540,2023-06-21 13:54:51+00:00,2023-06-21 14:29:54+00:00,5,0.024340277777777777,0.5841666666666666,16.583333333333332,0.30150753768844224
474,76561198121098268,2021-04-23 05:34:14+00:00,2021-06-28 22:36:27+00:00,43,66.70987268518519,1601.0369444444445,412.48333333333335,0.10424663622772637
475,76561198121716572,2018-12-15 23:26:13+00:00,2024-06-29 23:00:55+00:00,40,2022.9824305555555,48551.57833333333,123.81666666666666,0.32305828509893664
476,76561198121733143,2016-11-30 08:11:00+00:00,2024-05-21 11:26:35+00:00,13,2729.135821759259,65499.259722222225,5.883333333333334,2.2096317280453257
477,76561198124738753,2023-10-29 22:13:56+00:00,2025-03-14 13:39:03+00:00,37,501.6424421296296,12039.41861111111,542.6166666666667,0.0681881008692447
478,76561198125238941,2017-03-05 15:55:40+00:00,2017-03-05 16:06:28+00:00,5,0.0075,0.18,3.0166666666666666,1.6574585635359116
479,76561198126267465,2020-07-27 15:05:51+00:00,2022-10-23 07:56:54+00:00,43,817.7021180555555,19624.850833333334,185.95,0.23124495832212963
480,76561198127725117,2024-05-13 04:45:09+00:00,2024-08-18 12:14:04+00:00,39,97.31174768518518,2335.4819444444443,152.91666666666666,0.2550408719346049
481,76561198128578271,2023-12-25 23:52:13+00:00,2024-02-13 00:02:31+00:00,43,49.007152777777776,1176.1716666666666,6.433333333333334,6.683937823834197
482,76561198128679947,2023-05-02 20:22:29+00:00,2023-05-02 20:40:37+00:00,4,0.012592592592592593,0.3022222222222222,8.6,0.46511627906976744
483,76561198128785478,2023-02-20 19:58:04+00:00,2023-02-26 13:45:25+00:00,26,5.741215277777778,137.78916666666666,13.333333333333334,1.95
484,76561198130370824,2016-10-29 02:02:41+00:00,2018-02-26 10:42:20+00:00,15,485.36086805555556,11648.660833333333,7.916666666666667,1.894736842105263
485,76561198132288628,2022-04-08 01:45:37+00:00,2022-04-08 01:45:37+00:00,43,0.0,0.0,45.8,0.9388646288209608
486,76561198133361926,2017-01-14 08:50:34+00:00,2018-01-11 00:07:43+00:00,43,361.63690972222224,8679.285833333333,286.68333333333334,0.14999127957676878
487,76561198133372348,2022-10-28 22:03:17+00:00,2022-10-28 22:40:51+00:00,6,0.026087962962962962,0.6261111111111111,2.3833333333333333,2.5174825174825175
488,76561198133918114,2022-08-12 06:42:54+00:00,2022-08-27 02:51:13+00:00,20,14.839108796296296,356.1386111111111,45.38333333333333,0.4406904149834741
489,76561198134870681,2017-09-26 09:03:58+00:00,2021-04-01 01:37:56+00:00,43,1282.6902546296296,30784.56611111111,45.63333333333333,0.9422936449963477
490,76561198135780449,2020-02-23 17:21:18+00:00,2022-10-31 02:01:16+00:00,9,980.361087962963,23528.66611111111,2.75,3.272727272727273
491,76561198136277601,2022-02-04 14:17:43+00:00,2022-02-06 09:15:58+00:00,23,1.7904513888888889,42.97083333333333,5.15,4.466019417475728
492,76561198139908577,2020-02-09 11:33:10+00:00,2020-02-09 11:36:28+00:00,3,0.0022916666666666667,0.055,0.9833333333333333,3.050847457627119
493,76561198141336830,2023-09-28 14:03:08+00:00,2024-06-13 00:17:01+00:00,43,258.42630787037035,6202.231388888889,3.216666666666667,13.367875647668393
494,76561198142797852,2021-08-29 04:13:08+00:00,2022-06-28 04:59:33+00:00,26,303.0322337962963,7272.773611111111,52.666666666666664,0.4936708860759494
495,76561198143142509,2024-05-05 20:40:03+00:00,2024-08-08 20:54:55+00:00,18,95.01032407407408,2280.2477777777776,14.25,1.263157894736842
496,76561198143892061,2019-06-08 17:27:23+00:00,2020-11-12 07:38:00+00:00,43,522.5907060185185,12542.176944444445,97.2,0.44238683127572015
497,76561198145427903,2016-12-30 13:57:45+00:00,2024-01-21 18:18:38+00:00,39,2578.1811689814813,61876.34805555556,280.15,0.1392111368909513
498,76561198148591890,2020-09-12 09:48:27+00:00,2021-02-24 16:46:25+00:00,43,165.29025462962963,3966.9661111111113,4.683333333333334,9.181494661921707
499,76561198150023286,2023-10-31 08:41:24+00:00,2023-10-31 09:35:12+00:00,7,0.03736111111111111,0.8966666666666666,3.7,1.8918918918918919
500,76561198152365403,2020-06-13 02:55:28+00:00,2020-07-20 00:27:19+00:00,43,36.89711805555555,885.5308333333334,46.983333333333334,0.9152181624689606
501,76561198153444879,2018-04-30 07:17:55+00:00,2020-09-03 19:11:50+00:00,43,857.4957754629629,20579.89861111111,460.23333333333335,0.09343086840008691
502,76561198153525620,2023-02-22 01:55:41+00:00,2023-02-22 01:55:41+00:00,43,0.0,0.0,178.73333333333332,0.24058187243565834
503,76561198156021248,2017-07-22 11:46:20+00:00,2024-07-31 16:28:42+00:00,35,2566.196087962963,61588.70611111111,152.68333333333334,0.22923261652658006
504,76561198160320827,2017-08-25 06:07:07+00:00,2024-06-16 04:16:02+00:00,23,2486.922858796296,59686.14861111111,88.13333333333334,0.2609682299546142
505,76561198160775754,2024-02-07 08:28:57+00:00,2024-03-09 07:17:47+00:00,43,30.950578703703705,742.8138888888889,103.0,0.4174757281553398
506,76561198161507346,2017-03-03 22:46:34+00:00,2023-06-18 09:57:28+00:00,43,2297.465902777778,55139.181666666664,39.5,1.0886075949367089
507,76561198162235689,2020-07-01 20:53:47+00:00,2020-07-01 20:53:47+00:00,43,0.0,0.0,11.466666666666667,3.75
508,76561198162399308,2024-12-10 07:27:16+00:00,2024-12-10 07:27:16+00:00,1,0.0,0.0,20.166666666666668,0.04958677685950413
509,76561198162722657,2016-10-29 02:54:56+00:00,2024-04-03 05:52:30+00:00,16,2713.1233101851853,65114.959444444445,38.833333333333336,0.41201716738197425
510,76561198163638022,2025-06-05 13:40:19+00:00,2025-06-05 17:15:12+00:00,8,0.14922453703703703,3.5813888888888887,9.6,0.8333333333333334
511,76561198165492519,2023-11-08 09:44:41+00:00,2023-11-08 09:44:41+00:00,43,0.0,0.0,3.816666666666667,11.266375545851528
512,76561198167529479,2016-12-26 11:12:48+00:00,2024-04-20 21:04:37+00:00,33,2672.4109837962965,64137.86361111111,56.56666666666667,0.5833824395992928
513,76561198167940370,2018-11-08 01:53:43+00:00,2025-07-02 22:33:46+00:00,20,2428.8611458333335,58292.6675,104.83333333333333,0.1907790143084261
514,76561198170081071,2023-07-14 18:30:43+00:00,2023-07-14 18:46:15+00:00,5,0.010787037037037038,0.2588888888888889,6.016666666666667,0.8310249307479225
515,76561198170269198,2022-03-20 00:13:12+00:00,2024-03-29 23:46:00+00:00,14,740.9811111111111,17783.546666666665,2.783333333333333,5.02994011976048
516,76561198170985497,2023-07-30 05:23:07+00:00,2023-07-30 06:58:48+00:00,8,0.06644675925925926,1.5947222222222222,2.033333333333333,3.934426229508197
517,76561198172925593,2024-08-22 06:31:30+00:00,2025-05-07 22:10:45+00:00,37,258.65225694444445,6207.654166666666,1303.3166666666666,0.028389109835164135
518,76561198173819274,2017-02-27 22:11:57+00:00,2020-07-19 19:18:27+00:00,43,1237.8795138888888,29709.108333333334,207.86666666666667,0.20686337395766516
519,76561198174102790,2024-02-25 01:37:57+00:00,2024-02-25 01:37:57+00:00,43,0.0,0.0,6.383333333333334,6.736292428198433
520,76561198178557050,2020-12-08 07:12:38+00:00,2024-02-15 07:45:13+00:00,43,1164.0226273148148,27936.543055555554,32.46666666666667,1.3244353182751538
521,76561198179319487,2020-03-16 22:05:19+00:00,2024-04-13 18:52:55+00:00,41,1488.8663888888889,35732.793333333335,332.9,0.12316010814058277
522,76561198179992770,2018-11-01 07:57:08+00:00,2022-04-29 11:37:10+00:00,27,1275.152800925926,30603.667222222222,31.6,0.8544303797468354
523,76561198180549481,2017-06-22 21:26:15+00:00,2018-02-11 05:14:03+00:00,43,233.32486111111112,5599.796666666667,7.466666666666667,5.758928571428571
524,76561198185575257,2017-07-04 06:05:23+00:00,2017-07-04 06:05:23+00:00,43,0.0,0.0,462.0833333333333,0.09305680793507665
525,76561198187410553,2023-09-06 18:08:53+00:00,2024-05-12 16:25:40+00:00,23,248.92832175925926,5974.2797222222225,36.666666666666664,0.6272727272727273
526,76561198187763739,2022-12-29 07:41:57+00:00,2023-01-03 22:25:47+00:00,43,5.613773148148148,134.73055555555555,13.533333333333333,3.1773399014778327
527,76561198192343889,2018-07-01 00:23:02+00:00,2023-07-24 06:13:48+00:00,43,1849.243587962963,44381.84611111111,238.5,0.18029350104821804
528,76561198192866085,2024-03-15 07:57:03+00:00,2024-03-15 07:57:03+00:00,43,0.0,0.0,5.566666666666666,7.724550898203593
529,76561198193698835,2020-02-22 15:42:44+00:00,2022-04-29 13:38:41+00:00,31,796.9138541666666,19125.9325,96.25,0.3220779220779221
530,76561198196483042,2022-12-19 06:59:42+00:00,2022-12-19 07:17:12+00:00,7,0.012152777777777778,0.2916666666666667,5.75,1.2173913043478262
531,76561198200337814,2018-05-26 03:57:22+00:00,2018-05-26 03:57:22+00:00,43,0.0,0.0,216.66666666666666,0.19846153846153847
532,76561198200501842,2024-01-23 13:04:13+00:00,2024-01-30 06:29:49+00:00,22,6.726111111111111,161.42666666666668,33.083333333333336,0.6649874055415617
533,76561198201155765,2019-07-01 02:51:41+00:00,2022-11-08 23:23:52+00:00,43,1226.8556828703704,29444.53638888889,9.5,4.526315789473684
534,76561198218497305,2017-09-18 08:43:57+00:00,2022-12-03 13:39:35+00:00,12,1902.205300925926,45652.92722222222,3.8833333333333333,3.0901287553648067
535,76561198219728397,2023-08-27 07:53:12+00:00,2023-09-24 09:18:16+00:00,43,28.059074074074076,673.4177777777778,3.183333333333333,13.507853403141363
536,76561198236381260,2016-10-31 04:20:19+00:00,2022-12-27 11:48:51+00:00,43,2248.3114814814817,53959.47555555555,197.98333333333332,0.21718999915817833
537,76561198242439926,2018-09-14 13:45:16+00:00,2019-06-26 03:32:41+00:00,43,284.5745949074074,6829.790277777778,366.8666666666667,0.11720879520261675
538,76561198249063862,2021-03-30 14:12:47+00:00,2022-02-06 16:19:58+00:00,43,313.08832175925926,7514.119722222223,37.5,1.1466666666666667
539,76561198252374474,2019-05-12 11:45:56+00:00,2019-05-12 12:12:32+00:00,3,0.018472222222222223,0.44333333333333336,11.166666666666666,0.26865671641791045
540,76561198254624748,2022-08-04 09:32:03+00:00,2022-09-02 09:19:15+00:00,43,28.99111111111111,695.7866666666666,2110.0666666666666,0.020378503048876815
541,76561198256592614,2021-03-07 09:40:42+00:00,2021-03-07 09:40:42+00:00,43,0.0,0.0,23.65,1.8181818181818183
542,76561198256939238,2024-07-01 23:06:21+00:00,2024-07-17 04:59:15+00:00,26,15.245069444444445,365.88166666666666,29.266666666666666,0.8883826879271071
543,76561198257422651,2024-07-28 03:52:46+00:00,2024-07-28 03:52:46+00:00,1,0.0,0.0,1.25,0.8
544,76561198258479693,2021-04-23 05:54:31+00:00,2021-07-27 06:11:51+00:00,43,95.01203703703703,2280.288888888889,3.7333333333333334,11.517857142857142
545,76561198261798215,2019-12-01 11:13:28+00:00,2020-01-14 10:40:33+00:00,43,43.9771412037037,1055.451388888889,61.083333333333336,0.7039563437926329
546,76561198261994200,2024-03-27 03:27:50+00:00,2024-03-27 03:27:50+00:00,43,0.0,0.0,3.1166666666666667,13.796791443850267
547,76561198263506056,2023-07-18 01:31:36+00:00,2023-07-18 01:31:36+00:00,43,0.0,0.0,6.833333333333333,6.2926829268292686
548,76561198271284439,2019-04-03 11:46:35+00:00,2020-09-28 09:26:02+00:00,43,543.9023958333333,13053.6575,50.15,0.8574277168494516
549,76561198273926288,2017-06-25 12:41:57+00:00,2017-06-25 12:41:57+00:00,43,0.0,0.0,31.35,1.3716108452950557
550,76561198274950775,2019-08-05 01:10:08+00:00,2019-08-05 01:10:08+00:00,43,0.0,0.0,14.433333333333334,2.979214780600462
551,76561198275249113,2023-08-30 09:52:58+00:00,2025-07-06 06:21:50+00:00,35,675.8533796296297,16220.48111111111,92.2,0.3796095444685466
552,76561198275649621,2022-08-09 23:52:32+00:00,2022-12-21 02:00:50+00:00,43,133.08909722222222,3194.1383333333333,53.75,0.8
553,76561198280830500,2022-02-17 11:57:57+00:00,2022-02-17 15:12:38+00:00,13,0.13519675925925925,3.2447222222222223,5.316666666666666,2.4451410658307213
554,76561198282411763,2016-11-26 01:11:39+00:00,2023-05-04 05:35:03+00:00,19,2350.1829166666666,56404.39,74.68333333333334,0.25440749832626647
555,76561198288035657,2022-06-25 13:47:54+00:00,2022-07-05 21:27:57+00:00,43,10.319479166666667,247.6675,239.78333333333333,0.17932856050601237
556,76561198292739838,2022-10-30 00:25:16+00:00,2023-04-23 21:30:37+00:00,43,175.8787152777778,4221.089166666667,173.9,0.24726854514088556
557,76561198299932182,2024-04-23 06:36:21+00:00,2024-04-24 05:05:23+00:00,4,0.9368287037037037,22.483888888888888,1.2,3.3333333333333335
558,76561198299988956,2022-08-15 00:57:02+00:00,2022-10-07 18:48:11+00:00,7,53.743854166666665,1289.8525,4.9,1.4285714285714284
559,76561198302923503,2019-03-17 12:09:22+00:00,2022-04-26 09:24:50+00:00,9,1135.8857407407406,27261.257777777777,6.616666666666666,1.3602015113350128
560,76561198308478763,2016-10-18 05:28:40+00:00,2023-02-28 05:31:59+00:00,43,2324.0023032407407,55776.05527777778,29.483333333333334,1.4584511023176936
561,76561198308952236,2023-02-12 00:44:05+00:00,2024-11-09 10:29:46+00:00,43,636.406724537037,15273.761388888888,21.0,2.0476190476190474
562,76561198309643622,2021-07-06 02:40:38+00:00,2023-01-29 06:18:40+00:00,17,572.1514120370371,13731.63388888889,11.916666666666666,1.4265734265734267
563,76561198309762695,2023-11-08 15:09:05+00:00,2024-07-25 20:54:07+00:00,35,260.2396064814815,6245.750555555555,344.6333333333333,0.1015572105619499
564,76561198314442358,2021-10-16 09:20:35+00:00,2022-03-01 09:45:24+00:00,43,136.0172337962963,3264.413611111111,14.816666666666666,2.9021372328458943
565,76561198320249287,2017-10-26 23:16:09+00:00,2023-12-12 05:54:05+00:00,5,2237.2763425925928,53694.63222222222,4.133333333333334,1.2096774193548385
566,76561198320882872,2022-06-24 23:11:58+00:00,2022-07-03 11:48:13+00:00,43,8.52517361111111,204.60416666666666,17.05,2.5219941348973607
567,76561198322530254,2024-04-28 04:48:04+00:00,2024-04-28 05:23:05+00:00,6,0.02431712962962963,0.5836111111111111,1.15,5.217391304347826
568,76561198323009493,2023-05-19 05:29:14+00:00,2023-05-19 05:29:14+00:00,43,0.0,0.0,540.7666666666667,0.07951673549898293
569,76561198338219143,2022-10-12 04:00:46+00:00,2023-02-01 16:39:36+00:00,29,112.5269675925926,2700.6472222222224,75.38333333333334,0.3847004200751713
570,76561198343765519,2022-11-29 04:14:42+00:00,2022-11-29 04:14:42+00:00,43,0.0,0.0,6.233333333333333,6.898395721925134
571,76561198344068866,2021-01-16 00:16:56+00:00,2021-01-16 00:16:56+00:00,43,0.0,0.0,42.583333333333336,1.009784735812133
572,76561198350365789,2024-04-26 07:06:00+00:00,2024-04-26 07:06:00+00:00,43,0.0,0.0,81.45,0.5279312461632903
573,76561198350520848,2017-12-24 09:07:10+00:00,2017-12-24 09:07:10+00:00,43,0.0,0.0,126.38333333333334,0.3402347355927733
574,76561198351577048,2020-08-15 11:42:18+00:00,2020-08-25 04:43:30+00:00,43,9.709166666666667,233.02,94.3,0.4559915164369035
575,76561198352269269,2023-07-04 09:01:12+00:00,2023-07-25 09:55:31+00:00,39,21.037719907407407,504.90527777777777,40.96666666666667,0.951993490642799
576,76561198352272979,2019-09-20 16:03:35+00:00,2019-09-20 16:03:35+00:00,43,0.0,0.0,56.083333333333336,0.7667161961367013
577,76561198353518467,2020-06-06 02:10:05+00:00,2023-05-27 11:09:23+00:00,43,1085.374513888889,26048.988333333335,115.68333333333334,0.3717043653652211
578,76561198353841721,2021-01-04 22:39:43+00:00,2022-01-31 07:30:58+00:00,43,391.3689236111111,9392.854166666666,204.7,0.2100635075720567
579,76561198373611339,2021-01-20 17:46:25+00:00,2023-09-21 15:16:19+00:00,32,973.8957638888888,23373.498333333333,130.98333333333332,0.24430589133477545
580,76561198377078331,2021-03-14 05:08:56+00:00,2022-11-22 10:52:13+00:00,43,618.2383912037037,14837.72138888889,717.2666666666667,0.059949809461845895
581,76561198379883679,2023-01-23 02:41:33+00:00,2024-03-03 16:42:52+00:00,43,405.5842476851852,9734.021944444445,40.28333333333333,1.0674389739346297
582,76561198381239848,2021-04-25 10:06:28+00:00,2021-04-25 10:06:28+00:00,43,0.0,0.0,7.216666666666667,5.958429561200924
583,76561198384351293,2020-05-31 07:46:15+00:00,2020-06-04 21:38:22+00:00,43,4.577858796296296,109.86861111111111,31.933333333333334,1.346555323590814
584,76561198385306369,2023-10-26 13:38:53+00:00,2023-10-26 13:38:53+00:00,43,0.0,0.0,5.4,7.962962962962963
585,76561198388606792,2021-01-18 15:26:57+00:00,2021-01-18 17:33:10+00:00,5,0.08765046296296296,2.1036111111111113,2.5833333333333335,1.9354838709677418
586,76561198397907105,2023-11-06 06:40:00+00:00,2023-11-06 06:40:00+00:00,43,0.0,0.0,3.8833333333333333,11.072961373390559
587,76561198404991183,2023-07-17 21:14:31+00:00,2023-07-17 21:14:31+00:00,43,0.0,0.0,2.1166666666666667,20.31496062992126
588,76561198407772607,2021-12-02 03:14:26+00:00,2021-12-02 03:14:26+00:00,43,0.0,0.0,3.05,14.098360655737705
589,76561198408792535,2025-07-04 11:16:56+00:00,2025-08-01 12:11:21+00:00,18,28.037789351851853,672.9069444444444,21.133333333333333,0.8517350157728707
590,76561198411619208,2021-10-29 10:09:16+00:00,2024-08-10 07:08:23+00:00,11,1015.874386574074,24380.985277777778,6.233333333333333,1.7647058823529411
591,76561198428261375,2021-02-16 09:41:27+00:00,2021-02-16 09:41:27+00:00,1,0.0,0.0,0.5833333333333334,1.7142857142857142
592,76561198430643843,2024-01-27 13:49:08+00:00,2024-01-27 13:49:08+00:00,43,0.0,0.0,3.716666666666667,11.569506726457398
593,76561198433683621,2020-03-28 04:04:09+00:00,2025-01-11 00:21:33+00:00,39,1749.8454166666668,41996.29,637.4833333333333,0.06117807001490235
594,76561198437120190,2024-05-11 22:03:48+00:00,2024-05-12 01:54:27+00:00,14,0.1601736111111111,3.8441666666666667,7065.05,0.0019815854098697108
595,76561198438963871,2023-10-30 12:50:15+00:00,2024-11-23 11:14:37+00:00,25,389.933587962963,9358.406111111111,75.71666666666667,0.3301782962799912
596,76561198441849452,2020-12-25 09:59:12+00:00,2021-10-03 21:41:34+00:00,43,282.48775462962965,6779.706111111111,305.0,0.14098360655737704
597,76561198802661056,2025-05-21 10:40:44+00:00,2025-05-21 10:40:44+00:00,1,0.0,0.0,3.6333333333333333,0.27522935779816515
598,76561198808556952,2023-05-21 14:57:45+00:00,2023-05-21 14:57:45+00:00,43,0.0,0.0,4.966666666666667,8.657718120805368
599,76561198821184379,2023-07-14 14:20:11+00:00,2023-07-14 14:20:11+00:00,43,0.0,0.0,1517.4333333333334,0.028337323990070953
600,76561198821331009,2021-05-13 13:02:39+00:00,2024-09-11 00:44:38+00:00,43,1216.487488425926,29195.699722222223,69.28333333333333,0.6206398845321145
601,76561198821393465,2023-04-19 11:13:37+00:00,2024-07-28 04:20:19+00:00,43,465.7129861111111,11177.111666666666,159.95,0.26883401062832135
602,76561198824036779,2021-06-23 17:52:11+00:00,2022-12-17 21:10:33+00:00,20,542.1377546296296,13011.306111111111,39.86666666666667,0.5016722408026756
603,76561198833431225,2024-05-03 12:10:05+00:00,2024-05-03 12:10:05+00:00,43,0.0,0.0,8.066666666666666,5.330578512396694
604,76561198834458897,2019-05-12 19:39:01+00:00,2023-03-21 02:54:53+00:00,43,1408.3026851851853,33799.264444444445,28.183333333333334,1.5257244234180958
605,76561198840301773,2019-07-03 16:33:14+00:00,2019-07-03 16:33:14+00:00,43,0.0,0.0,26.983333333333334,1.5935762816553427
606,76561198842269103,2021-01-09 22:27:15+00:00,2021-01-09 22:27:15+00:00,43,0.0,0.0,245.36666666666667,0.1752479282706154
607,76561198843434426,2021-04-20 12:28:35+00:00,2025-07-08 04:17:50+00:00,16,1539.659201388889,36951.82083333333,17.2,0.9302325581395349
608,76561198855518804,2022-08-23 11:43:18+00:00,2022-08-24 03:17:18+00:00,19,0.6486111111111111,15.566666666666666,5.033333333333333,3.774834437086093
609,76561198856841858,2022-04-05 11:13:45+00:00,2024-01-13 14:59:19+00:00,43,648.1566435185185,15555.759444444444,13.616666666666667,3.1578947368421053
610,76561198857139749,2023-07-04 18:31:39+00:00,2023-07-04 18:31:39+00:00,43,0.0,0.0,5.133333333333334,8.376623376623376
611,76561198858649255,2023-07-03 06:28:03+00:00,2023-07-06 12:11:13+00:00,43,3.238310185185185,77.71944444444445,35.75,1.2027972027972027
612,76561198859876894,2019-01-10 19:56:41+00:00,2024-04-01 01:42:05+00:00,15,1907.2398611111112,45773.75666666667,14.016666666666667,1.070154577883472
613,76561198861426666,2024-06-29 06:39:52+00:00,2024-06-29 06:46:46+00:00,3,0.004791666666666666,0.115,5.033333333333333,0.5960264900662252
614,76561198868119380,2023-11-10 03:58:09+00:00,2024-01-16 23:05:34+00:00,43,67.79681712962963,1627.1236111111111,741.3833333333333,0.05799968527302565
615,76561198870916350,2021-07-21 01:31:16+00:00,2023-09-20 19:59:28+00:00,43,791.7695833333333,19002.47,72.93333333333334,0.5895795246800731
616,76561198871277392,2023-05-13 07:31:45+00:00,2023-08-31 18:50:01+00:00,43,110.47101851851852,2651.3044444444445,142.06666666666666,0.3026748005631159
617,76561198878464160,2023-01-28 11:54:48+00:00,2023-01-28 11:54:48+00:00,43,0.0,0.0,5.183333333333334,8.295819935691318
618,76561198879557541,2024-04-30 06:26:48+00:00,2025-03-14 09:48:44+00:00,43,318.14023148148146,7635.365555555555,19.133333333333333,2.2473867595818815
619,76561198882715997,2022-03-07 06:10:56+00:00,2023-09-01 06:21:10+00:00,43,543.0071064814815,13032.170555555556,27.25,1.5779816513761469
620,76561198946305329,2024-06-12 15:18:00+00:00,2024-08-07 06:59:02+00:00,27,55.65349537037037,1335.683888888889,39.75,0.6792452830188679
621,76561198969624940,2020-07-21 22:15:18+00:00,2022-07-28 06:02:36+00:00,43,736.3245138888889,17671.788333333334,92.76666666666667,0.4635285662953647
622,76561198970568869,2024-01-02 02:16:13+00:00,2024-06-25 03:51:26+00:00,15,175.06612268518518,4201.586944444444,9.666666666666666,1.5517241379310345
623,76561198971397766,2021-01-21 20:35:20+00:00,2021-08-05 08:43:15+00:00,43,195.5054976851852,4692.131944444444,26.316666666666666,1.6339455351488283
624,76561198971959226,2021-08-26 19:43:02+00:00,2022-08-23 21:05:54+00:00,13,362.0575462962963,8689.381111111112,13.333333333333334,0.975
625,76561198972315676,2021-05-29 11:27:45+00:00,2025-07-19 14:19:05+00:00,16,1512.1189814814816,36290.85555555556,7.766666666666667,2.060085836909871
626,76561198973499974,2020-07-05 14:38:44+00:00,2020-07-05 14:38:44+00:00,43,0.0,0.0,30.116666666666667,1.4277808522412838
627,76561198974195624,2020-02-29 08:46:01+00:00,2020-11-27 20:27:05+00:00,43,272.48685185185184,6539.684444444444,102.18333333333334,0.42081226553580164
628,76561198978667010,2024-05-05 07:00:26+00:00,2024-05-05 07:20:26+00:00,4,0.013888888888888888,0.3333333333333333,11.283333333333333,0.35450516986706054
629,76561198991688065,2021-10-29 09:41:26+00:00,2023-06-23 15:24:45+00:00,43,602.2384143518518,14453.721944444444,5.25,8.19047619047619
630,76561198993697628,2023-12-02 07:24:32+00:00,2024-07-03 00:58:26+00:00,27,213.731875,5129.565,29.5,0.9152542372881356
631,76561198994062628,2022-08-10 15:37:34+00:00,2023-04-14 03:55:12+00:00,43,246.51224537037038,5916.293888888889,40.5,1.0617283950617284
632,76561198995500311,2023-07-05 06:10:03+00:00,2023-07-05 06:10:03+00:00,43,0.0,0.0,19.2,2.2395833333333335
633,76561199010174438,2023-02-28 08:06:50+00:00,2024-11-20 12:41:01+00:00,17,631.1904050925926,15148.569722222222,24.416666666666668,0.6962457337883958
634,76561199023324482,2021-04-22 01:35:32+00:00,2021-06-20 06:52:26+00:00,43,59.22006944444445,1421.2816666666668,3.1666666666666665,13.578947368421053
635,76561199024473554,2023-03-22 20:04:55+00:00,2023-07-22 11:38:42+00:00,43,121.64846064814814,2919.5630555555554,6.966666666666667,6.172248803827751
636,76561199024652319,2021-06-25 17:13:55+00:00,2021-06-25 17:13:55+00:00,43,0.0,0.0,16.966666666666665,2.5343811394891946
637,76561199032279097,2021-02-10 09:38:51+00:00,2022-05-03 04:38:20+00:00,38,446.79130787037036,10722.99138888889,49.65,0.7653575025176234
638,76561199041710124,2023-08-30 13:14:28+00:00,2025-07-02 08:44:39+00:00,14,671.8126273148148,16123.503055555555,8.533333333333333,1.640625
639,76561199053439300,2024-07-25 10:35:24+00:00,2024-07-25 17:11:53+00:00,9,0.27533564814814815,6.608055555555556,3.7,2.4324324324324325
640,76561199078295060,2023-05-21 02:11:44+00:00,2023-12-16 05:34:38+00:00,43,209.14090277777777,5019.381666666667,51.68333333333333,0.8319896807481458
641,76561199082492152,2022-04-05 10:07:51+00:00,2023-01-05 14:11:17+00:00,43,275.16905092592594,6604.057222222223,30.916666666666668,1.3908355795148248
642,76561199089502145,2023-07-04 00:40:33+00:00,2023-08-19 00:47:27+00:00,43,46.00479166666667,1104.115,3.6333333333333333,11.8348623853211
643,76561199090560394,2023-04-17 07:29:14+00:00,2023-04-17 07:29:14+00:00,43,0.0,0.0,6.35,6.771653543307087
644,76561199093489500,2023-07-05 01:48:39+00:00,2023-07-05 01:48:39+00:00,43,0.0,0.0,39.56666666666667,1.0867733782645324
645,76561199095412999,2022-12-11 06:42:28+00:00,2022-12-11 06:42:28+00:00,43,0.0,0.0,6.333333333333333,6.7894736842105265
646,76561199101355475,2022-10-29 07:37:36+00:00,2022-12-23 08:41:13+00:00,43,55.04417824074074,1321.0602777777779,51.4,0.8365758754863813
647,76561199107784153,2023-05-28 00:41:58+00:00,2024-03-09 15:31:17+00:00,36,286.61758101851854,6878.821944444445,354.68333333333334,0.10149898970913021
648,76561199139776481,2025-07-29 07:27:48+00:00,2025-07-29 07:46:57+00:00,8,0.013298611111111112,0.31916666666666665,193.43333333333334,0.04135791831811132
649,76561199141671103,2023-02-10 12:42:45+00:00,2023-02-10 12:42:45+00:00,43,0.0,0.0,6.65,6.466165413533834
650,76561199143126237,2024-02-05 09:09:31+00:00,2024-02-05 09:16:11+00:00,3,0.004629629629629629,0.1111111111111111,10.4,0.28846153846153844
651,76561199147591258,2022-08-12 10:22:39+00:00,2023-02-24 14:33:44+00:00,43,196.17436342592592,4708.184722222222,3.5833333333333335,12.0
652,76561199149568784,2021-04-20 03:07:00+00:00,2021-04-20 03:07:00+00:00,43,0.0,0.0,269.0,0.15985130111524162
653,76561199158305270,2021-06-02 04:55:59+00:00,2021-12-27 22:35:17+00:00,43,208.735625,5009.655,119.78333333333333,0.3589814943648254
654,76561199174906677,2023-07-06 04:04:26+00:00,2023-07-06 04:04:26+00:00,43,0.0,0.0,15.633333333333333,2.750533049040512
655,76561199182283731,2022-04-09 22:59:51+00:00,2022-04-10 08:03:38+00:00,43,0.3776273148148148,9.063055555555556,20.15,2.133995037220844
656,76561199198032723,2023-03-10 17:17:39+00:00,2023-03-10 17:17:39+00:00,43,0.0,0.0,4.95,8.686868686868687
657,76561199200862532,2024-03-17 07:29:09+00:00,2024-04-06 09:41:18+00:00,43,20.09177083333333,482.2025,34.71666666666667,1.2385981757081133
658,76561199208306587,2022-02-10 08:54:16+00:00,2022-02-10 09:17:54+00:00,43,0.016412037037037037,0.3938888888888889,10.816666666666666,3.9753466872110943
659,76561199211843965,2025-02-14 14:00:16+00:00,2025-02-14 14:00:16+00:00,43,0.0,0.0,577.5833333333334,0.07444813158274419
660,76561199223078836,2023-03-18 12:54:17+00:00,2023-04-23 18:25:54+00:00,43,36.23028935185185,869.5269444444444,2.966666666666667,14.494382022471909
661,76561199257765441,2023-10-13 10:42:07+00:00,2023-11-12 12:25:34+00:00,43,30.071840277777778,721.7241666666666,23.25,1.8494623655913978
662,76561199266591526,2023-02-22 13:48:34+00:00,2023-11-16 08:38:05+00:00,43,266.78438657407406,6402.825277777778,18.166666666666668,2.36697247706422
663,76561199335324815,2023-11-02 06:50:20+00:00,2024-02-10 06:34:00+00:00,6,99.9886574074074,2399.7277777777776,4.6,1.3043478260869565
664,76561199376571327,2022-08-01 14:12:04+00:00,2022-08-01 14:12:04+00:00,43,0.0,0.0,22.5,1.9111111111111112
665,76561199383273506,2024-09-13 16:40:14+00:00,2024-09-29 03:46:52+00:00,25,15.462939814814815,371.11055555555555,60.2,0.4152823920265781
666,76561199419240894,2023-10-21 06:07:34+00:00,2023-10-21 06:07:34+00:00,43,0.0,0.0,6.6,6.515151515151516
667,76561199444502697,2024-01-29 07:28:06+00:00,2024-04-08 00:48:23+00:00,43,69.72241898148148,1673.3380555555555,2233.516666666667,0.01925215094283305
668,76561199528084889,2023-10-29 10:58:17+00:00,2023-10-29 10:58:17+00:00,43,0.0,0.0,7.633333333333334,5.633187772925764
