steamid,playtime_forever,achievement_count,crafting_count,crafting_percent,combat_count,combat_percent,exploration_count,exploration_percent,death_count,death_percent,leveling_count,leveling_percent,survival_count,survival_percent,efficiency_score
76561198040600573,430,43,8,1.0,15,1.0,6,1.0,4,1.0,5,1.0,5,1.0,0.1
76561198025391492,741,16,5,0.625,3,0.2,1,0.16666666666666666,3,0.75,2,0.4,2,0.4,0.021592442645074223
76561197969100147,478,0,0,0.0,0,0.0,0,0.0,0,0.0,0,0.0,0,0.0,0.0
76561198037802252,442,3,2,0.25,0,0.0,0,0.0,1,0.25,0,0.0,0,0.0,0.006787330316742082
76561198833431225,484,43,8,1.0,15,1.0,6,1.0,4,1.0,5,1.0,5,1.0,0.08884297520661157
76561198015749826,1321,14,4,0.5,3,0.2,2,0.3333333333333333,2,0.5,1,0.2,2,0.4,0.010598031794095382
76561198033263509,4184,43,8,1.0,15,1.0,6,1.0,4,1.0,5,1.0,5,1.0,0.010277246653919695
76561198219728397,191,43,8,1.0,15,1.0,6,1.0,4,1.0,5,1.0,5,1.0,0.225130890052356
76561197997697109,655,0,0,0.0,0,0.0,0,0.0,0,0.0,0,0.0,0,0.0,0.0
76561198025859378,2973,43,8,1.0,15,1.0,6,1.0,4,1.0,5,1.0,5,1.0,0.01446350487722839
76561198098132374,150,0,0,0.0,0,0.0,0,0.0,0,0.0,0,0.0,0,0.0,0.0
76561198261994200,187,43,8,1.0,15,1.0,6,1.0,4,1.0,5,1.0,5,1.0,0.22994652406417113
76561198118371170,783,0,0,0.0,0,0.0,0,0.0,0,0.0,0,0.0,0,0.0,0.0
76561198012557600,1732,23,4,0.5,7,0.4666666666666667,2,0.3333333333333333,1,0.25,4,0.8,5,1.0,0.013279445727482679
76561198132235994,250,0,0,0.0,0,0.0,0,0.0,0,0.0,0,0.0,0,0.0,0.0
76561198028125071,565,0,0,0.0,0,0.0,0,0.0,0,0.0,0,0.0,0,0.0,0.0
76561199223078836,178,43,8,1.0,15,1.0,6,1.0,4,1.0,5,1.0,5,1.0,0.24157303370786518
76561198118421272,131,0,0,0.0,0,0.0,0,0.0,0,0.0,0,0.0,0,0.0,0.0
76561198113457184,470,0,0,0.0,0,0.0,0,0.0,0,0.0,0,0.0,0,0.0,0.0
76561198003319092,3279,43,8,1.0,15,1.0,6,1.0,4,1.0,5,1.0,5,1.0,0.013113754193351632
76561199266591526,1090,43,8,1.0,15,1.0,6,1.0,4,1.0,5,1.0,5,1.0,0.03944954128440367
76561198042619868,4928,40,8,1.0,15,1.0,5,0.8333333333333334,4,1.0,5,1.0,3,0.6,0.008116883116883116
76561198300270231,458,0,0,0.0,0,0.0,0,0.0,0,0.0,0,0.0,0,0.0,0.0
76561197988167503,578,0,0,0.0,0,0.0,0,0.0,0,0.0,0,0.0,0,0.0,0.0
76561198851670847,341,0,0,0.0,0,0.0,0,0.0,0,0.0,0,0.0,0,0.0,0.0
76561198005648447,1613,18,6,0.75,6,0.4,2,0.3333333333333333,0,0.0,1,0.2,3,0.6,0.011159330440173589
76561198063348352,444,0,0,0.0,0,0.0,0,0.0,0,0.0,0,0.0,0,0.0,0.0
76561198033338283,3895,43,8,1.0,15,1.0,6,1.0,4,1.0,5,1.0,5,1.0,0.011039794608472401
76561197999339700,552,0,0,0.0,0,0.0,0,0.0,0,0.0,0,0.0,0,0.0,0.0
76561199419240894,396,43,8,1.0,15,1.0,6,1.0,4,1.0,5,1.0,5,1.0,0.10858585858585859
76561198087089368,455,0,0,0.0,0,0.0,0,0.0,0,0.0,0,0.0,0,0.0,0.0
76561197995828394,1146,27,5,0.625,11,0.7333333333333333,2,0.3333333333333333,4,1.0,3,0.6,2,0.4,0.02356020942408377
76561197969417973,4907,43,8,1.0,15,1.0,6,1.0,4,1.0,5,1.0,5,1.0,0.008762991644589362
76561198011979289,386,0,0,0.0,0,0.0,0,0.0,0,0.0,0,0.0,0,0.0,0.0
76561198339323993,215,0,0,0.0,0,0.0,0,0.0,0,0.0,0,0.0,0,0.0,0.0
76561198236381260,11879,43,8,1.0,15,1.0,6,1.0,4,1.0,5,1.0,5,1.0,0.0036198333193029715
76561198092042574,539,43,8,1.0,15,1.0,6,1.0,4,1.0,5,1.0,5,1.0,0.07977736549165121
76561198022898802,4528,43,8,1.0,15,1.0,6,1.0,4,1.0,5,1.0,5,1.0,0.009496466431095406
76561198026221141,393,0,0,0.0,0,0.0,0,0.0,0,0.0,0,0.0,0,0.0,0.0
76561197985841875,194,0,0,0.0,0,0.0,0,0.0,0,0.0,0,0.0,0,0.0,0.0
76561198046642155,508,9,4,0.5,2,0.13333333333333333,0,0.0,1,0.25,1,0.2,1,0.2,0.017716535433070866
76561199024473554,418,43,8,1.0,15,1.0,6,1.0,4,1.0,5,1.0,5,1.0,0.10287081339712918
76561198033808029,272,0,0,0.0,0,0.0,0,0.0,0,0.0,0,0.0,0,0.0,0.0
76561198040178115,397,0,0,0.0,0,0.0,0,0.0,0,0.0,0,0.0,0,0.0,0.0
76561198094413234,3492,43,8,1.0,15,1.0,6,1.0,4,1.0,5,1.0,5,1.0,0.012313860252004582
76561198335061024,454,0,0,0.0,0,0.0,0,0.0,0,0.0,0,0.0,0,0.0,0.0
76561197967540452,1490,0,0,0.0,0,0.0,0,0.0,0,0.0,0,0.0,0,0.0,0.0
76561198353518467,6941,43,8,1.0,15,1.0,6,1.0,4,1.0,5,1.0,5,1.0,0.006195072756087019
76561198025111129,188,0,0,0.0,0,0.0,0,0.0,0,0.0,0,0.0,0,0.0,0.0
76561198051177321,1459,13,6,0.75,2,0.13333333333333333,1,0.16666666666666666,1,0.25,1,0.2,2,0.4,0.008910212474297465
76561198167940370,6290,20,5,0.625,5,0.3333333333333333,2,0.3333333333333333,4,1.0,2,0.4,2,0.4,0.003179650238473768
76561198046878168,359,2,2,0.25,0,0.0,0,0.0,0,0.0,0,0.0,0,0.0,0.005571030640668524
76561197995281961,570,0,0,0.0,0,0.0,0,0.0,0,0.0,0,0.0,0,0.0,0.0
76561198197031430,253,0,0,0.0,0,0.0,0,0.0,0,0.0,0,0.0,0,0.0,0.0
76561198174102790,383,43,8,1.0,15,1.0,6,1.0,4,1.0,5,1.0,5,1.0,0.1122715404699739
76561198006766715,11189,40,8,1.0,15,1.0,4,0.6666666666666666,3,0.75,5,1.0,5,1.0,0.00357493967289302
76561199158305270,7187,43,8,1.0,15,1.0,6,1.0,4,1.0,5,1.0,5,1.0,0.005983024906080423
76561198033624455,38,0,0,0.0,0,0.0,0,0.0,0,0.0,0,0.0,0,0.0,0.0
76561197994575642,352,0,0,0.0,0,0.0,0,0.0,0,0.0,0,0.0,0,0.0,0.0
76561198025618418,9321,37,8,1.0,11,0.7333333333333333,6,1.0,4,1.0,4,0.8,4,0.8,0.003969531166183886
76561198840301773,1619,43,8,1.0,15,1.0,6,1.0,4,1.0,5,1.0,5,1.0,0.026559604694255712
76561198067208458,529,0,0,0.0,0,0.0,0,0.0,0,0.0,0,0.0,0,0.0,0.0
76561197973230221,160,0,0,0.0,0,0.0,0,0.0,0,0.0,0,0.0,0,0.0,0.0
76561198159216159,297,0,0,0.0,0,0.0,0,0.0,0,0.0,0,0.0,0,0.0,0.0
76561198047414009,3730,33,8,1.0,10,0.6666666666666666,5,0.8333333333333334,4,1.0,3,0.6,3,0.6,0.008847184986595175
76561198141150947,182,0,0,0.0,0,0.0,0,0.0,0,0.0,0,0.0,0,0.0,0.0
76561197979667190,141,0,0,0.0,0,0.0,0,0.0,0,0.0,0,0.0,0,0.0,0.0
76561198344068866,2555,43,8,1.0,15,1.0,6,1.0,4,1.0,5,1.0,5,1.0,0.016829745596868884
76561197990481530,361,0,0,0.0,0,0.0,0,0.0,0,0.0,0,0.0,0,0.0,0.0
76561198275649621,3225,43,8,1.0,15,1.0,6,1.0,4,1.0,5,1.0,5,1.0,0.013333333333333334
76561198153525620,10724,43,8,1.0,15,1.0,6,1.0,4,1.0,5,1.0,5,1.0,0.004009697873927639
76561198081008157,390,0,0,0.0,0,0.0,0,0.0,0,0.0,0,0.0,0,0.0,0.0
76561197962838085,38,0,0,0.0,0,0.0,0,0.0,0,0.0,0,0.0,0,0.0,0.0
76561198128578271,386,43,8,1.0,15,1.0,6,1.0,4,1.0,5,1.0,5,1.0,0.11139896373056994
76561198057078777,8138,43,8,1.0,15,1.0,6,1.0,4,1.0,5,1.0,5,1.0,0.005283853526665028
76561198024926277,140,6,4,0.5,2,0.13333333333333333,0,0.0,0,0.0,0,0.0,0,0.0,0.04285714285714286
76561198217979953,347,0,0,0.0,0,0.0,0,0.0,0,0.0,0,0.0,0,0.0,0.0
76561198041885150,133,0,0,0.0,0,0.0,0,0.0,0,0.0,0,0.0,0,0.0,0.0
76561198083142373,716,3,3,0.375,0,0.0,0,0.0,0,0.0,0,0.0,0,0.0,0.004189944134078212
76561197997946137,439,0,0,0.0,0,0.0,0,0.0,0,0.0,0,0.0,0,0.0,0.0
76561198023327915,176,0,0,0.0,0,0.0,0,0.0,0,0.0,0,0.0,0,0.0,0.0
76561198079772364,129,0,0,0.0,0,0.0,0,0.0,0,0.0,0,0.0,0,0.0,0.0
76561197993579927,5231,32,7,0.875,10,0.6666666666666666,3,0.5,4,1.0,4,0.8,4,0.8,0.006117377174536418
76561198058291396,559,0,0,0.0,0,0.0,0,0.0,0,0.0,0,0.0,0,0.0,0.0
76561198879405845,429,0,0,0.0,0,0.0,0,0.0,0,0.0,0,0.0,0,0.0,0.0
76561198001873585,309,2,0,0.0,2,0.13333333333333333,0,0.0,0,0.0,0,0.0,0,0.0,0.006472491909385114
76561199257765441,1395,43,8,1.0,15,1.0,6,1.0,4,1.0,5,1.0,5,1.0,0.03082437275985663
76561198971959226,800,13,5,0.625,3,0.2,1,0.16666666666666666,2,0.5,1,0.2,1,0.2,0.01625
76561198187410553,2200,23,7,0.875,4,0.26666666666666666,2,0.3333333333333333,4,1.0,4,0.8,2,0.4,0.010454545454545454
76561198048285800,254,43,8,1.0,15,1.0,6,1.0,4,1.0,5,1.0,5,1.0,0.16929133858267717
76561198032591844,888,7,4,0.5,1,0.06666666666666667,0,0.0,1,0.25,1,0.2,0,0.0,0.007882882882882882
76561198000413287,484,6,1,0.125,2,0.13333333333333333,1,0.16666666666666666,2,0.5,0,0.0,0,0.0,0.012396694214876033
76561198007609033,535,0,0,0.0,0,0.0,0,0.0,0,0.0,0,0.0,0,0.0,0.0
76561197976602082,6935,26,7,0.875,6,0.4,3,0.5,3,0.75,4,0.8,3,0.6,0.003749098774333093
76561198352272979,3365,43,8,1.0,15,1.0,6,1.0,4,1.0,5,1.0,5,1.0,0.012778603268945022
76561198249392362,403,0,0,0.0,0,0.0,0,0.0,0,0.0,0,0.0,0,0.0,0.0
76561197971204006,588,4,3,0.375,1,0.06666666666666667,0,0.0,0,0.0,0,0.0,0,0.0,0.006802721088435374
76561198004006226,517,0,0,0.0,0,0.0,0,0.0,0,0.0,0,0.0,0,0.0,0.0
76561198994062628,2430,43,8,1.0,15,1.0,6,1.0,4,1.0,5,1.0,5,1.0,0.017695473251028805
76561198995500311,1152,43,8,1.0,15,1.0,6,1.0,4,1.0,5,1.0,5,1.0,0.03732638888888889
76561198041298094,744,18,5,0.625,8,0.5333333333333333,1,0.16666666666666666,2,0.5,1,0.2,1,0.2,0.024193548387096774
76561198060410834,2671,0,0,0.0,0,0.0,0,0.0,0,0.0,0,0.0,0,0.0,0.0
76561198407772607,183,43,8,1.0,15,1.0,6,1.0,4,1.0,5,1.0,5,1.0,0.23497267759562843
76561198034096440,5330,43,8,1.0,15,1.0,6,1.0,4,1.0,5,1.0,5,1.0,0.008067542213883677
76561198207088253,222,0,0,0.0,0,0.0,0,0.0,0,0.0,0,0.0,0,0.0,0.0
76561198043828654,438,0,0,0.0,0,0.0,0,0.0,0,0.0,0,0.0,0,0.0,0.0
76561198843434426,1032,16,5,0.625,4,0.26666666666666666,2,0.3333333333333333,3,0.75,1,0.2,1,0.2,0.015503875968992248
76561198023116710,6159,43,8,1.0,15,1.0,6,1.0,4,1.0,5,1.0,5,1.0,0.006981652865724956
76561198062505918,4190,7,5,0.625,1,0.06666666666666667,0,0.0,1,0.25,0,0.0,0,0.0,0.0016706443914081145
76561198368799839,456,0,0,0.0,0,0.0,0,0.0,0,0.0,0,0.0,0,0.0,0.0
76561197997112174,255,3,1,0.125,1,0.06666666666666667,0,0.0,1,0.25,0,0.0,0,0.0,0.011764705882352941
76561199141671103,399,43,8,1.0,15,1.0,6,1.0,4,1.0,5,1.0,5,1.0,0.10776942355889724
76561197998096051,4598,43,8,1.0,15,1.0,6,1.0,4,1.0,5,1.0,5,1.0,0.009351892127011744
76561198058416969,6412,43,8,1.0,15,1.0,6,1.0,4,1.0,5,1.0,5,1.0,0.006706175920149719
76561198025146852,154,5,4,0.5,0,0.0,0,0.0,1,0.25,0,0.0,0,0.0,0.032467532467532464
76561199053439300,222,9,5,0.625,3,0.2,0,0.0,1,0.25,0,0.0,0,0.0,0.04054054054054054
76561199208306587,649,43,8,1.0,15,1.0,6,1.0,4,1.0,5,1.0,5,1.0,0.0662557781201849
76561198074783710,5905,41,8,1.0,14,0.9333333333333333,5,0.8333333333333334,4,1.0,5,1.0,5,1.0,0.006943268416596105
76561197993279741,72,4,4,0.5,0,0.0,0,0.0,0,0.0,0,0.0,0,0.0,0.05555555555555555
76561197990233857,505,0,0,0.0,0,0.0,0,0.0,0,0.0,0,0.0,0,0.0,0.0
76561198133918114,2723,20,5,0.625,4,0.26666666666666666,2,0.3333333333333333,4,1.0,4,0.8,1,0.2,0.007344840249724568
76561197982946417,262,0,0,0.0,0,0.0,0,0.0,0,0.0,0,0.0,0,0.0,0.0
76561197999659168,786,0,0,0.0,0,0.0,0,0.0,0,0.0,0,0.0,0,0.0,0.0
76561198035780173,455,0,0,0.0,0,0.0,0,0.0,0,0.0,0,0.0,0,0.0,0.0
76561198057329243,140,0,0,0.0,0,0.0,0,0.0,0,0.0,0,0.0,0,0.0,0.0
76561198130370824,475,15,2,0.25,5,0.3333333333333333,4,0.6666666666666666,4,1.0,0,0.0,0,0.0,0.031578947368421054
76561198165492519,229,43,8,1.0,15,1.0,6,1.0,4,1.0,5,1.0,5,1.0,0.18777292576419213
76561198000711279,204,6,2,0.25,1,0.06666666666666667,1,0.16666666666666666,0,0.0,1,0.2,1,0.2,0.029411764705882353
76561198162399308,1210,1,0,0.0,1,0.06666666666666667,0,0.0,0,0.0,0,0.0,0,0.0,0.0008264462809917355
76561198049291468,1037,0,0,0.0,0,0.0,0,0.0,0,0.0,0,0.0,0,0.0,0.0
76561198055326676,420,0,0,0.0,0,0.0,0,0.0,0,0.0,0,0.0,0,0.0,0.0
76561198041689171,2575,0,0,0.0,0,0.0,0,0.0,0,0.0,0,0.0,0,0.0,0.0
76561197988672858,413,0,0,0.0,0,0.0,0,0.0,0,0.0,0,0.0,0,0.0,0.0
76561198173819274,12472,43,8,1.0,15,1.0,6,1.0,4,1.0,5,1.0,5,1.0,0.0034477228992944196
76561198102380468,10122,42,8,1.0,15,1.0,6,1.0,4,1.0,4,0.8,5,1.0,0.004149377593360996
76561198161507346,2370,43,8,1.0,15,1.0,6,1.0,4,1.0,5,1.0,5,1.0,0.018143459915611813
76561198187763739,812,43,8,1.0,15,1.0,6,1.0,4,1.0,5,1.0,5,1.0,0.05295566502463054
76561198161310076,333,0,0,0.0,0,0.0,0,0.0,0,0.0,0,0.0,0,0.0,0.0
76561198009474997,3035,43,8,1.0,15,1.0,6,1.0,4,1.0,5,1.0,5,1.0,0.014168039538714991
76561198160320827,5288,23,6,0.75,5,0.3333333333333333,3,0.5,2,0.5,3,0.6,4,0.8,0.00434947049924357
76561198067040444,413,7,2,0.25,1,0.06666666666666667,1,0.16666666666666666,1,0.25,1,0.2,1,0.2,0.01694915254237288
76561198074104374,654,0,0,0.0,0,0.0,0,0.0,0,0.0,0,0.0,0,0.0,0.0
76561198076917180,6866,38,7,0.875,15,1.0,4,0.6666666666666666,4,1.0,4,0.8,4,0.8,0.005534517914360618
76561198007759830,74,0,0,0.0,0,0.0,0,0.0,0,0.0,0,0.0,0,0.0,0.0
76561198049211014,523,0,0,0.0,0,0.0,0,0.0,0,0.0,0,0.0,0,0.0,0.0
76561198870916350,4376,43,8,1.0,15,1.0,6,1.0,4,1.0,5,1.0,5,1.0,0.009826325411334552
76561197974925353,8053,34,8,1.0,10,0.6666666666666666,3,0.5,4,1.0,5,1.0,4,0.8,0.004222029057494102
76561198026716698,344,5,3,0.375,1,0.06666666666666667,0,0.0,1,0.25,0,0.0,0,0.0,0.014534883720930232
76561198065617084,426,0,0,0.0,0,0.0,0,0.0,0,0.0,0,0.0,0,0.0,0.0
76561198015859524,2304,43,8,1.0,15,1.0,6,1.0,4,1.0,5,1.0,5,1.0,0.018663194444444444
76561198350365789,4887,43,8,1.0,15,1.0,6,1.0,4,1.0,5,1.0,5,1.0,0.008798854102721507
76561198858649255,2145,43,8,1.0,15,1.0,6,1.0,4,1.0,5,1.0,5,1.0,0.020046620046620046
76561198404991183,127,43,8,1.0,15,1.0,6,1.0,4,1.0,5,1.0,5,1.0,0.33858267716535434
76561198019184877,547,43,8,1.0,15,1.0,6,1.0,4,1.0,5,1.0,5,1.0,0.07861060329067641
76561198119650667,4635,43,8,1.0,15,1.0,6,1.0,4,1.0,5,1.0,5,1.0,0.009277238403451996
76561198059373650,188,0,0,0.0,0,0.0,0,0.0,0,0.0,0,0.0,0,0.0,0.0
76561198019621629,11955,31,8,1.0,7,0.4666666666666667,3,0.5,4,1.0,5,1.0,4,0.8,0.0025930572982015895
76561197960643486,479,0,0,0.0,0,0.0,0,0.0,0,0.0,0,0.0,0,0.0,0.0
76561198046621479,143,0,0,0.0,0,0.0,0,0.0,0,0.0,0,0.0,0,0.0,0.0
76561198013369902,2277,15,5,0.625,4,0.26666666666666666,2,0.3333333333333333,1,0.25,1,0.2,2,0.4,0.006587615283267457
76561197977010834,517,0,0,0.0,0,0.0,0,0.0,0,0.0,0,0.0,0,0.0,0.0
76561197972616894,4254,16,5,0.625,3,0.2,2,0.3333333333333333,2,0.5,2,0.4,2,0.4,0.0037611659614480487
76561197998337907,353,0,0,0.0,0,0.0,0,0.0,0,0.0,0,0.0,0,0.0,0.0
76561199032279097,2979,38,8,1.0,14,0.9333333333333333,4,0.6666666666666666,4,1.0,4,0.8,4,0.8,0.012755958375293723
76561197981111953,139,0,0,0.0,0,0.0,0,0.0,0,0.0,0,0.0,0,0.0,0.0
76561197979803978,474,12,4,0.5,2,0.13333333333333333,1,0.16666666666666666,1,0.25,2,0.4,2,0.4,0.02531645569620253
76561199139776481,11606,8,0,0.0,6,0.4,1,0.16666666666666666,0,0.0,1,0.2,0,0.0,0.0006892986386351886
76561198039417534,188,7,5,0.625,0,0.0,2,0.3333333333333333,0,0.0,0,0.0,0,0.0,0.03723404255319149
76561197998949214,7315,34,7,0.875,11,0.7333333333333333,5,0.8333333333333334,3,0.75,5,1.0,3,0.6,0.0046479835953520164
76561198050890851,547,0,0,0.0,0,0.0,0,0.0,0,0.0,0,0.0,0,0.0,0.0
76561197982617834,170,10,4,0.5,1,0.06666666666666667,1,0.16666666666666666,1,0.25,2,0.4,1,0.2,0.058823529411764705
76561198041891495,168,0,0,0.0,0,0.0,0,0.0,0,0.0,0,0.0,0,0.0,0.0
76561197961864608,11417,38,8,1.0,12,0.8,5,0.8333333333333334,4,1.0,5,1.0,4,0.8,0.0033283699745992818
76561198093999461,251,0,0,0.0,0,0.0,0,0.0,0,0.0,0,0.0,0,0.0,0.0
76561198073789253,246,0,0,0.0,0,0.0,0,0.0,0,0.0,0,0.0,0,0.0,0.0
76561198338219143,4523,29,5,0.625,10,0.6666666666666666,3,0.5,3,0.75,4,0.8,4,0.8,0.006411673667919522
76561197993312863,151,0,0,0.0,0,0.0,0,0.0,0,0.0,0,0.0,0,0.0,0.0
76561198126267465,11157,43,8,1.0,15,1.0,6,1.0,4,1.0,5,1.0,5,1.0,0.00385408263870216
76561198000000375,964,4,3,0.375,0,0.0,0,0.0,1,0.25,0,0.0,0,0.0,0.004149377593360996
76561198025223542,572,0,0,0.0,0,0.0,0,0.0,0,0.0,0,0.0,0,0.0,0.0
76561198112672661,165,3,2,0.25,0,0.0,0,0.0,1,0.25,0,0.0,0,0.0,0.01818181818181818
76561198096609152,709,17,6,0.75,3,0.2,2,0.3333333333333333,1,0.25,3,0.6,2,0.4,0.023977433004231313
76561198991688065,315,43,8,1.0,15,1.0,6,1.0,4,1.0,5,1.0,5,1.0,0.1365079365079365
76561198027904347,3928,19,6,0.75,6,0.4,3,0.5,1,0.25,3,0.6,0,0.0,0.004837067209775967
76561197964134665,7609,43,8,1.0,15,1.0,6,1.0,4,1.0,5,1.0,5,1.0,0.005651202523327638
76561198350679649,3197,0,0,0.0,0,0.0,0,0.0,0,0.0,0,0.0,0,0.0,0.0
76561199383273506,3612,25,7,0.875,6,0.4,4,0.6666666666666666,3,0.75,2,0.4,3,0.6,0.0069213732004429675
76561198025038660,3951,27,4,0.5,9,0.6,3,0.5,2,0.5,4,0.8,5,1.0,0.00683371298405467
76561197970812258,5189,43,8,1.0,15,1.0,6,1.0,4,1.0,5,1.0,5,1.0,0.008286760454808249
76561198029262157,3564,43,8,1.0,15,1.0,6,1.0,4,1.0,5,1.0,5,1.0,0.012065095398428732
76561198041625770,2846,21,5,0.625,5,0.3333333333333333,2,0.3333333333333333,3,0.75,3,0.6,3,0.6,0.007378777231201687
76561198024038675,258,0,0,0.0,0,0.0,0,0.0,0,0.0,0,0.0,0,0.0,0.0
76561198016344025,742,13,5,0.625,2,0.13333333333333333,1,0.16666666666666666,1,0.25,2,0.4,2,0.4,0.01752021563342318
76561197997788394,8712,43,8,1.0,15,1.0,6,1.0,4,1.0,5,1.0,5,1.0,0.004935720844811754
76561198125238941,181,5,1,0.125,0,0.0,4,0.6666666666666666,0,0.0,0,0.0,0,0.0,0.027624309392265192
76561198136969425,158,0,0,0.0,0,0.0,0,0.0,0,0.0,0,0.0,0,0.0,0.0
76561198078497262,6364,43,8,1.0,15,1.0,6,1.0,4,1.0,5,1.0,5,1.0,0.006756756756756757
76561198274950775,866,43,8,1.0,15,1.0,6,1.0,4,1.0,5,1.0,5,1.0,0.049653579676674366
76561198028922089,2803,43,8,1.0,15,1.0,6,1.0,4,1.0,5,1.0,5,1.0,0.015340706386014985
76561198004859223,419,2,1,0.125,1,0.06666666666666667,0,0.0,0,0.0,0,0.0,0,0.0,0.00477326968973747
76561198002555892,611,0,0,0.0,0,0.0,0,0.0,0,0.0,0,0.0,0,0.0,0.0
76561197991361144,914,14,6,0.75,3,0.2,2,0.3333333333333333,2,0.5,1,0.2,0,0.0,0.015317286652078774
76561198118069340,2016,43,8,1.0,15,1.0,6,1.0,4,1.0,5,1.0,5,1.0,0.02132936507936508
76561197985000161,423,0,0,0.0,0,0.0,0,0.0,0,0.0,0,0.0,0,0.0,0.0
76561197967055456,9576,40,7,0.875,15,1.0,5,0.8333333333333334,4,1.0,5,1.0,4,0.8,0.004177109440267335
76561197979911851,387,0,0,0.0,0,0.0,0,0.0,0,0.0,0,0.0,0,0.0,0.0
76561198333940820,416,0,0,0.0,0,0.0,0,0.0,0,0.0,0,0.0,0,0.0,0.0
76561198087088306,7904,29,7,0.875,8,0.5333333333333333,4,0.6666666666666666,4,1.0,3,0.6,3,0.6,0.0036690283400809716
76561198101049562,604,0,0,0.0,0,0.0,0,0.0,0,0.0,0,0.0,0,0.0,0.0
76561198878464160,311,43,8,1.0,15,1.0,6,1.0,4,1.0,5,1.0,5,1.0,0.1382636655948553
76561198162235689,688,43,8,1.0,15,1.0,6,1.0,4,1.0,5,1.0,5,1.0,0.0625
76561198030273896,2635,0,0,0.0,0,0.0,0,0.0,0,0.0,0,0.0,0,0.0,0.0
76561198098080821,1944,21,5,0.625,8,0.5333333333333333,2,0.3333333333333333,1,0.25,2,0.4,3,0.6,0.010802469135802469
76561198039198161,7408,43,8,1.0,15,1.0,6,1.0,4,1.0,5,1.0,5,1.0,0.005804535637149028
76561198121398682,600,0,0,0.0,0,0.0,0,0.0,0,0.0,0,0.0,0,0.0,0.0
76561198007802153,579,0,0,0.0,0,0.0,0,0.0,0,0.0,0,0.0,0,0.0,0.0
76561199182283731,1209,43,8,1.0,15,1.0,6,1.0,4,1.0,5,1.0,5,1.0,0.03556658395368073
76561198043898087,522,0,0,0.0,0,0.0,0,0.0,0,0.0,0,0.0,0,0.0,0.0
76561198081257465,507,4,3,0.375,0,0.0,0,0.0,1,0.25,0,0.0,0,0.0,0.007889546351084813
76561198043720348,8449,40,8,1.0,15,1.0,5,0.8333333333333334,4,1.0,4,0.8,4,0.8,0.004734288081429755
76561198095241695,381,8,5,0.625,1,0.06666666666666667,0,0.0,0,0.0,1,0.2,1,0.2,0.02099737532808399
76561197972542742,159,0,0,0.0,0,0.0,0,0.0,0,0.0,0,0.0,0,0.0,0.0
76561198020051378,455,0,0,0.0,0,0.0,0,0.0,0,0.0,0,0.0,0,0.0,0.0
76561198061023307,7343,43,8,1.0,15,1.0,6,1.0,4,1.0,5,1.0,5,1.0,0.005855917200054473
76561197991991520,502,0,0,0.0,0,0.0,0,0.0,0,0.0,0,0.0,0,0.0,0.0
76561197980206308,611,4,1,0.125,2,0.13333333333333333,0,0.0,1,0.25,0,0.0,0,0.0,0.006546644844517185
76561197985269540,167,6,5,0.625,0,0.0,0,0.0,1,0.25,0,0.0,0,0.0,0.03592814371257485
76561198015904504,421,0,0,0.0,0,0.0,0,0.0,0,0.0,0,0.0,0,0.0,0.0
76561198097498028,253,43,8,1.0,15,1.0,6,1.0,4,1.0,5,1.0,5,1.0,0.16996047430830039
76561197993745077,124,0,0,0.0,0,0.0,0,0.0,0,0.0,0,0.0,0,0.0,0.0
76561198025257831,485,0,0,0.0,0,0.0,0,0.0,0,0.0,0,0.0,0,0.0,0.0
76561198280830500,319,13,5,0.625,4,0.26666666666666666,1,0.16666666666666666,1,0.25,1,0.2,1,0.2,0.04075235109717868
76561198137376448,400,0,0,0.0,0,0.0,0,0.0,0,0.0,0,0.0,0,0.0,0.0
76561198045737785,532,0,0,0.0,0,0.0,0,0.0,0,0.0,0,0.0,0,0.0,0.0
76561198438963871,4543,25,6,0.75,6,0.4,3,0.5,4,1.0,4,0.8,2,0.4,0.00550297160466652
76561198058781656,1335,21,7,0.875,5,0.3333333333333333,2,0.3333333333333333,3,0.75,2,0.4,2,0.4,0.015730337078651686
76561198046242117,312,0,0,0.0,0,0.0,0,0.0,0,0.0,0,0.0,0,0.0,0.0
76561197961621019,282,0,0,0.0,0,0.0,0,0.0,0,0.0,0,0.0,0,0.0,0.0
76561197979084213,551,4,3,0.375,0,0.0,0,0.0,1,0.25,0,0.0,0,0.0,0.007259528130671506
76561197975931257,36,2,2,0.25,0,0.0,0,0.0,0,0.0,0,0.0,0,0.0,0.05555555555555555
76561198021536460,3429,28,5,0.625,8,0.5333333333333333,4,0.6666666666666666,3,0.75,4,0.8,4,0.8,0.008165645960921552
76561198102339835,651,6,3,0.375,2,0.13333333333333333,0,0.0,1,0.25,0,0.0,0,0.0,0.009216589861751152
76561198101578868,645,4,3,0.375,1,0.06666666666666667,0,0.0,0,0.0,0,0.0,0,0.0,0.006201550387596899
76561198002839561,163,4,4,0.5,0,0.0,0,0.0,0,0.0,0,0.0,0,0.0,0.024539877300613498
76561198066148879,399,0,0,0.0,0,0.0,0,0.0,0,0.0,0,0.0,0,0.0,0.0
76561198150023286,222,7,4,0.5,1,0.06666666666666667,0,0.0,1,0.25,0,0.0,1,0.2,0.03153153153153153
76561198036468361,6009,43,8,1.0,15,1.0,6,1.0,4,1.0,5,1.0,5,1.0,0.0071559327675153935
76561197995594353,497,0,0,0.0,0,0.0,0,0.0,0,0.0,0,0.0,0,0.0,0.0
76561198003093454,3375,0,0,0.0,0,0.0,0,0.0,0,0.0,0,0.0,0,0.0,0.0
76561197973883957,340,0,0,0.0,0,0.0,0,0.0,0,0.0,0,0.0,0,0.0,0.0
76561197978114813,2068,22,6,0.75,8,0.5333333333333333,3,0.5,1,0.25,2,0.4,2,0.4,0.010638297872340425
76561198273331891,893,0,0,0.0,0,0.0,0,0.0,0,0.0,0,0.0,0,0.0,0.0
76561197980146038,454,0,0,0.0,0,0.0,0,0.0,0,0.0,0,0.0,0,0.0,0.0
76561198128679947,516,4,3,0.375,0,0.0,0,0.0,1,0.25,0,0.0,0,0.0,0.007751937984496124
76561198143892061,5832,43,8,1.0,15,1.0,6,1.0,4,1.0,5,1.0,5,1.0,0.007373113854595336
76561198352269269,2458,39,8,1.0,12,0.8,6,1.0,4,1.0,5,1.0,4,0.8,0.015866558177379985
76561198035848155,1042,16,5,0.625,4,0.26666666666666666,2,0.3333333333333333,1,0.25,1,0.2,3,0.6,0.015355086372360844
76561198039228736,252,1,1,0.125,0,0.0,0,0.0,0,0.0,0,0.0,0,0.0,0.003968253968253968
76561197991213990,3690,26,6,0.75,6,0.4,5,0.8333333333333334,4,1.0,3,0.6,2,0.4,0.007046070460704607
76561198969624940,5566,43,8,1.0,15,1.0,6,1.0,4,1.0,5,1.0,5,1.0,0.007725476104922745
76561198046588672,1594,25,7,0.875,8,0.5333333333333333,3,0.5,2,0.5,2,0.4,3,0.6,0.015683814303638646
76561199090560394,381,43,8,1.0,15,1.0,6,1.0,4,1.0,5,1.0,5,1.0,0.11286089238845144
76561198021038522,431,0,0,0.0,0,0.0,0,0.0,0,0.0,0,0.0,0,0.0,0.0
76561198042395850,164,0,0,0.0,0,0.0,0,0.0,0,0.0,0,0.0,0,0.0,0.0
76561198046680021,473,0,0,0.0,0,0.0,0,0.0,0,0.0,0,0.0,0,0.0,0.0
76561199528084889,458,43,8,1.0,15,1.0,6,1.0,4,1.0,5,1.0,5,1.0,0.09388646288209607
76561198040161412,564,0,0,0.0,0,0.0,0,0.0,0,0.0,0,0.0,0,0.0,0.0
76561198040923840,9147,34,8,1.0,10,0.6666666666666666,5,0.8333333333333334,2,0.5,5,1.0,4,0.8,0.003717065704602602
76561198023794868,512,0,0,0.0,0,0.0,0,0.0,0,0.0,0,0.0,0,0.0,0.0
76561198139084236,542,0,0,0.0,0,0.0,0,0.0,0,0.0,0,0.0,0,0.0,0.0
76561197965388486,4471,43,8,1.0,15,1.0,6,1.0,4,1.0,5,1.0,5,1.0,0.009617535227018564
76561198016019048,451,0,0,0.0,0,0.0,0,0.0,0,0.0,0,0.0,0,0.0,0.0
76561198030926535,11005,39,8,1.0,13,0.8666666666666667,5,0.8333333333333334,4,1.0,5,1.0,4,0.8,0.003543843707405725
76561198083915913,1648,43,8,1.0,15,1.0,6,1.0,4,1.0,5,1.0,5,1.0,0.026092233009708737
76561198079972348,192,0,0,0.0,0,0.0,0,0.0,0,0.0,0,0.0,0,0.0,0.0
76561198017401678,6436,43,8,1.0,15,1.0,6,1.0,4,1.0,5,1.0,5,1.0,0.006681168427594779
76561198046978149,4480,26,8,1.0,7,0.4666666666666667,3,0.5,2,0.5,3,0.6,3,0.6,0.005803571428571429
76561197982507630,221,0,0,0.0,0,0.0,0,0.0,0,0.0,0,0.0,0,0.0,0.0
76561198340310727,276,0,0,0.0,0,0.0,0,0.0,0,0.0,0,0.0,0,0.0,0.0
76561198023114147,429,0,0,0.0,0,0.0,0,0.0,0,0.0,0,0.0,0,0.0,0.0
76561198351577048,5658,43,8,1.0,15,1.0,6,1.0,4,1.0,5,1.0,5,1.0,0.007599858607281725
76561197991715731,1147,12,5,0.625,3,0.2,1,0.16666666666666666,1,0.25,1,0.2,1,0.2,0.010462074978204011
76561197994164612,3176,43,8,1.0,15,1.0,6,1.0,4,1.0,5,1.0,5,1.0,0.01353904282115869
76561198051745012,440,0,0,0.0,0,0.0,0,0.0,0,0.0,0,0.0,0,0.0,0.0
76561198170269198,167,14,7,0.875,3,0.2,0,0.0,1,0.25,2,0.4,1,0.2,0.08383233532934131
76561198000619480,12246,43,8,1.0,15,1.0,6,1.0,4,1.0,5,1.0,5,1.0,0.003511350645108607
76561197971320635,451,0,0,0.0,0,0.0,0,0.0,0,0.0,0,0.0,0,0.0,0.0
76561198021125310,10196,42,8,1.0,15,1.0,5,0.8333333333333334,4,1.0,5,1.0,5,1.0,0.004119262455865045
76561198080141083,341,0,0,0.0,0,0.0,0,0.0,0,0.0,0,0.0,0,0.0,0.0
76561198008037678,386,0,0,0.0,0,0.0,0,0.0,0,0.0,0,0.0,0,0.0,0.0
76561197997740965,415,0,0,0.0,0,0.0,0,0.0,0,0.0,0,0.0,0,0.0,0.0
76561197999726935,10509,40,7,0.875,15,1.0,5,0.8333333333333334,4,1.0,5,1.0,4,0.8,0.0038062612998382337
76561197972344657,7427,43,8,1.0,15,1.0,6,1.0,4,1.0,5,1.0,5,1.0,0.005789686279789956
76561197970761123,404,10,4,0.5,1,0.06666666666666667,2,0.3333333333333333,3,0.75,0,0.0,0,0.0,0.024752475247524754
76561198379883679,2417,43,8,1.0,15,1.0,6,1.0,4,1.0,5,1.0,5,1.0,0.01779064956557716
76561197979042906,11484,35,7,0.875,9,0.6,5,0.8333333333333334,4,1.0,5,1.0,5,1.0,0.0030477185649599443
76561198821393465,9597,43,8,1.0,15,1.0,6,1.0,4,1.0,5,1.0,5,1.0,0.0044805668438053555
76561198048453468,1454,23,7,0.875,5,0.3333333333333333,4,0.6666666666666666,3,0.75,3,0.6,1,0.2,0.01581843191196699
76561198331237133,232,0,0,0.0,0,0.0,0,0.0,0,0.0,0,0.0,0,0.0,0.0
76561198040296837,647,0,0,0.0,0,0.0,0,0.0,0,0.0,0,0.0,0,0.0,0.0
76561198384351293,1916,43,8,1.0,15,1.0,6,1.0,4,1.0,5,1.0,5,1.0,0.02244258872651357
76561197969158018,405,0,0,0.0,0,0.0,0,0.0,0,0.0,0,0.0,0,0.0,0.0
76561198091484468,284,0,0,0.0,0,0.0,0,0.0,0,0.0,0,0.0,0,0.0,0.0
76561198257422651,75,1,1,0.125,0,0.0,0,0.0,0,0.0,0,0.0,0,0.0,0.013333333333333334
76561198030118274,10777,40,8,1.0,12,0.8,6,1.0,4,1.0,5,1.0,5,1.0,0.0037116080541894775
76561198019563370,10102,43,8,1.0,15,1.0,6,1.0,4,1.0,5,1.0,5,1.0,0.004256582854880221
76561198104557457,469,0,0,0.0,0,0.0,0,0.0,0,0.0,0,0.0,0,0.0,0.0
76561198018148205,177,0,0,0.0,0,0.0,0,0.0,0,0.0,0,0.0,0,0.0,0.0
76561198030408706,8294,43,8,1.0,15,1.0,6,1.0,4,1.0,5,1.0,5,1.0,0.005184470701712081
76561197963040896,664,0,0,0.0,0,0.0,0,0.0,0,0.0,0,0.0,0,0.0,0.0
76561198081293192,2008,17,6,0.75,4,0.26666666666666666,2,0.3333333333333333,2,0.5,2,0.4,1,0.2,0.00846613545816733
76561197989807190,435,0,0,0.0,0,0.0,0,0.0,0,0.0,0,0.0,0,0.0,0.0
76561198016649670,163,0,0,0.0,0,0.0,0,0.0,0,0.0,0,0.0,0,0.0,0.0
76561198019078835,335,0,0,0.0,0,0.0,0,0.0,0,0.0,0,0.0,0,0.0,0.0
76561198024546321,435,0,0,0.0,0,0.0,0,0.0,0,0.0,0,0.0,0,0.0,0.0
76561198347518030,510,0,0,0.0,0,0.0,0,0.0,0,0.0,0,0.0,0,0.0,0.0
76561197960436666,421,9,5,0.625,2,0.13333333333333333,0,0.0,1,0.25,1,0.2,0,0.0,0.021377672209026127
76561197972436190,187,8,4,0.5,1,0.06666666666666667,1,0.16666666666666666,0,0.0,1,0.2,1,0.2,0.0427807486631016
76561198000667675,228,0,0,0.0,0,0.0,0,0.0,0,0.0,0,0.0,0,0.0,0.0
76561198041080728,997,18,5,0.625,4,0.26666666666666666,2,0.3333333333333333,3,0.75,2,0.4,2,0.4,0.01805416248746239
76561197993881753,832,30,7,0.875,10,0.6666666666666666,3,0.5,2,0.5,5,1.0,3,0.6,0.036057692307692304
76561197995138062,142,0,0,0.0,0,0.0,0,0.0,0,0.0,0,0.0,0,0.0,0.0
76561198091577049,5224,43,8,1.0,15,1.0,6,1.0,4,1.0,5,1.0,5,1.0,0.008231240428790199
76561198045195189,55,0,0,0.0,0,0.0,0,0.0,0,0.0,0,0.0,0,0.0,0.0
76561198291929988,632,0,0,0.0,0,0.0,0,0.0,0,0.0,0,0.0,0,0.0,0.0
76561198005601881,369,0,0,0.0,0,0.0,0,0.0,0,0.0,0,0.0,0,0.0,0.0
76561198121767373,396,0,0,0.0,0,0.0,0,0.0,0,0.0,0,0.0,0,0.0,0.0
76561198430643843,223,43,8,1.0,15,1.0,6,1.0,4,1.0,5,1.0,5,1.0,0.19282511210762332
76561198031679484,6173,5,4,0.5,0,0.0,0,0.0,0,0.0,0,0.0,1,0.2,0.0008099789405475458
76561198025445358,391,0,0,0.0,0,0.0,0,0.0,0,0.0,0,0.0,0,0.0,0.0
76561198258479693,224,43,8,1.0,15,1.0,6,1.0,4,1.0,5,1.0,5,1.0,0.19196428571428573
76561198141336830,193,43,8,1.0,15,1.0,6,1.0,4,1.0,5,1.0,5,1.0,0.22279792746113988
76561198009108702,6129,37,8,1.0,11,0.7333333333333333,5,0.8333333333333334,4,1.0,4,0.8,5,1.0,0.00603687387828357
76561197999807713,3395,43,8,1.0,15,1.0,6,1.0,4,1.0,5,1.0,5,1.0,0.012665684830633284
76561198118604647,403,0,0,0.0,0,0.0,0,0.0,0,0.0,0,0.0,0,0.0,0.0
76561198063952731,2966,19,7,0.875,2,0.13333333333333333,4,0.6666666666666666,1,0.25,2,0.4,3,0.6,0.0064059339177343225
76561198859876894,841,15,3,0.375,2,0.13333333333333333,3,0.5,3,0.75,2,0.4,2,0.4,0.0178359096313912
76561198042633209,6603,40,8,1.0,15,1.0,4,0.6666666666666666,4,1.0,5,1.0,4,0.8,0.006057852491291837
76561197975567911,5698,34,7,0.875,11,0.7333333333333333,5,0.8333333333333334,3,0.75,4,0.8,4,0.8,0.005967005967005967
76561198308478763,1769,43,8,1.0,15,1.0,6,1.0,4,1.0,5,1.0,5,1.0,0.02430751837196156
76561197988262272,602,0,0,0.0,0,0.0,0,0.0,0,0.0,0,0.0,0,0.0,0.0
76561197992700592,2076,13,4,0.5,3,0.2,2,0.3333333333333333,2,0.5,1,0.2,1,0.2,0.006262042389210019
76561198059515974,2416,24,7,0.875,4,0.26666666666666666,4,0.6666666666666666,4,1.0,3,0.6,2,0.4,0.009933774834437087
76561198012393379,2082,2,0,0.0,1,0.06666666666666667,0,0.0,1,0.25,0,0.0,0,0.0,0.0009606147934678194
76561198023692991,547,0,0,0.0,0,0.0,0,0.0,0,0.0,0,0.0,0,0.0,0.0
76561198062600893,4091,18,6,0.75,4,0.26666666666666666,3,0.5,1,0.25,4,0.8,0,0.0,0.004399902224395014
76561198027112798,96,3,3,0.375,0,0.0,0,0.0,0,0.0,0,0.0,0,0.0,0.03125
76561198036891788,1478,30,8,1.0,9,0.6,4,0.6666666666666666,4,1.0,3,0.6,2,0.4,0.02029769959404601
76561198070644433,3584,23,4,0.5,5,0.3333333333333333,3,0.5,4,1.0,5,1.0,2,0.4,0.006417410714285714
76561198146593189,5598,0,0,0.0,0,0.0,0,0.0,0,0.0,0,0.0,0,0.0,0.0
76561197991231880,319,10,3,0.375,3,0.2,1,0.16666666666666666,3,0.75,0,0.0,0,0.0,0.03134796238244514
76561198060563982,156,0,0,0.0,0,0.0,0,0.0,0,0.0,0,0.0,0,0.0,0.0
76561198314442358,889,43,8,1.0,15,1.0,6,1.0,4,1.0,5,1.0,5,1.0,0.048368953880764905
76561197998666522,205,0,0,0.0,0,0.0,0,0.0,0,0.0,0,0.0,0,0.0,0.0
76561198062901118,455,0,0,0.0,0,0.0,0,0.0,0,0.0,0,0.0,0,0.0,0.0
76561198061449064,388,43,8,1.0,15,1.0,6,1.0,4,1.0,5,1.0,5,1.0,0.11082474226804123
76561198044371709,9276,43,8,1.0,15,1.0,6,1.0,4,1.0,5,1.0,5,1.0,0.004635618801207417
76561198081961727,286,5,2,0.25,1,0.06666666666666667,0,0.0,1,0.25,1,0.2,0,0.0,0.017482517482517484
76561197971115174,576,0,0,0.0,0,0.0,0,0.0,0,0.0,0,0.0,0,0.0,0.0
76561198262904340,243,0,0,0.0,0,0.0,0,0.0,0,0.0,0,0.0,0,0.0,0.0
76561198046743901,1160,15,5,0.625,4,0.26666666666666666,1,0.16666666666666666,3,0.75,1,0.2,1,0.2,0.01293103448275862
76561198156021248,9161,35,8,1.0,11,0.7333333333333333,4,0.6666666666666666,4,1.0,4,0.8,4,0.8,0.0038205436087763345
76561198004842665,681,0,0,0.0,0,0.0,0,0.0,0,0.0,0,0.0,0,0.0,0.0
76561198041506271,1371,16,7,0.875,4,0.26666666666666666,1,0.16666666666666666,1,0.25,1,0.2,2,0.4,0.011670313639679067
76561198090812798,643,7,3,0.375,3,0.2,0,0.0,1,0.25,0,0.0,0,0.0,0.01088646967340591
76561198078103345,96,6,3,0.375,2,0.13333333333333333,0,0.0,1,0.25,0,0.0,0,0.0,0.0625
76561198808556952,298,43,8,1.0,15,1.0,6,1.0,4,1.0,5,1.0,5,1.0,0.14429530201342283
76561198200501842,1985,22,4,0.5,5,0.3333333333333333,2,0.3333333333333333,3,0.75,5,1.0,3,0.6,0.011083123425692695
76561198067261759,536,4,2,0.25,1,0.06666666666666667,0,0.0,1,0.25,0,0.0,0,0.0,0.007462686567164179
76561197979718121,1050,0,0,0.0,0,0.0,0,0.0,0,0.0,0,0.0,0,0.0,0.0
76561197964473408,473,0,0,0.0,0,0.0,0,0.0,0,0.0,0,0.0,0,0.0,0.0
76561199198032723,297,43,8,1.0,15,1.0,6,1.0,4,1.0,5,1.0,5,1.0,0.1447811447811448
76561198045407759,2883,34,8,1.0,8,0.5333333333333333,5,0.8333333333333334,4,1.0,5,1.0,4,0.8,0.011793270898369753
76561198006697906,649,5,2,0.25,2,0.13333333333333333,0,0.0,1,0.25,0,0.0,0,0.0,0.007704160246533128
76561198085529088,131,2,2,0.25,0,0.0,0,0.0,0,0.0,0,0.0,0,0.0,0.015267175572519083
76561199055203334,354,0,0,0.0,0,0.0,0,0.0,0,0.0,0,0.0,0,0.0,0.0
76561198064410530,370,0,0,0.0,0,0.0,0,0.0,0,0.0,0,0.0,0,0.0,0.0
76561198042978992,515,9,2,0.25,2,0.13333333333333333,1,0.16666666666666666,2,0.5,1,0.2,1,0.2,0.017475728155339806
76561198029028690,51,0,0,0.0,0,0.0,0,0.0,0,0.0,0,0.0,0,0.0,0.0
76561198035201897,515,12,4,0.5,3,0.2,2,0.3333333333333333,2,0.5,1,0.2,0,0.0,0.02330097087378641
76561197989086731,12052,43,8,1.0,15,1.0,6,1.0,4,1.0,5,1.0,5,1.0,0.0035678725522734814
76561197966873544,699,9,4,0.5,1,0.06666666666666667,1,0.16666666666666666,1,0.25,1,0.2,1,0.2,0.012875536480686695
76561198021940873,157,0,0,0.0,0,0.0,0,0.0,0,0.0,0,0.0,0,0.0,0.0
76561198060934212,3579,0,0,0.0,0,0.0,0,0.0,0,0.0,0,0.0,0,0.0,0.0
76561198066153480,9833,43,8,1.0,15,1.0,6,1.0,4,1.0,5,1.0,5,1.0,0.004373029594223533
76561197970479807,12034,34,8,1.0,10,0.6666666666666666,4,0.6666666666666666,3,0.75,5,1.0,4,0.8,0.002825328236662789
76561198042619229,333,5,4,0.5,1,0.06666666666666667,0,0.0,0,0.0,0,0.0,0,0.0,0.015015015015015015
76561199147591258,215,43,8,1.0,15,1.0,6,1.0,4,1.0,5,1.0,5,1.0,0.2
76561198051675786,600,0,0,0.0,0,0.0,0,0.0,0,0.0,0,0.0,0,0.0,0.0
76561197971237499,553,0,0,0.0,0,0.0,0,0.0,0,0.0,0,0.0,0,0.0,0.0
76561198090664778,2834,0,0,0.0,0,0.0,0,0.0,0,0.0,0,0.0,0,0.0,0.0
76561197993397600,1578,17,4,0.5,4,0.26666666666666666,2,0.3333333333333333,1,0.25,3,0.6,3,0.6,0.010773130544993664
76561198089801281,219,0,0,0.0,0,0.0,0,0.0,0,0.0,0,0.0,0,0.0,0.0
76561198035422338,688,9,5,0.625,1,0.06666666666666667,1,0.16666666666666666,1,0.25,1,0.2,0,0.0,0.01308139534883721
76561198093579202,423,0,0,0.0,0,0.0,0,0.0,0,0.0,0,0.0,0,0.0,0.0
76561198013205483,431,0,0,0.0,0,0.0,0,0.0,0,0.0,0,0.0,0,0.0,0.0
76561198056893819,88,4,3,0.375,0,0.0,0,0.0,1,0.25,0,0.0,0,0.0,0.045454545454545456
76561198017412459,6060,33,8,1.0,10,0.6666666666666666,3,0.5,4,1.0,5,1.0,3,0.6,0.005445544554455445
76561198121733143,353,13,5,0.625,3,0.2,1,0.16666666666666666,2,0.5,1,0.2,1,0.2,0.036827195467422094
76561198026840458,1453,19,7,0.875,5,0.3333333333333333,2,0.3333333333333333,2,0.5,1,0.2,2,0.4,0.01307639366827254
76561198081301799,1003,15,6,0.75,4,0.26666666666666666,2,0.3333333333333333,1,0.25,2,0.4,0,0.0,0.014955134596211365
76561198030808810,8414,30,8,1.0,10,0.6666666666666666,3,0.5,2,0.5,3,0.6,4,0.8,0.0035654860946042312
76561198010181228,174,0,0,0.0,0,0.0,0,0.0,0,0.0,0,0.0,0,0.0,0.0
76561197962545891,592,0,0,0.0,0,0.0,0,0.0,0,0.0,0,0.0,0,0.0,0.0
76561198028015677,163,0,0,0.0,0,0.0,0,0.0,0,0.0,0,0.0,0,0.0,0.0
76561198038939593,4579,29,7,0.875,11,0.7333333333333333,3,0.5,4,1.0,2,0.4,2,0.4,0.0063332605372352045
76561198308952236,1260,43,8,1.0,15,1.0,6,1.0,4,1.0,5,1.0,5,1.0,0.034126984126984124
76561198059216394,9063,41,8,1.0,15,1.0,6,1.0,4,1.0,3,0.6,5,1.0,0.0045238883371951895
76561197968671893,219,0,0,0.0,0,0.0,0,0.0,0,0.0,0,0.0,0,0.0,0.0
76561198097690532,220,0,0,0.0,0,0.0,0,0.0,0,0.0,0,0.0,0,0.0,0.0
76561198263784049,198,0,0,0.0,0,0.0,0,0.0,0,0.0,0,0.0,0,0.0,0.0
76561198027740459,4899,27,8,1.0,8,0.5333333333333333,3,0.5,2,0.5,2,0.4,4,0.8,0.005511328842620943
76561198282411763,4481,19,5,0.625,4,0.26666666666666666,4,0.6666666666666666,4,1.0,1,0.2,1,0.2,0.004240124972104441
76561197996707987,528,0,0,0.0,0,0.0,0,0.0,0,0.0,0,0.0,0,0.0,0.0
76561198075820042,6731,43,8,1.0,15,1.0,6,1.0,4,1.0,5,1.0,5,1.0,0.0063883523993463085
76561198044386667,9014,43,8,1.0,15,1.0,6,1.0,4,1.0,5,1.0,5,1.0,0.0047703572220989575
76561197965964690,375,0,0,0.0,0,0.0,0,0.0,0,0.0,0,0.0,0,0.0,0.0
76561198160775754,6180,43,8,1.0,15,1.0,6,1.0,4,1.0,5,1.0,5,1.0,0.0069579288025889965
76561198019521530,4473,24,6,0.75,6,0.4,5,0.8333333333333334,2,0.5,2,0.4,3,0.6,0.0053655264922870555
76561198143142509,855,18,5,0.625,6,0.4,3,0.5,1,0.25,1,0.2,2,0.4,0.021052631578947368
76561198046474043,11042,43,8,1.0,15,1.0,6,1.0,4,1.0,5,1.0,5,1.0,0.0038942220612207933
76561198350520848,7583,43,8,1.0,15,1.0,6,1.0,4,1.0,5,1.0,5,1.0,0.005670578926546222
76561198043996154,394,0,0,0.0,0,0.0,0,0.0,0,0.0,0,0.0,0,0.0,0.0
76561197993215917,473,0,0,0.0,0,0.0,0,0.0,0,0.0,0,0.0,0,0.0,0.0
76561198128785478,800,26,5,0.625,10,0.6666666666666666,4,0.6666666666666666,0,0.0,3,0.6,4,0.8,0.0325
76561198024823934,897,17,6,0.75,3,0.2,1,0.16666666666666666,2,0.5,3,0.6,2,0.4,0.0189520624303233
76561198133372348,143,6,3,0.375,2,0.13333333333333333,0,0.0,1,0.25,0,0.0,0,0.0,0.04195804195804196
76561198031919117,450,6,3,0.375,2,0.13333333333333333,0,0.0,1,0.25,0,0.0,0,0.0,0.013333333333333334
76561198002874064,447,0,0,0.0,0,0.0,0,0.0,0,0.0,0,0.0,0,0.0,0.0
76561198002399439,2481,43,8,1.0,15,1.0,6,1.0,4,1.0,5,1.0,5,1.0,0.017331721080209594
76561198078178103,586,0,0,0.0,0,0.0,0,0.0,0,0.0,0,0.0,0,0.0,0.0
76561198142797852,3160,26,6,0.75,6,0.4,3,0.5,4,1.0,3,0.6,4,0.8,0.008227848101265823
76561198046206792,520,43,8,1.0,15,1.0,6,1.0,4,1.0,5,1.0,5,1.0,0.08269230769230769
76561198000257885,647,0,0,0.0,0,0.0,0,0.0,0,0.0,0,0.0,0,0.0,0.0
76561198112009549,332,5,3,0.375,1,0.06666666666666667,0,0.0,1,0.25,0,0.0,0,0.0,0.015060240963855422
76561198136277601,309,23,8,1.0,8,0.5333333333333333,1,0.16666666666666666,2,0.5,2,0.4,2,0.4,0.0744336569579288
76561198039031102,79,0,0,0.0,0,0.0,0,0.0,0,0.0,0,0.0,0,0.0,0.0
76561198039406214,454,0,0,0.0,0,0.0,0,0.0,0,0.0,0,0.0,0,0.0,0.0
76561198320249287,248,5,3,0.375,1,0.06666666666666667,0,0.0,1,0.25,0,0.0,0,0.0,0.020161290322580645
76561198077644112,581,0,0,0.0,0,0.0,0,0.0,0,0.0,0,0.0,0,0.0,0.0
76561198201155765,570,43,8,1.0,15,1.0,6,1.0,4,1.0,5,1.0,5,1.0,0.07543859649122807
76561199004069906,602,0,0,0.0,0,0.0,0,0.0,0,0.0,0,0.0,0,0.0,0.0
76561198821331009,4157,43,8,1.0,15,1.0,6,1.0,4,1.0,5,1.0,5,1.0,0.010343998075535241
76561198273926288,1881,43,8,1.0,15,1.0,6,1.0,4,1.0,5,1.0,5,1.0,0.022860180754917598
76561197963394136,2107,43,8,1.0,15,1.0,6,1.0,4,1.0,5,1.0,5,1.0,0.02040816326530612
76561197979934386,1485,18,6,0.75,4,0.26666666666666666,2,0.3333333333333333,2,0.5,2,0.4,2,0.4,0.012121212121212121
76561197987340453,598,11,2,0.25,3,0.2,2,0.3333333333333333,3,0.75,0,0.0,1,0.2,0.01839464882943144
76561198063392506,343,12,3,0.375,2,0.13333333333333333,2,0.3333333333333333,3,0.75,1,0.2,1,0.2,0.03498542274052478
76561199010174438,1465,17,6,0.75,4,0.26666666666666666,2,0.3333333333333333,1,0.25,1,0.2,3,0.6,0.011604095563139932
76561197994079927,9087,43,8,1.0,15,1.0,6,1.0,4,1.0,5,1.0,5,1.0,0.00473203477495323
76561199246239668,201,0,0,0.0,0,0.0,0,0.0,0,0.0,0,0.0,0,0.0,0.0
76561198019020335,283,10,4,0.5,2,0.13333333333333333,2,0.3333333333333333,2,0.5,0,0.0,0,0.0,0.0353356890459364
76561198024812661,1189,17,6,0.75,3,0.2,2,0.3333333333333333,3,0.75,1,0.2,2,0.4,0.014297729184188394
76561197983524304,206,0,0,0.0,0,0.0,0,0.0,0,0.0,0,0.0,0,0.0,0.0
76561198095807119,3519,35,7,0.875,13,0.8666666666666667,3,0.5,4,1.0,5,1.0,3,0.6,0.009946007388462632
76561199023324482,190,43,8,1.0,15,1.0,6,1.0,4,1.0,5,1.0,5,1.0,0.22631578947368422
76561198025670883,1159,18,5,0.625,4,0.26666666666666666,2,0.3333333333333333,2,0.5,3,0.6,2,0.4,0.015530629853321829
76561198060639097,130,0,0,0.0,0,0.0,0,0.0,0,0.0,0,0.0,0,0.0,0.0
76561199200862532,2083,43,8,1.0,15,1.0,6,1.0,4,1.0,5,1.0,5,1.0,0.020643302928468554
76561198824036779,2392,20,5,0.625,5,0.3333333333333333,2,0.3333333333333333,4,1.0,2,0.4,2,0.4,0.008361204013377926
76561197988052802,1447,0,0,0.0,0,0.0,0,0.0,0,0.0,0,0.0,0,0.0,0.0
76561198044890610,162,43,8,1.0,15,1.0,6,1.0,4,1.0,5,1.0,5,1.0,0.2654320987654321
76561198179992770,1896,27,5,0.625,8,0.5333333333333333,3,0.5,3,0.75,5,1.0,3,0.6,0.014240506329113924
76561197998179570,2878,6,4,0.5,1,0.06666666666666667,0,0.0,0,0.0,1,0.2,0,0.0,0.0020847810979847115
76561198003183913,10254,32,8,1.0,8,0.5333333333333333,3,0.5,4,1.0,5,1.0,4,0.8,0.0031207333723425007
76561197991425851,249,0,0,0.0,0,0.0,0,0.0,0,0.0,0,0.0,0,0.0,0.0
76561198066945046,4928,0,0,0.0,0,0.0,0,0.0,0,0.0,0,0.0,0,0.0,0.0
76561198060913953,278,43,8,1.0,15,1.0,6,1.0,4,1.0,5,1.0,5,1.0,0.15467625899280577
76561198007536546,278,0,0,0.0,0,0.0,0,0.0,0,0.0,0,0.0,0,0.0,0.0
76561197963212954,2883,0,0,0.0,0,0.0,0,0.0,0,0.0,0,0.0,0,0.0,0.0
76561198060871246,48,3,2,0.25,0,0.0,0,0.0,1,0.25,0,0.0,0,0.0,0.0625
76561197986775284,7691,24,6,0.75,5,0.3333333333333333,5,0.8333333333333334,2,0.5,3,0.6,3,0.6,0.0031205304901833313
76561198397907105,233,43,8,1.0,15,1.0,6,1.0,4,1.0,5,1.0,5,1.0,0.18454935622317598
76561198064609090,2887,24,5,0.625,7,0.4666666666666667,3,0.5,4,1.0,3,0.6,2,0.4,0.008313127814340146
76561198054553341,649,0,0,0.0,0,0.0,0,0.0,0,0.0,0,0.0,0,0.0,0.0
76561198066543155,8398,29,7,0.875,7,0.4666666666666667,4,0.6666666666666666,4,1.0,4,0.8,3,0.6,0.00345320314360562
76561197972179425,400,0,0,0.0,0,0.0,0,0.0,0,0.0,0,0.0,0,0.0,0.0
76561198370061003,190,0,0,0.0,0,0.0,0,0.0,0,0.0,0,0.0,0,0.0,0.0
76561199101355475,3084,43,8,1.0,15,1.0,6,1.0,4,1.0,5,1.0,5,1.0,0.013942931258106356
76561198026465332,2880,23,8,1.0,5,0.3333333333333333,2,0.3333333333333333,4,1.0,2,0.4,2,0.4,0.00798611111111111
76561197977654536,395,0,0,0.0,0,0.0,0,0.0,0,0.0,0,0.0,0,0.0,0.0
76561198373611339,7859,32,7,0.875,9,0.6,5,0.8333333333333334,4,1.0,4,0.8,3,0.6,0.00407176485557959
76561198299988956,294,7,4,0.5,2,0.13333333333333333,0,0.0,1,0.25,0,0.0,0,0.0,0.023809523809523808
76561198082623478,5808,41,8,1.0,15,1.0,5,0.8333333333333334,4,1.0,5,1.0,4,0.8,0.007059228650137741
76561198004393508,440,12,5,0.625,3,0.2,1,0.16666666666666666,2,0.5,0,0.0,1,0.2,0.02727272727272727
76561198042611397,364,0,0,0.0,0,0.0,0,0.0,0,0.0,0,0.0,0,0.0,0.0
76561197997240220,619,0,0,0.0,0,0.0,0,0.0,0,0.0,0,0.0,0,0.0,0.0
76561198097666040,429,0,0,0.0,0,0.0,0,0.0,0,0.0,0,0.0,0,0.0,0.0
76561197997124628,120,8,5,0.625,1,0.06666666666666667,0,0.0,1,0.25,1,0.2,0,0.0,0.06666666666666667
76561198067439789,283,0,0,0.0,0,0.0,0,0.0,0,0.0,0,0.0,0,0.0,0.0
76561198063563156,333,0,0,0.0,0,0.0,0,0.0,0,0.0,0,0.0,0,0.0,0.0
76561197977122167,5978,43,8,1.0,15,1.0,6,1.0,4,1.0,5,1.0,5,1.0,0.007193041150886584
76561198046360202,394,0,0,0.0,0,0.0,0,0.0,0,0.0,0,0.0,0,0.0,0.0
76561198064409203,10100,42,8,1.0,15,1.0,5,0.8333333333333334,4,1.0,5,1.0,5,1.0,0.004158415841584159
76561198302923503,397,9,3,0.375,2,0.13333333333333333,1,0.16666666666666666,1,0.25,1,0.2,1,0.2,0.022670025188916875
76561198135780449,165,9,4,0.5,3,0.2,0,0.0,1,0.25,0,0.0,1,0.2,0.05454545454545454
76561198013261863,423,10,3,0.375,2,0.13333333333333333,1,0.16666666666666666,2,0.5,1,0.2,1,0.2,0.02364066193853428
76561198025463060,199,0,0,0.0,0,0.0,0,0.0,0,0.0,0,0.0,0,0.0,0.0
76561197970532816,1047,27,5,0.625,8,0.5333333333333333,3,0.5,4,1.0,3,0.6,4,0.8,0.025787965616045846
76561198086556743,3984,43,8,1.0,15,1.0,6,1.0,4,1.0,5,1.0,5,1.0,0.010793172690763053
76561197962737643,1853,23,6,0.75,6,0.4,3,0.5,3,0.75,3,0.6,2,0.4,0.0124123043712898
76561197987034326,394,0,0,0.0,0,0.0,0,0.0,0,0.0,0,0.0,0,0.0,0.0
76561198022807781,2756,0,0,0.0,0,0.0,0,0.0,0,0.0,0,0.0,0,0.0,0.0
76561197962974319,6367,43,8,1.0,15,1.0,6,1.0,4,1.0,5,1.0,5,1.0,0.006753573111355426
76561198018742597,516,0,0,0.0,0,0.0,0,0.0,0,0.0,0,0.0,0,0.0,0.0
76561198388606792,155,5,2,0.25,2,0.13333333333333333,0,0.0,1,0.25,0,0.0,0,0.0,0.03225806451612903
76561197972731767,577,0,0,0.0,0,0.0,0,0.0,0,0.0,0,0.0,0,0.0,0.0
76561198125123765,485,0,0,0.0,0,0.0,0,0.0,0,0.0,0,0.0,0,0.0,0.0
76561198043607469,3521,28,6,0.75,9,0.6,3,0.5,3,0.75,4,0.8,3,0.6,0.007952286282306162
76561197974742349,199,0,0,0.0,0,0.0,0,0.0,0,0.0,0,0.0,0,0.0,0.0
76561198053475768,3945,43,8,1.0,15,1.0,6,1.0,4,1.0,5,1.0,5,1.0,0.010899873257287706
76561199108437662,151,0,0,0.0,0,0.0,0,0.0,0,0.0,0,0.0,0,0.0,0.0
76561197990384173,393,0,0,0.0,0,0.0,0,0.0,0,0.0,0,0.0,0,0.0,0.0
76561198263506056,410,43,8,1.0,15,1.0,6,1.0,4,1.0,5,1.0,5,1.0,0.1048780487804878
76561198120594540,995,5,4,0.5,1,0.06666666666666667,0,0.0,0,0.0,0,0.0,0,0.0,0.005025125628140704
76561199376571327,1350,43,8,1.0,15,1.0,6,1.0,4,1.0,5,1.0,5,1.0,0.03185185185185185
76561198136397211,385,0,0,0.0,0,0.0,0,0.0,0,0.0,0,0.0,0,0.0,0.0
76561198353841721,12282,43,8,1.0,15,1.0,6,1.0,4,1.0,5,1.0,5,1.0,0.003501058459534278
76561197998105505,54,0,0,0.0,0,0.0,0,0.0,0,0.0,0,0.0,0,0.0,0.0
76561198052442092,1858,22,6,0.75,9,0.6,2,0.3333333333333333,1,0.25,2,0.4,2,0.4,0.011840688912809472
76561198101432241,11429,43,8,1.0,15,1.0,6,1.0,4,1.0,5,1.0,5,1.0,0.003762358911540817
76561198116820015,2433,43,8,1.0,15,1.0,6,1.0,4,1.0,5,1.0,5,1.0,0.017673653925195234
76561198003213686,125,0,0,0.0,0,0.0,0,0.0,0,0.0,0,0.0,0,0.0,0.0
76561198036102917,898,11,4,0.5,3,0.2,1,0.16666666666666666,2,0.5,1,0.2,0,0.0,0.012249443207126948
76561198946305329,2385,27,6,0.75,9,0.6,6,1.0,3,0.75,1,0.2,2,0.4,0.011320754716981131
76561197972745621,362,5,3,0.375,1,0.06666666666666667,0,0.0,1,0.25,0,0.0,0,0.0,0.013812154696132596
76561198018534147,189,9,2,0.25,5,0.3333333333333333,0,0.0,1,0.25,1,0.2,0,0.0,0.047619047619047616
76561198029023990,11774,41,8,1.0,15,1.0,5,0.8333333333333334,4,1.0,4,0.8,5,1.0,0.0034822490232716153
76561197963550511,480,3,3,0.375,0,0.0,0,0.0,0,0.0,0,0.0,0,0.0,0.00625
76561198053605081,5345,27,5,0.625,10,0.6666666666666666,3,0.5,4,1.0,3,0.6,2,0.4,0.005051449953227315
76561198025796747,286,0,0,0.0,0,0.0,0,0.0,0,0.0,0,0.0,0,0.0,0.0
76561197986862386,185,3,3,0.375,0,0.0,0,0.0,0,0.0,0,0.0,0,0.0,0.016216216216216217
76561198385306369,324,43,8,1.0,15,1.0,6,1.0,4,1.0,5,1.0,5,1.0,0.13271604938271606
76561198031220488,312,0,0,0.0,0,0.0,0,0.0,0,0.0,0,0.0,0,0.0,0.0
76561197960485586,353,0,0,0.0,0,0.0,0,0.0,0,0.0,0,0.0,0,0.0,0.0
76561198013143519,104,7,5,0.625,1,0.06666666666666667,0,0.0,0,0.0,1,0.2,0,0.0,0.0673076923076923
76561198087733716,3796,24,6,0.75,5,0.3333333333333333,4,0.6666666666666666,4,1.0,3,0.6,2,0.4,0.006322444678609062
76561198000562069,6799,31,8,1.0,9,0.6,3,0.5,4,1.0,4,0.8,3,0.6,0.004559494043241653
76561198974195624,6131,43,8,1.0,15,1.0,6,1.0,4,1.0,5,1.0,5,1.0,0.007013537758930028
76561198011348528,2575,21,6,0.75,5,0.3333333333333333,2,0.3333333333333333,1,0.25,4,0.8,3,0.6,0.008155339805825243
76561197974283794,299,0,0,0.0,0,0.0,0,0.0,0,0.0,0,0.0,0,0.0,0.0
76561197971576301,484,6,4,0.5,1,0.06666666666666667,0,0.0,1,0.25,0,0.0,0,0.0,0.012396694214876033
76561198029593271,461,0,0,0.0,0,0.0,0,0.0,0,0.0,0,0.0,0,0.0,0.0
76561198000459192,60,0,0,0.0,0,0.0,0,0.0,0,0.0,0,0.0,0,0.0,0.0
76561198052125808,2715,20,8,1.0,5,0.3333333333333333,3,0.5,1,0.25,3,0.6,0,0.0,0.007366482504604052
76561198119652767,59,3,2,0.25,0,0.0,0,0.0,1,0.25,0,0.0,0,0.0,0.05084745762711865
76561198041323297,211,0,0,0.0,0,0.0,0,0.0,0,0.0,0,0.0,0,0.0,0.0
76561198152365403,2819,43,8,1.0,15,1.0,6,1.0,4,1.0,5,1.0,5,1.0,0.015253636041149344
76561198075702316,258,0,0,0.0,0,0.0,0,0.0,0,0.0,0,0.0,0,0.0,0.0
76561197989187753,570,6,0,0.0,5,0.3333333333333333,0,0.0,1,0.25,0,0.0,0,0.0,0.010526315789473684
76561198381239848,433,43,8,1.0,15,1.0,6,1.0,4,1.0,5,1.0,5,1.0,0.09930715935334873
76561198078952194,3535,43,8,1.0,15,1.0,6,1.0,4,1.0,5,1.0,5,1.0,0.012164073550212163
76561198081156647,4071,28,7,0.875,7,0.4666666666666667,5,0.8333333333333334,1,0.25,3,0.6,5,1.0,0.006877916973716531
76561198025037510,481,14,5,0.625,3,0.2,1,0.16666666666666666,3,0.75,1,0.2,1,0.2,0.029106029106029108
76561197971437698,374,0,0,0.0,0,0.0,0,0.0,0,0.0,0,0.0,0,0.0,0.0
76561198075749816,571,0,0,0.0,0,0.0,0,0.0,0,0.0,0,0.0,0,0.0,0.0
76561197982655680,3115,19,7,0.875,5,0.3333333333333333,2,0.3333333333333333,1,0.25,2,0.4,2,0.4,0.006099518459069021
76561198871277392,8524,43,8,1.0,15,1.0,6,1.0,4,1.0,5,1.0,5,1.0,0.005044580009385265
76561198193698835,5775,31,7,0.875,10,0.6666666666666666,4,0.6666666666666666,1,0.25,5,1.0,4,0.8,0.005367965367965368
76561198015122447,1368,24,6,0.75,9,0.6,2,0.3333333333333333,1,0.25,3,0.6,3,0.6,0.017543859649122806
76561198365519916,280,0,0,0.0,0,0.0,0,0.0,0,0.0,0,0.0,0,0.0,0.0
76561198061438211,941,43,8,1.0,15,1.0,6,1.0,4,1.0,5,1.0,5,1.0,0.04569606801275239
76561198140831121,617,0,0,0.0,0,0.0,0,0.0,0,0.0,0,0.0,0,0.0,0.0
76561197988445370,49,1,0,0.0,0,0.0,0,0.0,1,0.25,0,0.0,0,0.0,0.02040816326530612
76561198013680011,977,0,0,0.0,0,0.0,0,0.0,0,0.0,0,0.0,0,0.0,0.0
76561197985238561,7548,30,8,1.0,9,0.6,4,0.6666666666666666,4,1.0,2,0.4,3,0.6,0.00397456279809221
76561198005871916,3346,43,8,1.0,15,1.0,6,1.0,4,1.0,5,1.0,5,1.0,0.012851165570830842
76561197990912078,3556,18,5,0.625,4,0.26666666666666666,2,0.3333333333333333,1,0.25,4,0.8,2,0.4,0.005061867266591676
76561198020850053,402,0,0,0.0,0,0.0,0,0.0,0,0.0,0,0.0,0,0.0,0.0
76561198169462091,704,0,0,0.0,0,0.0,0,0.0,0,0.0,0,0.0,0,0.0,0.0
76561197985194039,2110,9,4,0.5,1,0.06666666666666667,1,0.16666666666666666,1,0.25,1,0.2,1,0.2,0.0042654028436018955
76561197988437395,6080,32,8,1.0,9,0.6,3,0.5,3,0.75,5,1.0,4,0.8,0.005263157894736842
76561198028866149,1139,0,0,0.0,0,0.0,0,0.0,0,0.0,0,0.0,0,0.0,0.0
76561198077248235,369,0,0,0.0,0,0.0,0,0.0,0,0.0,0,0.0,0,0.0,0.0
76561197970850127,105,7,3,0.375,2,0.13333333333333333,0,0.0,1,0.25,0,0.0,1,0.2,0.06666666666666667
76561198112313168,591,0,0,0.0,0,0.0,0,0.0,0,0.0,0,0.0,0,0.0,0.0
76561197978017307,129,7,5,0.625,1,0.06666666666666667,0,0.0,0,0.0,0,0.0,1,0.2,0.05426356589147287
76561199093489500,2374,43,8,1.0,15,1.0,6,1.0,4,1.0,5,1.0,5,1.0,0.018112889637742206
76561198864851315,241,0,0,0.0,0,0.0,0,0.0,0,0.0,0,0.0,0,0.0,0.0
76561197961048460,289,0,0,0.0,0,0.0,0,0.0,0,0.0,0,0.0,0,0.0,0.0
76561198048430200,598,0,0,0.0,0,0.0,0,0.0,0,0.0,0,0.0,0,0.0,0.0
76561199086098585,444,0,0,0.0,0,0.0,0,0.0,0,0.0,0,0.0,0,0.0,0.0
76561198029314576,312,5,2,0.25,2,0.13333333333333333,0,0.0,1,0.25,0,0.0,0,0.0,0.016025641025641024
76561198029049127,408,0,0,0.0,0,0.0,0,0.0,0,0.0,0,0.0,0,0.0,0.0
76561198034698530,393,0,0,0.0,0,0.0,0,0.0,0,0.0,0,0.0,0,0.0,0.0
76561198162722657,2330,16,7,0.875,2,0.13333333333333333,2,0.3333333333333333,2,0.5,2,0.4,1,0.2,0.0068669527896995704
76561198282335679,563,0,0,0.0,0,0.0,0,0.0,0,0.0,0,0.0,0,0.0,0.0
76561198178557050,1948,43,8,1.0,15,1.0,6,1.0,4,1.0,5,1.0,5,1.0,0.022073921971252568
76561198092258220,173,2,2,0.25,0,0.0,0,0.0,0,0.0,0,0.0,0,0.0,0.011560693641618497
76561197967576247,963,15,5,0.625,4,0.26666666666666666,1,0.16666666666666666,3,0.75,0,0.0,2,0.4,0.01557632398753894
76561198003048979,9581,26,8,1.0,5,0.3333333333333333,5,0.8333333333333334,4,1.0,3,0.6,1,0.2,0.0027137042062415195
76561198021422660,259,0,0,0.0,0,0.0,0,0.0,0,0.0,0,0.0,0,0.0,0.0
76561198192866085,334,43,8,1.0,15,1.0,6,1.0,4,1.0,5,1.0,5,1.0,0.12874251497005987
76561198096655954,6231,40,8,1.0,15,1.0,5,0.8333333333333334,4,1.0,5,1.0,3,0.6,0.006419515326592842
76561198022852314,559,0,0,0.0,0,0.0,0,0.0,0,0.0,0,0.0,0,0.0,0.0
76561198273714027,503,0,0,0.0,0,0.0,0,0.0,0,0.0,0,0.0,0,0.0,0.0
76561198078528278,669,5,3,0.375,2,0.13333333333333333,0,0.0,0,0.0,0,0.0,0,0.0,0.007473841554559043
76561198068624982,393,0,0,0.0,0,0.0,0,0.0,0,0.0,0,0.0,0,0.0,0.0
76561197991243081,602,0,0,0.0,0,0.0,0,0.0,0,0.0,0,0.0,0,0.0,0.0
76561199041710124,512,14,5,0.625,5,0.3333333333333333,2,0.3333333333333333,1,0.25,0,0.0,1,0.2,0.02734375
76561197994839062,2547,0,0,0.0,0,0.0,0,0.0,0,0.0,0,0.0,0,0.0,0.0
76561198096019960,373,0,0,0.0,0,0.0,0,0.0,0,0.0,0,0.0,0,0.0,0.0
76561198366638721,253,0,0,0.0,0,0.0,0,0.0,0,0.0,0,0.0,0,0.0,0.0
76561198034574711,2093,18,6,0.75,4,0.26666666666666666,3,0.5,2,0.5,3,0.6,0,0.0,0.008600095556617296
76561198856841858,817,43,8,1.0,15,1.0,6,1.0,4,1.0,5,1.0,5,1.0,0.05263157894736842
76561197987453398,439,0,0,0.0,0,0.0,0,0.0,0,0.0,0,0.0,0,0.0,0.0
76561197962061039,133,0,0,0.0,0,0.0,0,0.0,0,0.0,0,0.0,0,0.0,0.0
76561197994729999,164,5,2,0.25,1,0.06666666666666667,0,0.0,1,0.25,0,0.0,1,0.2,0.03048780487804878
76561198003246975,571,0,0,0.0,0,0.0,0,0.0,0,0.0,0,0.0,0,0.0,0.0
76561198029925667,1515,17,7,0.875,4,0.26666666666666666,2,0.3333333333333333,2,0.5,2,0.4,0,0.0,0.011221122112211221
76561197998776409,262,0,0,0.0,0,0.0,0,0.0,0,0.0,0,0.0,0,0.0,0.0
76561198142329708,424,0,0,0.0,0,0.0,0,0.0,0,0.0,0,0.0,0,0.0,0.0
76561198002956670,5077,36,7,0.875,14,0.9333333333333333,4,0.6666666666666666,3,0.75,4,0.8,4,0.8,0.007090801654520386
76561198089950070,1446,43,8,1.0,15,1.0,6,1.0,4,1.0,5,1.0,5,1.0,0.029737206085753802
76561198093799893,250,11,4,0.5,4,0.26666666666666666,1,0.16666666666666666,1,0.25,1,0.2,0,0.0,0.044
76561198173634835,380,0,0,0.0,0,0.0,0,0.0,0,0.0,0,0.0,0,0.0,0.0
76561198343765519,374,43,8,1.0,15,1.0,6,1.0,4,1.0,5,1.0,5,1.0,0.11497326203208556
76561198047270545,5114,25,7,0.875,6,0.4,4,0.6666666666666666,1,0.25,3,0.6,4,0.8,0.004888541259288229
76561198021436484,201,0,0,0.0,0,0.0,0,0.0,0,0.0,0,0.0,0,0.0,0.0
76561198024981381,661,14,5,0.625,4,0.26666666666666666,1,0.16666666666666666,1,0.25,1,0.2,2,0.4,0.02118003025718608
76561197976001012,37,5,3,0.375,1,0.06666666666666667,0,0.0,0,0.0,1,0.2,0,0.0,0.13513513513513514
76561198148591890,281,43,8,1.0,15,1.0,6,1.0,4,1.0,5,1.0,5,1.0,0.15302491103202848
76561197992174178,481,0,0,0.0,0,0.0,0,0.0,0,0.0,0,0.0,0,0.0,0.0
76561198065795715,423,6,3,0.375,2,0.13333333333333333,0,0.0,1,0.25,0,0.0,0,0.0,0.014184397163120567
76561198066694652,88,8,4,0.5,0,0.0,0,0.0,2,0.5,2,0.4,0,0.0,0.09090909090909091
76561197989999060,5210,43,8,1.0,15,1.0,6,1.0,4,1.0,5,1.0,5,1.0,0.008253358925143953
76561197967503679,272,9,4,0.5,2,0.13333333333333333,1,0.16666666666666666,1,0.25,0,0.0,1,0.2,0.03308823529411765
76561198149424034,325,0,0,0.0,0,0.0,0,0.0,0,0.0,0,0.0,0,0.0,0.0
76561197969991065,1550,21,6,0.75,4,0.26666666666666666,3,0.5,3,0.75,3,0.6,2,0.4,0.013548387096774193
76561198064614327,3799,36,7,0.875,12,0.8,5,0.8333333333333334,4,1.0,5,1.0,3,0.6,0.009476177941563569
76561198279067706,262,0,0,0.0,0,0.0,0,0.0,0,0.0,0,0.0,0,0.0,0.0
76561198322530254,69,6,4,0.5,1,0.06666666666666667,0,0.0,1,0.25,0,0.0,0,0.0,0.08695652173913043
76561197987755126,414,18,5,0.625,6,0.4,1,0.16666666666666666,4,1.0,1,0.2,1,0.2,0.043478260869565216
76561198187580027,526,0,0,0.0,0,0.0,0,0.0,0,0.0,0,0.0,0,0.0,0.0
76561198249063862,2250,43,8,1.0,15,1.0,6,1.0,4,1.0,5,1.0,5,1.0,0.01911111111111111
76561198271284439,3009,43,8,1.0,15,1.0,6,1.0,4,1.0,5,1.0,5,1.0,0.014290461947490861
76561198009471319,402,0,0,0.0,0,0.0,0,0.0,0,0.0,0,0.0,0,0.0,0.0
76561197990093159,149,8,3,0.375,2,0.13333333333333333,1,0.16666666666666666,1,0.25,0,0.0,1,0.2,0.053691275167785234
76561198065892602,618,9,4,0.5,1,0.06666666666666667,1,0.16666666666666666,3,0.75,0,0.0,0,0.0,0.014563106796116505
76561197982720629,326,2,0,0.0,1,0.06666666666666667,0,0.0,1,0.25,0,0.0,0,0.0,0.006134969325153374
76561197966618551,1101,12,4,0.5,3,0.2,1,0.16666666666666666,2,0.5,1,0.2,1,0.2,0.010899182561307902
76561197993529677,464,10,4,0.5,2,0.13333333333333333,1,0.16666666666666666,1,0.25,1,0.2,1,0.2,0.021551724137931036
76561198057846171,959,0,0,0.0,0,0.0,0,0.0,0,0.0,0,0.0,0,0.0,0.0
76561198036541930,783,0,0,0.0,0,0.0,0,0.0,0,0.0,0,0.0,0,0.0,0.0
76561198089611316,480,0,0,0.0,0,0.0,0,0.0,0,0.0,0,0.0,0,0.0,0.0
76561198075447635,3949,28,7,0.875,10,0.6666666666666666,3,0.5,1,0.25,4,0.8,3,0.6,0.007090402633578121
76561198972315676,466,16,5,0.625,5,0.3333333333333333,1,0.16666666666666666,4,1.0,1,0.2,0,0.0,0.034334763948497854
76561197974786730,6067,34,7,0.875,13,0.8666666666666667,4,0.6666666666666666,3,0.75,5,1.0,2,0.4,0.005604087687489699
76561197984235967,401,0,0,0.0,0,0.0,0,0.0,0,0.0,0,0.0,0,0.0,0.0
76561199143126237,624,3,3,0.375,0,0.0,0,0.0,0,0.0,0,0.0,0,0.0,0.004807692307692308
76561197964454963,40,5,4,0.5,0,0.0,0,0.0,1,0.25,0,0.0,0,0.0,0.125
76561198033103032,9265,28,8,1.0,6,0.4,4,0.6666666666666666,3,0.75,4,0.8,3,0.6,0.0030221262817053426
76561198022620733,3065,35,8,1.0,12,0.8,4,0.6666666666666666,3,0.75,4,0.8,4,0.8,0.011419249592169658
76561197981732215,2723,20,6,0.75,4,0.26666666666666666,4,0.6666666666666666,2,0.5,2,0.4,2,0.4,0.007344840249724568
76561197962767542,546,0,0,0.0,0,0.0,0,0.0,0,0.0,0,0.0,0,0.0,0.0
76561198050854730,1362,21,6,0.75,4,0.26666666666666666,3,0.5,3,0.75,3,0.6,2,0.4,0.015418502202643172
76561197970377585,440,0,0,0.0,0,0.0,0,0.0,0,0.0,0,0.0,0,0.0,0.0
76561198084092954,3037,43,8,1.0,15,1.0,6,1.0,4,1.0,5,1.0,5,1.0,0.01415870925255186
76561197970312414,174,0,0,0.0,0,0.0,0,0.0,0,0.0,0,0.0,0,0.0,0.0
76561198054960169,435,0,0,0.0,0,0.0,0,0.0,0,0.0,0,0.0,0,0.0,0.0
76561198403370432,208,0,0,0.0,0,0.0,0,0.0,0,0.0,0,0.0,0,0.0,0.0
76561198029374030,109,5,1,0.125,2,0.13333333333333333,0,0.0,0,0.0,1,0.2,1,0.2,0.045871559633027525
76561198071922719,570,4,2,0.25,1,0.06666666666666667,1,0.16666666666666666,0,0.0,0,0.0,0,0.0,0.007017543859649123
76561198029800969,493,6,3,0.375,2,0.13333333333333333,0,0.0,1,0.25,0,0.0,0,0.0,0.012170385395537525
76561197964222909,90,0,0,0.0,0,0.0,0,0.0,0,0.0,0,0.0,0,0.0,0.0
76561198119104567,10669,43,8,1.0,15,1.0,6,1.0,4,1.0,5,1.0,5,1.0,0.004030368356921924
76561197975942806,149,0,0,0.0,0,0.0,0,0.0,0,0.0,0,0.0,0,0.0,0.0
76561198879557541,1148,43,8,1.0,15,1.0,6,1.0,4,1.0,5,1.0,5,1.0,0.037456445993031356
76561197984813768,595,0,0,0.0,0,0.0,0,0.0,0,0.0,0,0.0,0,0.0,0.0
76561197991584508,2381,20,7,0.875,5,0.3333333333333333,2,0.3333333333333333,2,0.5,2,0.4,2,0.4,0.008399832003359933
76561198078498143,217,7,1,0.125,3,0.2,1,0.16666666666666666,1,0.25,0,0.0,1,0.2,0.03225806451612903
76561198861426666,302,3,3,0.375,0,0.0,0,0.0,0,0.0,0,0.0,0,0.0,0.009933774834437087
76561197989374217,515,0,0,0.0,0,0.0,0,0.0,0,0.0,0,0.0,0,0.0,0.0
76561198000574093,11309,28,8,1.0,6,0.4,3,0.5,4,1.0,4,0.8,3,0.6,0.0024759041471394466
76561197987089584,68,4,1,0.125,2,0.13333333333333333,0,0.0,1,0.25,0,0.0,0,0.0,0.058823529411764705
76561198299932182,72,4,3,0.375,0,0.0,0,0.0,1,0.25,0,0.0,0,0.0,0.05555555555555555
76561198001537536,741,0,0,0.0,0,0.0,0,0.0,0,0.0,0,0.0,0,0.0,0.0
76561198262860208,406,0,0,0.0,0,0.0,0,0.0,0,0.0,0,0.0,0,0.0,0.0
76561198016291889,96,3,1,0.125,0,0.0,1,0.16666666666666666,1,0.25,0,0.0,0,0.0,0.03125
76561198082995144,6310,43,8,1.0,15,1.0,6,1.0,4,1.0,5,1.0,5,1.0,0.006814580031695721
76561198006268774,568,6,3,0.375,2,0.13333333333333333,0,0.0,0,0.0,0,0.0,1,0.2,0.01056338028169014
76561197965165543,935,10,4,0.5,2,0.13333333333333333,1,0.16666666666666666,2,0.5,1,0.2,0,0.0,0.0106951871657754
76561199095412999,380,43,8,1.0,15,1.0,6,1.0,4,1.0,5,1.0,5,1.0,0.11315789473684211
76561198074195807,8582,43,8,1.0,15,1.0,6,1.0,4,1.0,5,1.0,5,1.0,0.005010487065951992
76561197972256700,1867,30,7,0.875,9,0.6,3,0.5,4,1.0,4,0.8,3,0.6,0.016068559185859668
76561198857139749,308,43,8,1.0,15,1.0,6,1.0,4,1.0,5,1.0,5,1.0,0.1396103896103896
76561198993697628,1770,27,6,0.75,9,0.6,3,0.5,3,0.75,4,0.8,2,0.4,0.015254237288135594
76561198286311746,991,0,0,0.0,0,0.0,0,0.0,0,0.0,0,0.0,0,0.0,0.0
76561198080106269,322,0,0,0.0,0,0.0,0,0.0,0,0.0,0,0.0,0,0.0,0.0
76561197995434036,157,0,0,0.0,0,0.0,0,0.0,0,0.0,0,0.0,0,0.0,0.0
76561197966930309,623,18,6,0.75,7,0.4666666666666667,2,0.3333333333333333,1,0.25,1,0.2,1,0.2,0.028892455858747994
76561198017412419,6078,43,8,1.0,15,1.0,6,1.0,4,1.0,5,1.0,5,1.0,0.007074695623560382
76561198034536984,2017,25,4,0.5,7,0.4666666666666667,3,0.5,3,0.75,5,1.0,3,0.6,0.012394645513138325
76561197995588045,52,4,3,0.375,0,0.0,0,0.0,1,0.25,0,0.0,0,0.0,0.07692307692307693
76561198275249113,5532,35,7,0.875,13,0.8666666666666667,3,0.5,4,1.0,5,1.0,3,0.6,0.006326825741142444
76561198031837797,441,0,0,0.0,0,0.0,0,0.0,0,0.0,0,0.0,0,0.0,0.0
76561197978201633,344,0,0,0.0,0,0.0,0,0.0,0,0.0,0,0.0,0,0.0,0.0
76561197960405174,206,6,3,0.375,1,0.06666666666666667,1,0.16666666666666666,1,0.25,0,0.0,0,0.0,0.02912621359223301
76561198170081071,361,5,3,0.375,1,0.06666666666666667,0,0.0,1,0.25,0,0.0,0,0.0,0.013850415512465374
76561198049442527,232,0,0,0.0,0,0.0,0,0.0,0,0.0,0,0.0,0,0.0,0.0
76561198132288628,2748,43,8,1.0,15,1.0,6,1.0,4,1.0,5,1.0,5,1.0,0.01564774381368268
76561198834458897,1691,43,8,1.0,15,1.0,6,1.0,4,1.0,5,1.0,5,1.0,0.0254287403903016
76561197998617324,70,0,0,0.0,0,0.0,0,0.0,0,0.0,0,0.0,0,0.0,0.0
76561198053070206,394,0,0,0.0,0,0.0,0,0.0,0,0.0,0,0.0,0,0.0,0.0
76561198196483042,345,7,4,0.5,2,0.13333333333333333,0,0.0,1,0.25,0,0.0,0,0.0,0.020289855072463767
76561198034385973,214,7,4,0.5,2,0.13333333333333333,0,0.0,1,0.25,0,0.0,0,0.0,0.03271028037383177
76561198030277114,429,11,3,0.375,3,0.2,1,0.16666666666666666,2,0.5,1,0.2,1,0.2,0.02564102564102564
76561198882715997,1635,43,8,1.0,15,1.0,6,1.0,4,1.0,5,1.0,5,1.0,0.026299694189602447
76561198086107514,1025,20,5,0.625,4,0.26666666666666666,4,0.6666666666666666,3,0.75,2,0.4,2,0.4,0.01951219512195122
76561198176059619,339,0,0,0.0,0,0.0,0,0.0,0,0.0,0,0.0,0,0.0,0.0
76561199089502145,218,43,8,1.0,15,1.0,6,1.0,4,1.0,5,1.0,5,1.0,0.19724770642201836
76561197960547315,609,0,0,0.0,0,0.0,0,0.0,0,0.0,0,0.0,0,0.0,0.0
76561198083931265,2683,43,8,1.0,15,1.0,6,1.0,4,1.0,5,1.0,5,1.0,0.0160268356317555
76561198119067891,8573,31,7,0.875,9,0.6,4,0.6666666666666666,4,1.0,4,0.8,3,0.6,0.0036160037326490144
76561197979169919,3208,0,0,0.0,0,0.0,0,0.0,0,0.0,0,0.0,0,0.0,0.0
76561198416224768,131,0,0,0.0,0,0.0,0,0.0,0,0.0,0,0.0,0,0.0,0.0
76561198072678486,434,7,2,0.25,2,0.13333333333333333,0,0.0,1,0.25,1,0.2,1,0.2,0.016129032258064516
76561198007989044,67,5,4,0.5,1,0.06666666666666667,0,0.0,0,0.0,0,0.0,0,0.0,0.07462686567164178
76561198057945441,404,2,0,0.0,1,0.06666666666666667,0,0.0,1,0.25,0,0.0,0,0.0,0.0049504950495049506
76561198020203467,11200,43,8,1.0,15,1.0,6,1.0,4,1.0,5,1.0,5,1.0,0.0038392857142857144
76561198216975279,142,0,0,0.0,0,0.0,0,0.0,0,0.0,0,0.0,0,0.0,0.0
76561199174906677,938,43,8,1.0,15,1.0,6,1.0,4,1.0,5,1.0,5,1.0,0.04584221748400853
76561198004754538,68,0,0,0.0,0,0.0,0,0.0,0,0.0,0,0.0,0,0.0,0.0
76561198030225688,315,0,0,0.0,0,0.0,0,0.0,0,0.0,0,0.0,0,0.0,0.0
76561197994774108,68,4,2,0.25,1,0.06666666666666667,0,0.0,1,0.25,0,0.0,0,0.0,0.058823529411764705
76561198035188248,7016,33,6,0.75,10,0.6666666666666666,5,0.8333333333333334,4,1.0,4,0.8,4,0.8,0.004703534777651083
76561198025781024,156,0,0,0.0,0,0.0,0,0.0,0,0.0,0,0.0,0,0.0,0.0
76561197982606807,343,13,5,0.625,2,0.13333333333333333,2,0.3333333333333333,3,0.75,0,0.0,1,0.2,0.037900874635568516
76561198844550932,602,0,0,0.0,0,0.0,0,0.0,0,0.0,0,0.0,0,0.0,0.0
76561198028056626,1150,4,4,0.5,0,0.0,0,0.0,0,0.0,0,0.0,0,0.0,0.0034782608695652175
76561198112667420,605,0,0,0.0,0,0.0,0,0.0,0,0.0,0,0.0,0,0.0,0.0
76561198292739838,10434,43,8,1.0,15,1.0,6,1.0,4,1.0,5,1.0,5,1.0,0.004121142419014759
76561198230358608,393,0,0,0.0,0,0.0,0,0.0,0,0.0,0,0.0,0,0.0,0.0
76561197984900990,415,6,4,0.5,1,0.06666666666666667,0,0.0,1,0.25,0,0.0,0,0.0,0.014457831325301205
76561198009744465,196,0,0,0.0,0,0.0,0,0.0,0,0.0,0,0.0,0,0.0,0.0
76561199078295060,3101,43,8,1.0,15,1.0,6,1.0,4,1.0,5,1.0,5,1.0,0.013866494679135763
76561198127725117,9175,39,8,1.0,11,0.7333333333333333,6,1.0,4,1.0,5,1.0,5,1.0,0.004250681198910082
76561198134870681,2738,43,8,1.0,15,1.0,6,1.0,4,1.0,5,1.0,5,1.0,0.015704894083272462
76561198090598330,296,6,4,0.5,1,0.06666666666666667,0,0.0,0,0.0,0,0.0,1,0.2,0.02027027027027027
76561198028421529,3428,1,0,0.0,1,0.06666666666666667,0,0.0,0,0.0,0,0.0,0,0.0,0.00029171528588098014
76561198007220143,650,0,0,0.0,0,0.0,0,0.0,0,0.0,0,0.0,0,0.0,0.0
76561198045925412,589,0,0,0.0,0,0.0,0,0.0,0,0.0,0,0.0,0,0.0,0.0
76561198084691345,231,0,0,0.0,0,0.0,0,0.0,0,0.0,0,0.0,0,0.0,0.0
76561198092221120,7679,43,8,1.0,15,1.0,6,1.0,4,1.0,5,1.0,5,1.0,0.005599687459304597
76561198261798215,3665,43,8,1.0,15,1.0,6,1.0,4,1.0,5,1.0,5,1.0,0.011732605729877216
76561198048979421,1550,20,7,0.875,5,0.3333333333333333,2,0.3333333333333333,1,0.25,2,0.4,3,0.6,0.012903225806451613
76561198038056805,86,6,1,0.125,2,0.13333333333333333,1,0.16666666666666666,1,0.25,1,0.2,0,0.0,0.06976744186046512
76561198008085425,2398,21,8,1.0,4,0.26666666666666666,2,0.3333333333333333,1,0.25,3,0.6,3,0.6,0.008757297748123435
76561197962287503,785,0,0,0.0,0,0.0,0,0.0,0,0.0,0,0.0,0,0.0,0.0
76561198971397766,1579,43,8,1.0,15,1.0,6,1.0,4,1.0,5,1.0,5,1.0,0.027232425585813805
76561198055677691,366,9,3,0.375,2,0.13333333333333333,1,0.16666666666666666,1,0.25,2,0.4,0,0.0,0.02459016393442623
76561198057552595,1020,16,5,0.625,4,0.26666666666666666,2,0.3333333333333333,1,0.25,2,0.4,2,0.4,0.01568627450980392
76561198855518804,302,19,5,0.625,7,0.4666666666666667,2,0.3333333333333333,1,0.25,2,0.4,2,0.4,0.06291390728476821
76561198970568869,580,15,5,0.625,3,0.2,1,0.16666666666666666,2,0.5,2,0.4,2,0.4,0.02586206896551724
76561198049212147,620,14,6,0.75,3,0.2,2,0.3333333333333333,2,0.5,0,0.0,1,0.2,0.02258064516129032
76561198010323350,171,8,5,0.625,1,0.06666666666666667,0,0.0,0,0.0,1,0.2,1,0.2,0.04678362573099415
76561198973499974,1807,43,8,1.0,15,1.0,6,1.0,4,1.0,5,1.0,5,1.0,0.023796347537354733
76561197970792411,812,0,0,0.0,0,0.0,0,0.0,0,0.0,0,0.0,0,0.0,0.0
76561198109871307,1463,11,5,0.625,2,0.13333333333333333,1,0.16666666666666666,1,0.25,1,0.2,1,0.2,0.007518796992481203
76561198036714867,10612,42,8,1.0,15,1.0,5,0.8333333333333334,4,1.0,5,1.0,5,1.0,0.00395778364116095
76561198180549481,448,43,8,1.0,15,1.0,6,1.0,4,1.0,5,1.0,5,1.0,0.09598214285714286
76561197996503861,1102,17,6,0.75,4,0.26666666666666666,2,0.3333333333333333,2,0.5,1,0.2,2,0.4,0.015426497277676952
76561197966479359,269,0,0,0.0,0,0.0,0,0.0,0,0.0,0,0.0,0,0.0,0.0
76561198881358611,543,0,0,0.0,0,0.0,0,0.0,0,0.0,0,0.0,0,0.0,0.0
76561198026506133,41,0,0,0.0,0,0.0,0,0.0,0,0.0,0,0.0,0,0.0,0.0
76561198004434208,186,43,8,1.0,15,1.0,6,1.0,4,1.0,5,1.0,5,1.0,0.23118279569892472
76561198051227320,1993,22,5,0.625,6,0.4,3,0.5,4,1.0,3,0.6,1,0.2,0.011038635223281485
76561197970423195,580,0,0,0.0,0,0.0,0,0.0,0,0.0,0,0.0,0,0.0,0.0
76561198067347675,3672,43,8,1.0,15,1.0,6,1.0,4,1.0,5,1.0,5,1.0,0.011710239651416121
76561198170985497,122,8,4,0.5,2,0.13333333333333333,0,0.0,2,0.5,0,0.0,0,0.0,0.06557377049180328
76561198035839569,152,0,0,0.0,0,0.0,0,0.0,0,0.0,0,0.0,0,0.0,0.0
76561198121716572,7429,40,8,1.0,14,0.9333333333333333,5,0.8333333333333334,3,0.75,5,1.0,5,1.0,0.005384304751648943
76561198066519820,7556,43,8,1.0,15,1.0,6,1.0,4,1.0,5,1.0,5,1.0,0.0056908417151932235
76561198037085103,1171,9,1,0.125,2,0.13333333333333333,5,0.8333333333333334,1,0.25,0,0.0,0,0.0,0.007685738684884714
76561197982793768,264,0,0,0.0,0,0.0,0,0.0,0,0.0,0,0.0,0,0.0,0.0
76561198057498761,6679,37,7,0.875,14,0.9333333333333333,4,0.6666666666666666,4,1.0,5,1.0,3,0.6,0.005539751459799371
76561197972482791,1613,17,5,0.625,4,0.26666666666666666,2,0.3333333333333333,2,0.5,1,0.2,3,0.6,0.010539367637941723
76561198978667010,677,4,3,0.375,1,0.06666666666666667,0,0.0,0,0.0,0,0.0,0,0.0,0.005908419497784343
76561198036803371,589,13,5,0.625,3,0.2,1,0.16666666666666666,2,0.5,1,0.2,1,0.2,0.022071307300509338
76561198044596404,592,0,0,0.0,0,0.0,0,0.0,0,0.0,0,0.0,0,0.0,0.0
76561198218497305,233,12,5,0.625,3,0.2,1,0.16666666666666666,1,0.25,1,0.2,1,0.2,0.05150214592274678
76561198428261375,35,1,0,0.0,1,0.06666666666666667,0,0.0,0,0.0,0,0.0,0,0.0,0.02857142857142857
76561198083542059,753,11,4,0.5,2,0.13333333333333333,1,0.16666666666666666,2,0.5,1,0.2,1,0.2,0.014608233731739707
76561197979584400,31,3,3,0.375,0,0.0,0,0.0,0,0.0,0,0.0,0,0.0,0.0967741935483871
76561198252374474,670,3,1,0.125,0,0.0,1,0.16666666666666666,0,0.0,0,0.0,1,0.2,0.004477611940298508
76561198117798611,1846,0,0,0.0,0,0.0,0,0.0,0,0.0,0,0.0,0,0.0,0.0
76561198006725990,1250,11,4,0.5,2,0.13333333333333333,1,0.16666666666666666,1,0.25,1,0.2,2,0.4,0.0088
76561197993435132,211,7,3,0.375,1,0.06666666666666667,1,0.16666666666666666,1,0.25,0,0.0,1,0.2,0.03317535545023697
76561198163638022,576,8,0,0.0,3,0.2,1,0.16666666666666666,2,0.5,1,0.2,1,0.2,0.013888888888888888
76561198044196794,475,8,4,0.5,1,0.06666666666666667,1,0.16666666666666666,0,0.0,2,0.4,0,0.0,0.016842105263157894
76561198040779532,331,0,0,0.0,0,0.0,0,0.0,0,0.0,0,0.0,0,0.0,0.0
76561198045763826,3134,43,8,1.0,15,1.0,6,1.0,4,1.0,5,1.0,5,1.0,0.01372048500319081
76561198071227141,279,0,0,0.0,0,0.0,0,0.0,0,0.0,0,0.0,0,0.0,0.0
76561197989217266,6904,33,8,1.0,11,0.7333333333333333,3,0.5,3,0.75,4,0.8,4,0.8,0.004779837775202781
76561198070472588,802,0,0,0.0,0,0.0,0,0.0,0,0.0,0,0.0,0,0.0,0.0
76561197975257757,480,0,0,0.0,0,0.0,0,0.0,0,0.0,0,0.0,0,0.0,0.0
76561198074545639,1813,21,6,0.75,6,0.4,2,0.3333333333333333,2,0.5,3,0.6,2,0.4,0.011583011583011582
76561198040014019,1397,27,8,1.0,9,0.6,2,0.3333333333333333,2,0.5,3,0.6,3,0.6,0.019327129563350035
76561198005235749,151,0,0,0.0,0,0.0,0,0.0,0,0.0,0,0.0,0,0.0,0.0
76561197998816333,430,8,5,0.625,2,0.13333333333333333,0,0.0,1,0.25,0,0.0,0,0.0,0.018604651162790697
76561198320882872,1023,43,8,1.0,15,1.0,6,1.0,4,1.0,5,1.0,5,1.0,0.042033235581622676
76561198309643622,715,17,4,0.5,5,0.3333333333333333,4,0.6666666666666666,2,0.5,1,0.2,1,0.2,0.023776223776223775
76561198408792535,1268,18,7,0.875,4,0.26666666666666666,2,0.3333333333333333,0,0.0,2,0.4,3,0.6,0.014195583596214511
76561198087759720,90,0,0,0.0,0,0.0,0,0.0,0,0.0,0,0.0,0,0.0,0.0
76561198052138190,196,0,0,0.0,0,0.0,0,0.0,0,0.0,0,0.0,0,0.0,0.0
76561197970356119,1265,19,5,0.625,8,0.5333333333333333,2,0.3333333333333333,1,0.25,0,0.0,3,0.6,0.015019762845849802
76561198002805794,459,3,1,0.125,1,0.06666666666666667,0,0.0,1,0.25,0,0.0,0,0.0,0.006535947712418301
76561198014817175,225,0,0,0.0,0,0.0,0,0.0,0,0.0,0,0.0,0,0.0,0.0
76561198070418315,2285,20,7,0.875,5,0.3333333333333333,2,0.3333333333333333,4,1.0,2,0.4,0,0.0,0.0087527352297593
76561197970964921,393,0,0,0.0,0,0.0,0,0.0,0,0.0,0,0.0,0,0.0,0.0
76561197970724214,1987,22,7,0.875,5,0.3333333333333333,2,0.3333333333333333,2,0.5,3,0.6,3,0.6,0.011071967790639155
76561197980688855,159,8,5,0.625,2,0.13333333333333333,0,0.0,0,0.0,0,0.0,1,0.2,0.050314465408805034
76561197983559284,185,0,0,0.0,0,0.0,0,0.0,0,0.0,0,0.0,0,0.0,0.0
76561198009015400,406,0,0,0.0,0,0.0,0,0.0,0,0.0,0,0.0,0,0.0,0.0
76561198102780049,920,43,8,1.0,15,1.0,6,1.0,4,1.0,5,1.0,5,1.0,0.04673913043478261
76561197972654006,516,1,1,0.125,0,0.0,0,0.0,0,0.0,0,0.0,0,0.0,0.001937984496124031
76561197996919908,1069,21,7,0.875,5,0.3333333333333333,2,0.3333333333333333,3,0.75,2,0.4,2,0.4,0.019644527595884004
76561198016838181,11108,32,8,1.0,9,0.6,4,0.6666666666666666,3,0.75,5,1.0,3,0.6,0.0028808066258552397
76561198049902675,4281,21,7,0.875,5,0.3333333333333333,3,0.5,2,0.5,2,0.4,2,0.4,0.004905395935529082
76561198256592614,1419,43,8,1.0,15,1.0,6,1.0,4,1.0,5,1.0,5,1.0,0.030303030303030304
76561198027036398,2093,0,0,0.0,0,0.0,0,0.0,0,0.0,0,0.0,0,0.0,0.0
76561197985021868,405,0,0,0.0,0,0.0,0,0.0,0,0.0,0,0.0,0,0.0,0.0
76561197988922281,75,0,0,0.0,0,0.0,0,0.0,0,0.0,0,0.0,0,0.0,0.0
76561199024652319,1018,43,8,1.0,15,1.0,6,1.0,4,1.0,5,1.0,5,1.0,0.04223968565815324
76561198014974789,576,0,0,0.0,0,0.0,0,0.0,0,0.0,0,0.0,0,0.0,0.0
76561199335324815,276,6,0,0.0,2,0.13333333333333333,1,0.16666666666666666,1,0.25,2,0.4,0,0.0,0.021739130434782608
76561198049775783,173,8,4,0.5,2,0.13333333333333333,0,0.0,1,0.25,0,0.0,1,0.2,0.046242774566473986
76561198036256662,203,7,2,0.25,2,0.13333333333333333,1,0.16666666666666666,2,0.5,0,0.0,0,0.0,0.034482758620689655
76561197994872286,8726,33,8,1.0,9,0.6,5,0.8333333333333334,4,1.0,4,0.8,3,0.6,0.003781801512720605
76561198010001511,625,0,0,0.0,0,0.0,0,0.0,0,0.0,0,0.0,0,0.0,0.0
76561198041379206,328,0,0,0.0,0,0.0,0,0.0,0,0.0,0,0.0,0,0.0,0.0
76561198038556165,141,0,0,0.0,0,0.0,0,0.0,0,0.0,0,0.0,0,0.0,0.0
76561198139908577,59,3,3,0.375,0,0.0,0,0.0,0,0.0,0,0.0,0,0.0,0.05084745762711865
76561198354970828,771,0,0,0.0,0,0.0,0,0.0,0,0.0,0,0.0,0,0.0,0.0
76561198001371079,6756,43,8,1.0,15,1.0,6,1.0,4,1.0,5,1.0,5,1.0,0.006364712847838958
76561198047441723,7676,43,8,1.0,15,1.0,6,1.0,4,1.0,5,1.0,5,1.0,0.005601875977071392
76561197960335311,576,0,0,0.0,0,0.0,0,0.0,0,0.0,0,0.0,0,0.0,0.0
76561198142453927,278,0,0,0.0,0,0.0,0,0.0,0,0.0,0,0.0,0,0.0,0.0
76561198043228049,6911,43,8,1.0,15,1.0,6,1.0,4,1.0,5,1.0,5,1.0,0.006221964983359861
76561198411619208,374,11,4,0.5,4,0.26666666666666666,1,0.16666666666666666,1,0.25,0,0.0,1,0.2,0.029411764705882353
76561197995083097,5677,43,8,1.0,15,1.0,6,1.0,4,1.0,5,1.0,5,1.0,0.007574423110797957
76561197971565582,381,0,0,0.0,0,0.0,0,0.0,0,0.0,0,0.0,0,0.0,0.0
76561198058253727,5934,43,8,1.0,15,1.0,6,1.0,4,1.0,5,1.0,5,1.0,0.007246376811594203
76561198272335001,336,0,0,0.0,0,0.0,0,0.0,0,0.0,0,0.0,0,0.0,0.0
76561198047884970,2742,21,7,0.875,5,0.3333333333333333,2,0.3333333333333333,3,0.75,2,0.4,2,0.4,0.007658643326039387
76561198026912448,1201,3,2,0.25,1,0.06666666666666667,0,0.0,0,0.0,0,0.0,0,0.0,0.002497918401332223
76561197998843219,156,0,0,0.0,0,0.0,0,0.0,0,0.0,0,0.0,0,0.0,0.0
76561198039886147,538,9,4,0.5,1,0.06666666666666667,1,0.16666666666666666,0,0.0,1,0.2,2,0.4,0.016728624535315983
76561198006248231,4328,30,7,0.875,9,0.6,4,0.6666666666666666,3,0.75,5,1.0,2,0.4,0.006931608133086876
76561198022855642,557,9,5,0.625,2,0.13333333333333333,0,0.0,1,0.25,0,0.0,1,0.2,0.01615798922800718
76561198028528793,10046,35,7,0.875,9,0.6,6,1.0,4,1.0,5,1.0,4,0.8,0.0034839737208839337
76561198012881777,427,7,4,0.5,1,0.06666666666666667,1,0.16666666666666666,0,0.0,0,0.0,1,0.2,0.01639344262295082
76561198167529479,3394,33,7,0.875,11,0.7333333333333333,4,0.6666666666666666,3,0.75,5,1.0,3,0.6,0.009723040659988214
76561198042574421,302,0,0,0.0,0,0.0,0,0.0,0,0.0,0,0.0,0,0.0,0.0
76561198051840144,524,0,0,0.0,0,0.0,0,0.0,0,0.0,0,0.0,0,0.0,0.0
76561198081415408,1818,43,8,1.0,15,1.0,6,1.0,4,1.0,5,1.0,5,1.0,0.023652365236523653
76561198802661056,218,1,1,0.125,0,0.0,0,0.0,0,0.0,0,0.0,0,0.0,0.0045871559633027525
76561197970675024,7959,26,8,1.0,5,0.3333333333333333,4,0.6666666666666666,4,1.0,3,0.6,2,0.4,0.0032667420530217363
76561199082492152,1855,43,8,1.0,15,1.0,6,1.0,4,1.0,5,1.0,5,1.0,0.023180592991913745
76561198034154230,582,0,0,0.0,0,0.0,0,0.0,0,0.0,0,0.0,0,0.0,0.0
76561197970791672,398,0,0,0.0,0,0.0,0,0.0,0,0.0,0,0.0,0,0.0,0.0
76561198031357094,399,0,0,0.0,0,0.0,0,0.0,0,0.0,0,0.0,0,0.0,0.0
76561198256939238,1756,26,8,1.0,6,0.4,2,0.3333333333333333,3,0.75,4,0.8,3,0.6,0.014806378132118452
76561198035010599,391,0,0,0.0,0,0.0,0,0.0,0,0.0,0,0.0,0,0.0,0.0
76561198018576932,7703,35,8,1.0,11,0.7333333333333333,4,0.6666666666666666,4,1.0,4,0.8,4,0.8,0.004543684278852395
76561198046334266,93,8,5,0.625,2,0.13333333333333333,0,0.0,1,0.25,0,0.0,0,0.0,0.08602150537634409
