mean_fit_time,std_fit_time,mean_score_time,std_score_time,param_clf__C,param_clf__penalty,params,split0_test_macro_f1,split1_test_macro_f1,split2_test_macro_f1,split3_test_macro_f1,split4_test_macro_f1,mean_test_macro_f1,std_test_macro_f1,rank_test_macro_f1,split0_test_bal_acc,split1_test_bal_acc,split2_test_bal_acc,split3_test_bal_acc,split4_test_bal_acc,mean_test_bal_acc,std_test_bal_acc,rank_test_bal_acc,model,param_clf__max_depth,param_clf__min_samples_leaf,param_clf__n_estimators,param_clf__learning_rate,param_clf__max_leaf_nodes,param_clf__gamma
0.018974447250366212,0.001745195281725308,0.0037812232971191407,0.000925290171042927,0.1,l2,"{'clf__C': 0.1, 'clf__penalty': 'l2'}",0.7926926605004847,0.757654927885951,0.7484589072824367,0.7823055988459673,0.810982727464458,0.7784189643958596,0.022838534223755015,5,0.8152321603128054,0.7847910557184751,0.7666812705366922,0.808457760661414,0.8151856693636719,0.7980695833186118,0.01927160685367072,5,logreg,,,,,,
0.02095141410827637,0.0029040212204403536,0.003128528594970703,0.0009495042826618294,0.5,l2,"{'clf__C': 0.5, 'clf__penalty': 'l2'}",0.8257353973751795,0.8550475396983194,0.8160118847197964,0.8708475717694142,0.8702948564389038,0.8475874500003228,0.02274572943169263,4,0.8509249755620724,0.882591642228739,0.8307917888563049,0.887859237536657,0.8767350928641251,0.8657805474095797,0.021610112322141124,4,logreg,,,,,,
0.018554306030273436,0.0032973758758990004,0.0027068614959716796,0.0008925252749061478,1.0,l2,"{'clf__C': 1.0, 'clf__penalty': 'l2'}",0.8712241936132944,0.8951959521044124,0.8346928472478252,0.8740135850397477,0.8971436481404412,0.8744540452291443,0.022523869972289983,3,0.8968963831867057,0.9243328445747799,0.8501466275659825,0.8896774193548387,0.9045747800586511,0.8931256109481917,0.02440605115561218,3,logreg,,,,,,
0.022585105895996094,0.0028156454138484723,0.002980661392211914,0.0014306571838557135,2.0,l2,"{'clf__C': 2.0, 'clf__penalty': 'l2'}",0.895890811504232,0.9084427138120665,0.8689886830879345,0.9230709950940893,0.9370511144653669,0.9066888635927379,0.023371855040508503,2,0.921302541544477,0.9289919354838709,0.8860410557184751,0.9338416422287391,0.9406842619745847,0.9221722873900294,0.019139472330417868,2,logreg,,,,,,
0.022172164916992188,0.0033996592859336233,0.002498292922973633,0.0006944355968640462,5.0,l2,"{'clf__C': 5.0, 'clf__penalty': 'l2'}",0.9171405943813559,0.9364104944084228,0.9147598289533774,0.9452115626309177,0.9503621037165301,0.9327769168181206,0.01446493785205315,1,0.9366434506353862,0.948966275659824,0.9302052785923755,0.9503812316715543,0.9459237536656891,0.9424239980449659,0.007759885130570914,1,logreg,,,,,,
0.3974647045135498,0.009464068383132785,0.008275699615478516,0.000950365649864498,,,"{'clf__max_depth': None, 'clf__min_samples_leaf': 1, 'clf__n_estimators': 200}",0.9340056060750642,0.9452423413635058,0.9612121212121213,0.9657853936394487,0.9386528295850329,0.9489796583750346,0.012465143869391937,9,0.9282233626588464,0.9401160801564028,0.9612903225806452,0.9594721407624635,0.927956989247312,0.9434117790811338,0.014546323856053305,21,rf,,1.0,200.0,,,
0.6957349300384521,0.03708049130230997,0.020323467254638673,0.0011613685070678834,,,"{'clf__max_depth': None, 'clf__min_samples_leaf': 1, 'clf__n_estimators': 400}",0.9340056060750642,0.9452423413635058,0.9612121212121213,0.9657853936394487,0.9455454849522645,0.9503581894484808,0.011597822839313977,1,0.9282233626588464,0.9401160801564028,0.9612903225806452,0.9594721407624635,0.9346236559139787,0.9447451124144672,0.013322682760844544,1,rf,,1.0,400.0,,,
1.3608930110931396,0.032204400583964655,0.03268618583679199,0.004772013228295358,,,"{'clf__max_depth': None, 'clf__min_samples_leaf': 1, 'clf__n_estimators': 800}",0.9301704620340381,0.9452423413635058,0.9612121212121213,0.9657853936394487,0.9455454849522645,0.9495911606402757,0.012725903993609127,3,0.9264051808406647,0.9401160801564028,0.9612903225806452,0.9594721407624635,0.9346236559139787,0.944381476050831,0.013785449559953651,3,rf,,1.0,800.0,,,
0.3684099197387695,0.04104955428026646,0.01003408432006836,0.0027539113182065513,,,"{'clf__max_depth': None, 'clf__min_samples_leaf': 2, 'clf__n_estimators': 200}",0.9301704620340381,0.9389105944923617,0.9612121212121213,0.9657853936394487,0.9429520310102559,0.947806120477645,0.013540193019092202,24,0.9264051808406647,0.9338660801564028,0.9612903225806452,0.9594721407624635,0.9346236559139787,0.9431314760508309,0.014385830157001598,24,rf,,2.0,200.0,,,
0.6145262718200684,0.05016550766370036,0.02057757377624512,0.0017450869459525549,,,"{'clf__max_depth': None, 'clf__min_samples_leaf': 2, 'clf__n_estimators': 400}",0.9301704620340381,0.9389105944923617,0.9574947181898725,0.9657853936394487,0.9429520310102559,0.9470626398731954,0.012869097776161341,31,0.9264051808406647,0.9338660801564028,0.9594721407624635,0.9594721407624635,0.9346236559139787,0.9427678396871946,0.013938242395871407,30,rf,,2.0,400.0,,,
1.2702447891235351,0.022330118585083377,0.028298330307006837,0.004189900054413689,,,"{'clf__max_depth': None, 'clf__min_samples_leaf': 2, 'clf__n_estimators': 800}",0.9301704620340381,0.9389105944923617,0.9612121212121213,0.9657853936394487,0.9429520310102559,0.947806120477645,0.013540193019092202,24,0.9264051808406647,0.9338660801564028,0.9612903225806452,0.9594721407624635,0.9346236559139787,0.9431314760508309,0.014385830157001598,24,rf,,2.0,800.0,,,
0.3273023128509521,0.019479324772361938,0.006856679916381836,0.001138368428979317,,,"{'clf__max_depth': None, 'clf__min_samples_leaf': 5, 'clf__n_estimators': 200}",0.9432390239416225,0.9389105944923617,0.9574947181898725,0.9657853936394487,0.9359073582952622,0.9482674177117134,0.011468465530858453,17,0.9393084066471162,0.9338660801564028,0.9594721407624635,0.9594721407624635,0.9281720430107526,0.9440581622678396,0.013068962983639566,13,rf,,5.0,200.0,,,
0.5243418693542481,0.035615257541949226,0.014758110046386719,0.0029656495412109275,,,"{'clf__max_depth': None, 'clf__min_samples_leaf': 5, 'clf__n_estimators': 400}",0.9432390239416225,0.9389105944923617,0.9574947181898725,0.9657853936394487,0.9359073582952622,0.9482674177117134,0.011468465530858453,17,0.9393084066471162,0.9338660801564028,0.9594721407624635,0.9594721407624635,0.9281720430107526,0.9440581622678396,0.013068962983639566,13,rf,,5.0,400.0,,,
1.0250207901000976,0.05094419235443687,0.025449180603027345,0.00417820091841973,,,"{'clf__max_depth': None, 'clf__min_samples_leaf': 5, 'clf__n_estimators': 800}",0.9386503390226796,0.9389105944923617,0.9574947181898725,0.9657853936394487,0.9429520310102559,0.9487586152709235,0.01094630402065809,12,0.9328567937438905,0.9338660801564028,0.9594721407624635,0.9594721407624635,0.9346236559139787,0.9440581622678398,0.012597940869698367,9,rf,,5.0,800.0,,,
0.2862823486328125,0.014146381076962906,0.009798145294189453,0.0020649125708341915,,,"{'clf__max_depth': 8, 'clf__min_samples_leaf': 1, 'clf__n_estimators': 200}",0.9301704620340381,0.9452423413635058,0.9612121212121213,0.9657853936394487,0.9429520310102559,0.949072469851874,0.012931423062250817,7,0.9264051808406647,0.9401160801564028,0.9612903225806452,0.9594721407624635,0.9346236559139787,0.944381476050831,0.013785449559953651,3,rf,8,1.0,200.0,,,
0.4944924354553223,0.012444614911848374,0.012753629684448242,0.002835148201648145,,,"{'clf__max_depth': 8, 'clf__min_samples_leaf': 1, 'clf__n_estimators': 400}",0.9301704620340381,0.9452423413635058,0.9612121212121213,0.9657853936394487,0.9429520310102559,0.949072469851874,0.012931423062250817,7,0.9264051808406647,0.9401160801564028,0.9612903225806452,0.9594721407624635,0.9346236559139787,0.944381476050831,0.013785449559953651,3,rf,8,1.0,400.0,,,
1.0132588863372802,0.021410106050830786,0.027039480209350587,0.00375035240286453,,,"{'clf__max_depth': 8, 'clf__min_samples_leaf': 1, 'clf__n_estimators': 800}",0.9301704620340381,0.9452423413635058,0.9574947181898725,0.9657853936394487,0.9429520310102559,0.9483289892474241,0.01230372160727933,16,0.9264051808406647,0.9401160801564028,0.9594721407624635,0.9594721407624635,0.9346236559139787,0.9440178396871947,0.01335178648193146,19,rf,8,1.0,800.0,,,
0.2551943302154541,0.0178308157788681,0.008087968826293946,0.00208981908294916,,,"{'clf__max_depth': 8, 'clf__min_samples_leaf': 2, 'clf__n_estimators': 200}",0.9367259741498841,0.9414881128961626,0.9574947181898725,0.9657853936394487,0.9382538785252181,0.9479496154801172,0.011584061668857159,23,0.9328567937438905,0.9382978983382209,0.9594721407624635,0.9594721407624635,0.927956989247312,0.9436111925708699,0.013357257401881265,20,rf,8,2.0,200.0,,,
0.5108846664428711,0.01968627109616194,0.01338210105895996,0.003275089898128897,,,"{'clf__max_depth': 8, 'clf__min_samples_leaf': 2, 'clf__n_estimators': 400}",0.9301704620340381,0.9389105944923617,0.9574947181898725,0.9657853936394487,0.9429520310102559,0.9470626398731954,0.012869097776161341,31,0.9264051808406647,0.9338660801564028,0.9594721407624635,0.9594721407624635,0.9346236559139787,0.9427678396871946,0.013938242395871407,30,rf,8,2.0,400.0,,,
1.1611006259918213,0.03783171623546757,0.025620412826538087,0.002436109564889361,,,"{'clf__max_depth': 8, 'clf__min_samples_leaf': 2, 'clf__n_estimators': 800}",0.9301704620340381,0.9389105944923617,0.9574947181898725,0.9657853936394487,0.9429520310102559,0.9470626398731954,0.012869097776161341,31,0.9264051808406647,0.9338660801564028,0.9594721407624635,0.9594721407624635,0.9346236559139787,0.9427678396871946,0.013938242395871407,30,rf,8,2.0,800.0,,,
0.3309304714202881,0.057351452616971194,0.009895133972167968,0.0026006997237538543,,,"{'clf__max_depth': 8, 'clf__min_samples_leaf': 5, 'clf__n_estimators': 200}",0.9386503390226796,0.9389105944923617,0.9538514121244829,0.9657853936394487,0.9359073582952622,0.946621019514847,0.011465746823829684,36,0.9328567937438905,0.9338660801564028,0.9576539589442815,0.9594721407624635,0.9281720430107526,0.9424042033235581,0.013345235097059996,36,rf,8,5.0,200.0,,,
0.5276488304138184,0.030668282545020995,0.013437414169311523,0.0025039989042944517,,,"{'clf__max_depth': 8, 'clf__min_samples_leaf': 5, 'clf__n_estimators': 400}",0.9386503390226796,0.9389105944923617,0.9574947181898725,0.9657853936394487,0.9359073582952622,0.9473496807279249,0.012005171893058058,30,0.9328567937438905,0.9338660801564028,0.9594721407624635,0.9594721407624635,0.9281720430107526,0.9427678396871946,0.013773705266781467,30,rf,8,5.0,400.0,,,
1.0712006568908692,0.09764600282456361,0.02467312812805176,0.002091947277000934,,,"{'clf__max_depth': 8, 'clf__min_samples_leaf': 5, 'clf__n_estimators': 800}",0.9386503390226796,0.9389105944923617,0.9574947181898725,0.9657853936394487,0.9429520310102559,0.9487586152709235,0.01094630402065809,12,0.9328567937438905,0.9338660801564028,0.9594721407624635,0.9594721407624635,0.9346236559139787,0.9440581622678398,0.012597940869698367,9,rf,8,5.0,800.0,,,
0.3038227081298828,0.022258620464690168,0.006436586380004883,0.00044687969058706574,,,"{'clf__max_depth': 16, 'clf__min_samples_leaf': 1, 'clf__n_estimators': 200}",0.9340056060750642,0.9452423413635058,0.9612121212121213,0.9657853936394487,0.9386528295850329,0.9489796583750346,0.012465143869391937,9,0.9282233626588464,0.9401160801564028,0.9612903225806452,0.9594721407624635,0.927956989247312,0.9434117790811338,0.014546323856053305,21,rf,16,1.0,200.0,,,
0.5514525890350341,0.021173945068921896,0.020863866806030272,0.003568311688185337,,,"{'clf__max_depth': 16, 'clf__min_samples_leaf': 1, 'clf__n_estimators': 400}",0.9301704620340381,0.9452423413635058,0.9612121212121213,0.9657853936394487,0.9455454849522645,0.9495911606402757,0.012725903993609127,3,0.9264051808406647,0.9401160801564028,0.9612903225806452,0.9594721407624635,0.9346236559139787,0.944381476050831,0.013785449559953651,3,rf,16,1.0,400.0,,,
1.082578754425049,0.01825209931418885,0.027762222290039062,0.005982261151316578,,,"{'clf__max_depth': 16, 'clf__min_samples_leaf': 1, 'clf__n_estimators': 800}",0.9301704620340381,0.9452423413635058,0.9612121212121213,0.9657853936394487,0.9455454849522645,0.9495911606402757,0.012725903993609127,3,0.9264051808406647,0.9401160801564028,0.9612903225806452,0.9594721407624635,0.9346236559139787,0.944381476050831,0.013785449559953651,3,rf,16,1.0,800.0,,,
0.2733876705169678,0.01773216032162337,0.008281421661376954,0.002431780586299955,,,"{'clf__max_depth': 16, 'clf__min_samples_leaf': 2, 'clf__n_estimators': 200}",0.9301704620340381,0.9389105944923617,0.9612121212121213,0.9657853936394487,0.9429520310102559,0.947806120477645,0.013540193019092202,24,0.9264051808406647,0.9338660801564028,0.9612903225806452,0.9594721407624635,0.9346236559139787,0.9431314760508309,0.014385830157001598,24,rf,16,2.0,200.0,,,
0.5354758262634277,0.029069695613175385,0.013651418685913085,0.0034879140776112646,,,"{'clf__max_depth': 16, 'clf__min_samples_leaf': 2, 'clf__n_estimators': 400}",0.9301704620340381,0.9389105944923617,0.9574947181898725,0.9657853936394487,0.9429520310102559,0.9470626398731954,0.012869097776161341,31,0.9264051808406647,0.9338660801564028,0.9594721407624635,0.9594721407624635,0.9346236559139787,0.9427678396871946,0.013938242395871407,30,rf,16,2.0,400.0,,,
1.1501792430877686,0.0389973685228788,0.0320551872253418,0.003164558292321869,,,"{'clf__max_depth': 16, 'clf__min_samples_leaf': 2, 'clf__n_estimators': 800}",0.9301704620340381,0.9389105944923617,0.9612121212121213,0.9657853936394487,0.9429520310102559,0.947806120477645,0.013540193019092202,24,0.9264051808406647,0.9338660801564028,0.9612903225806452,0.9594721407624635,0.9346236559139787,0.9431314760508309,0.014385830157001598,24,rf,16,2.0,800.0,,,
0.30459933280944823,0.06480701359332626,0.007901716232299804,0.0021683056521242215,,,"{'clf__max_depth': 16, 'clf__min_samples_leaf': 5, 'clf__n_estimators': 200}",0.9432390239416225,0.9389105944923617,0.9574947181898725,0.9657853936394487,0.9359073582952622,0.9482674177117134,0.011468465530858453,17,0.9393084066471162,0.9338660801564028,0.9594721407624635,0.9594721407624635,0.9281720430107526,0.9440581622678396,0.013068962983639566,13,rf,16,5.0,200.0,,,
0.5423575401306152,0.03520659365388482,0.01807093620300293,0.0028205987687512962,,,"{'clf__max_depth': 16, 'clf__min_samples_leaf': 5, 'clf__n_estimators': 400}",0.9432390239416225,0.9389105944923617,0.9574947181898725,0.9657853936394487,0.9359073582952622,0.9482674177117134,0.011468465530858453,17,0.9393084066471162,0.9338660801564028,0.9594721407624635,0.9594721407624635,0.9281720430107526,0.9440581622678396,0.013068962983639566,13,rf,16,5.0,400.0,,,
1.034324312210083,0.035151373855279985,0.027206993103027342,0.003790056710105498,,,"{'clf__max_depth': 16, 'clf__min_samples_leaf': 5, 'clf__n_estimators': 800}",0.9386503390226796,0.9389105944923617,0.9574947181898725,0.9657853936394487,0.9429520310102559,0.9487586152709235,0.01094630402065809,12,0.9328567937438905,0.9338660801564028,0.9594721407624635,0.9594721407624635,0.9346236559139787,0.9440581622678398,0.012597940869698367,9,rf,16,5.0,800.0,,,
0.2953057289123535,0.025440039622831395,0.007656764984130859,0.0019380941113836395,,,"{'clf__max_depth': 24, 'clf__min_samples_leaf': 1, 'clf__n_estimators': 200}",0.9340056060750642,0.9452423413635058,0.9612121212121213,0.9657853936394487,0.9386528295850329,0.9489796583750346,0.012465143869391937,9,0.9282233626588464,0.9401160801564028,0.9612903225806452,0.9594721407624635,0.927956989247312,0.9434117790811338,0.014546323856053305,21,rf,24,1.0,200.0,,,
0.5603104591369629,0.017529200095660034,0.013533592224121094,0.0028101186664725103,,,"{'clf__max_depth': 24, 'clf__min_samples_leaf': 1, 'clf__n_estimators': 400}",0.9340056060750642,0.9452423413635058,0.9612121212121213,0.9657853936394487,0.9455454849522645,0.9503581894484808,0.011597822839313977,1,0.9282233626588464,0.9401160801564028,0.9612903225806452,0.9594721407624635,0.9346236559139787,0.9447451124144672,0.013322682760844544,1,rf,24,1.0,400.0,,,
1.094986867904663,0.04163057750423946,0.030753326416015626,0.004644122026169001,,,"{'clf__max_depth': 24, 'clf__min_samples_leaf': 1, 'clf__n_estimators': 800}",0.9301704620340381,0.9452423413635058,0.9612121212121213,0.9657853936394487,0.9455454849522645,0.9495911606402757,0.012725903993609127,3,0.9264051808406647,0.9401160801564028,0.9612903225806452,0.9594721407624635,0.9346236559139787,0.944381476050831,0.013785449559953651,3,rf,24,1.0,800.0,,,
0.289138126373291,0.01653530860627814,0.007311487197875976,0.0014339415165707742,,,"{'clf__max_depth': 24, 'clf__min_samples_leaf': 2, 'clf__n_estimators': 200}",0.9301704620340381,0.9389105944923617,0.9612121212121213,0.9657853936394487,0.9429520310102559,0.947806120477645,0.013540193019092202,24,0.9264051808406647,0.9338660801564028,0.9612903225806452,0.9594721407624635,0.9346236559139787,0.9431314760508309,0.014385830157001598,24,rf,24,2.0,200.0,,,
0.5455217838287354,0.03148990422598412,0.01643366813659668,0.0033347725123116425,,,"{'clf__max_depth': 24, 'clf__min_samples_leaf': 2, 'clf__n_estimators': 400}",0.9301704620340381,0.9389105944923617,0.9574947181898725,0.9657853936394487,0.9429520310102559,0.9470626398731954,0.012869097776161341,31,0.9264051808406647,0.9338660801564028,0.9594721407624635,0.9594721407624635,0.9346236559139787,0.9427678396871946,0.013938242395871407,30,rf,24,2.0,400.0,,,
1.0350247383117677,0.05019194366935485,0.028394794464111327,0.008944321212552155,,,"{'clf__max_depth': 24, 'clf__min_samples_leaf': 2, 'clf__n_estimators': 800}",0.9301704620340381,0.9389105944923617,0.9612121212121213,0.9657853936394487,0.9429520310102559,0.947806120477645,0.013540193019092202,24,0.9264051808406647,0.9338660801564028,0.9612903225806452,0.9594721407624635,0.9346236559139787,0.9431314760508309,0.014385830157001598,24,rf,24,2.0,800.0,,,
0.26800384521484377,0.017703216812658133,0.00828723907470703,0.003003616734914083,,,"{'clf__max_depth': 24, 'clf__min_samples_leaf': 5, 'clf__n_estimators': 200}",0.9432390239416225,0.9389105944923617,0.9574947181898725,0.9657853936394487,0.9359073582952622,0.9482674177117134,0.011468465530858453,17,0.9393084066471162,0.9338660801564028,0.9594721407624635,0.9594721407624635,0.9281720430107526,0.9440581622678396,0.013068962983639566,13,rf,24,5.0,200.0,,,
0.5518197536468505,0.03875742343671416,0.015653467178344725,0.00415321709380902,,,"{'clf__max_depth': 24, 'clf__min_samples_leaf': 5, 'clf__n_estimators': 400}",0.9432390239416225,0.9389105944923617,0.9574947181898725,0.9657853936394487,0.9359073582952622,0.9482674177117134,0.011468465530858453,17,0.9393084066471162,0.9338660801564028,0.9594721407624635,0.9594721407624635,0.9281720430107526,0.9440581622678396,0.013068962983639566,13,rf,24,5.0,400.0,,,
0.8574676036834716,0.02425304060554123,0.019205570220947266,0.001263170450788333,,,"{'clf__max_depth': 24, 'clf__min_samples_leaf': 5, 'clf__n_estimators': 800}",0.9386503390226796,0.9389105944923617,0.9574947181898725,0.9657853936394487,0.9429520310102559,0.9487586152709235,0.01094630402065809,12,0.9328567937438905,0.9338660801564028,0.9594721407624635,0.9594721407624635,0.9346236559139787,0.9440581622678398,0.012597940869698367,9,rf,24,5.0,800.0,,,
0.24585237503051757,0.00922038614029992,0.008242034912109375,0.0004324877695698474,,,"{'clf__learning_rate': 0.05, 'clf__max_depth': None, 'clf__max_leaf_nodes': 15}",0.9301704620340381,0.9452423413635058,0.9609331651954603,0.9458229456305164,0.931754617118607,0.9427847062684254,0.011184090972143606,21,0.9264051808406647,0.9401160801564028,0.9612903225806452,0.9364809384164223,0.921505376344086,0.9371595796676443,0.013800038974193329,22,hgb,,,,0.05,15.0,
0.423793888092041,0.022746081708596814,0.014071989059448241,0.0033302500669336464,,,"{'clf__learning_rate': 0.05, 'clf__max_depth': None, 'clf__max_leaf_nodes': 31}",0.9301704620340381,0.9452423413635058,0.9609331651954603,0.9583015651934259,0.931754617118607,0.9452804301810074,0.012851601282359805,11,0.9264051808406647,0.9401160801564028,0.9612903225806452,0.9512023460410557,0.921505376344086,0.9401038611925709,0.014870105200882127,16,hgb,,,,0.05,31.0,
0.5197301864624023,0.03478639188944036,0.015500164031982422,0.002165735027460986,,,"{'clf__learning_rate': 0.05, 'clf__max_depth': None, 'clf__max_leaf_nodes': 63}",0.9301704620340381,0.9384307433873369,0.9609331651954603,0.9583015651934259,0.931754617118607,0.9439181105857737,0.013141198291018496,18,0.9264051808406647,0.9336644672531769,0.9612903225806452,0.9512023460410557,0.921505376344086,0.9388135386119257,0.015091329475029832,19,hgb,,,,0.05,63.0,
0.25527181625366213,0.024780223611508653,0.007650041580200195,0.0009472007454074142,,,"{'clf__learning_rate': 0.05, 'clf__max_depth': 6, 'clf__max_leaf_nodes': 15}",0.9301704620340381,0.9321240617936134,0.9609331651954603,0.9496080137948424,0.931754617118607,0.940918063987312,0.012271378772364514,27,0.9264051808406647,0.9274144672531769,0.9612903225806452,0.938299120234604,0.921505376344086,0.9349828934506353,0.01425187625259324,27,hgb,6,,,0.05,15.0,
0.33518247604370116,0.016104096829333954,0.009531259536743164,0.0016876356214225868,,,"{'clf__learning_rate': 0.05, 'clf__max_depth': 6, 'clf__max_leaf_nodes': 31}",0.9301704620340381,0.9321240617936134,0.9677091214796134,0.9496080137948424,0.931754617118607,0.9422732552441427,0.014566450860416316,23,0.9264051808406647,0.9274144672531769,0.967741935483871,0.938299120234604,0.921505376344086,0.9362732160312806,0.0166633083707309,23,hgb,6,,,0.05,31.0,
0.36572904586791993,0.014053703556342577,0.011527681350708007,0.0034559923454182693,,,"{'clf__learning_rate': 0.05, 'clf__max_depth': 6, 'clf__max_leaf_nodes': 63}",0.9301704620340381,0.9321240617936134,0.9677091214796134,0.9496080137948424,0.931754617118607,0.9422732552441427,0.014566450860416316,23,0.9264051808406647,0.9274144672531769,0.967741935483871,0.938299120234604,0.921505376344086,0.9362732160312806,0.0166633083707309,23,hgb,6,,,0.05,63.0,
0.24853639602661132,0.02025808461585036,0.01143798828125,0.0021664364097021688,,,"{'clf__learning_rate': 0.05, 'clf__max_depth': 10, 'clf__max_leaf_nodes': 15}",0.9301704620340381,0.9321240617936134,0.9609331651954603,0.9500399975390689,0.931754617118607,0.9410044607361575,0.01233361915212568,26,0.9264051808406647,0.9274144672531769,0.9612903225806452,0.9429325513196481,0.921505376344086,0.9359095796676442,0.01458414102389188,26,hgb,10,,,0.05,15.0,
0.40895709991455076,0.03803151965994734,0.013330698013305664,0.001961641149394804,,,"{'clf__learning_rate': 0.05, 'clf__max_depth': 10, 'clf__max_leaf_nodes': 31}",0.9301704620340381,0.9389105944923617,0.9609331651954603,0.9538250657033949,0.931754617118607,0.9431187809087724,0.012218746538529479,20,0.9264051808406647,0.9338660801564028,0.9612903225806452,0.9447507331378299,0.921505376344086,0.9375635386119259,0.014217318771509054,21,hgb,10,,,0.05,31.0,
0.4961239337921143,0.0610215363826955,0.014437294006347657,0.00248714880412029,,,"{'clf__learning_rate': 0.05, 'clf__max_depth': 10, 'clf__max_leaf_nodes': 63}",0.9301704620340381,0.9389105944923617,0.9609331651954603,0.9496080137948424,0.931754617118607,0.9422753705270619,0.01157944505449491,22,0.9264051808406647,0.9338660801564028,0.9612903225806452,0.938299120234604,0.921505376344086,0.9362732160312806,0.0137929070076858,23,hgb,10,,,0.05,63.0,
0.24446611404418944,0.024421138421332898,0.011178159713745117,0.004130336700943754,,,"{'clf__learning_rate': 0.1, 'clf__max_depth': None, 'clf__max_leaf_nodes': 15}",0.9301704620340381,0.9498312042310572,0.9547131147540984,0.9586043521527392,0.931754617118607,0.9450147500581079,0.011816241417487562,13,0.9264051808406647,0.9465676930596285,0.9548387096774194,0.9558357771260997,0.921505376344086,0.9410305474095798,0.014392038122070823,14,hgb,,,,0.1,15.0,
0.37402143478393557,0.017173422503885632,0.014502716064453126,0.002066336505777806,,,"{'clf__learning_rate': 0.1, 'clf__max_depth': None, 'clf__max_leaf_nodes': 31}",0.926424502804306,0.9510200610970829,0.9547131147540984,0.9625929308954164,0.931754617118607,0.945301045333902,0.013857366803302903,10,0.9245869990224828,0.9461644672531768,0.9548387096774194,0.9622873900293255,0.921505376344086,0.9418765884652981,0.01622910655391662,12,hgb,,,,0.1,31.0,
0.4079601287841797,0.020203922518277434,0.015047407150268555,0.0024280601407387368,,,"{'clf__learning_rate': 0.1, 'clf__max_depth': None, 'clf__max_leaf_nodes': 63}",0.9301704620340381,0.9510200610970829,0.9677091214796134,0.9581284053303216,0.931754617118607,0.9477565334119327,0.0147082517126188,5,0.9264051808406647,0.9461644672531768,0.967741935483871,0.9558357771260997,0.921505376344086,0.9435305474095796,0.01745241453316261,5,hgb,,,,0.1,63.0,
0.23347859382629393,0.01312437627558963,0.00799860954284668,0.0002767255172476985,,,"{'clf__learning_rate': 0.1, 'clf__max_depth': 6, 'clf__max_leaf_nodes': 15}",0.9301704620340381,0.9447260269400723,0.9677091214796134,0.9663899729846787,0.931754617118607,0.9481500401114019,0.01624224002002242,2,0.9264051808406647,0.9399144672531768,0.967741935483871,0.9641055718475073,0.921505376344086,0.9439345063538612,0.01897455878403201,2,hgb,6,,,0.1,15.0,
0.3328995704650879,0.012484698703217542,0.010281229019165039,0.002976744864346477,,,"{'clf__learning_rate': 0.1, 'clf__max_depth': 6, 'clf__max_leaf_nodes': 31}",0.926424502804306,0.9447260269400723,0.9677091214796134,0.9624013942420013,0.931754617118607,0.94660313251692,0.016286355489101092,8,0.9245869990224828,0.9399144672531768,0.967741935483871,0.9576539589442815,0.921505376344086,0.9422805474095796,0.01808254289373348,8,hgb,6,,,0.1,31.0,
0.2992412090301514,0.02780713232038713,0.010050773620605469,0.0018653163501620687,,,"{'clf__learning_rate': 0.1, 'clf__max_depth': 6, 'clf__max_leaf_nodes': 63}",0.926424502804306,0.9447260269400723,0.9677091214796134,0.9624013942420013,0.931754617118607,0.94660313251692,0.016286355489101092,8,0.9245869990224828,0.9399144672531768,0.967741935483871,0.9576539589442815,0.921505376344086,0.9422805474095796,0.01808254289373348,8,hgb,6,,,0.1,63.0,
0.2485495090484619,0.010182541663251417,0.010396623611450195,0.002750887140084172,,,"{'clf__learning_rate': 0.1, 'clf__max_depth': 10, 'clf__max_leaf_nodes': 15}",0.9301704620340381,0.9431455671699573,0.9547131147540984,0.9586043521527392,0.931754617118607,0.9436776226458881,0.01157129095190703,19,0.9264051808406647,0.9401160801564028,0.9548387096774194,0.9558357771260997,0.921505376344086,0.9397402248289346,0.014124485216335239,17,hgb,10,,,0.1,15.0,
0.3838381290435791,0.04360712366967672,0.017644453048706054,0.012398097044306043,,,"{'clf__learning_rate': 0.1, 'clf__max_depth': 10, 'clf__max_leaf_nodes': 31}",0.9301704620340381,0.9452423413635058,0.961478494623656,0.9519479261414745,0.931754617118607,0.9441187682562562,0.011927662881666358,17,0.9264051808406647,0.9401160801564028,0.9612903225806452,0.949384164222874,0.921505376344086,0.9397402248289346,0.014614285099202907,17,hgb,10,,,0.1,31.0,
0.4164721488952637,0.04464871155958329,0.020111608505249023,0.01180959170175472,,,"{'clf__learning_rate': 0.1, 'clf__max_depth': 10, 'clf__max_leaf_nodes': 63}",0.9301704620340381,0.9452423413635058,0.9677091214796134,0.9597217954016412,0.931754617118607,0.9469196674794811,0.014895797631277132,6,0.9264051808406647,0.9401160801564028,0.967741935483871,0.9576539589442815,0.921505376344086,0.9426845063538613,0.01773205044956542,7,hgb,10,,,0.1,63.0,
0.19257960319519044,0.012650953386262504,0.011554718017578125,0.001359562977186459,,,"{'clf__learning_rate': 0.2, 'clf__max_depth': None, 'clf__max_leaf_nodes': 15}",0.926424502804306,0.9494564361503178,0.9547131147540984,0.9625929308954164,0.931754617118607,0.9449883203445492,0.01374193742198835,14,0.9245869990224828,0.9463660801564029,0.9548387096774194,0.9622873900293255,0.921505376344086,0.9419169110459433,0.016239956892087532,11,hgb,,,,0.2,15.0,
0.2622222423553467,0.01967424417157875,0.011916399002075195,0.004575210315654683,,,"{'clf__learning_rate': 0.2, 'clf__max_depth': None, 'clf__max_leaf_nodes': 31}",0.926424502804306,0.9447260269400723,0.9677091214796134,0.9625929308954164,0.931754617118607,0.946641439847603,0.016323652268899525,7,0.9245869990224828,0.9399144672531768,0.967741935483871,0.9622873900293255,0.921505376344086,0.9432072336265884,0.01894481470054833,6,hgb,,,,0.2,31.0,
0.2707065582275391,0.013957958160498307,0.01022181510925293,0.0014016243327033488,,,"{'clf__learning_rate': 0.2, 'clf__max_depth': None, 'clf__max_leaf_nodes': 63}",0.9301704620340381,0.9510200610970829,0.9677091214796134,0.9625929308954164,0.931754617118607,0.9486494385249514,0.015428674004599036,1,0.9264051808406647,0.9461644672531768,0.967741935483871,0.9622873900293255,0.921505376344086,0.944820869990225,0.018520311390803883,1,hgb,,,,0.2,63.0,
0.19552083015441896,0.019571159206531238,0.007897377014160156,0.0007682167907237795,,,"{'clf__learning_rate': 0.2, 'clf__max_depth': 6, 'clf__max_leaf_nodes': 15}",0.926424502804306,0.9498312042310572,0.961478494623656,0.9522333793162447,0.931754617118607,0.9443444396187741,0.013157078417274037,16,0.9245869990224828,0.9465676930596285,0.9612903225806452,0.954017595307918,0.921505376344086,0.9415935972629521,0.01587336982530417,13,hgb,6,,,0.2,15.0,
0.2313936710357666,0.020141850066954896,0.008463335037231446,0.0012228823689017254,,,"{'clf__learning_rate': 0.2, 'clf__max_depth': 6, 'clf__max_leaf_nodes': 31}",0.9301704620340381,0.9578725786642103,0.961478494623656,0.9663899729846787,0.9248300635486963,0.9481483143710558,0.017157838597282423,3,0.9264051808406647,0.9526160801564029,0.9612903225806452,0.9641055718475073,0.9150537634408604,0.9438941837732161,0.01962056267459083,3,hgb,6,,,0.2,31.0,
0.22658658027648926,0.035110527278247004,0.010524559020996093,0.003142289591490089,,,"{'clf__learning_rate': 0.2, 'clf__max_depth': 6, 'clf__max_leaf_nodes': 63}",0.9301704620340381,0.9578725786642103,0.961478494623656,0.9663899729846787,0.9248300635486963,0.9481483143710558,0.017157838597282423,3,0.9264051808406647,0.9526160801564029,0.9612903225806452,0.9641055718475073,0.9150537634408604,0.9438941837732161,0.01962056267459083,3,hgb,6,,,0.2,63.0,
0.1901409149169922,0.031150426526625096,0.009336757659912109,0.0022453959382589543,,,"{'clf__learning_rate': 0.2, 'clf__max_depth': 10, 'clf__max_leaf_nodes': 15}",0.926424502804306,0.9498312042310572,0.961478494623656,0.9559365048841517,0.931754617118607,0.9450850647323555,0.013674366838458005,12,0.9245869990224828,0.9465676930596285,0.9612903225806452,0.9558357771260997,0.921505376344086,0.9419572336265885,0.016171840655055454,10,hgb,10,,,0.2,15.0,
0.2539350509643555,0.01899553821092684,0.009731721878051759,0.0017378723778823648,,,"{'clf__learning_rate': 0.2, 'clf__max_depth': 10, 'clf__max_leaf_nodes': 31}",0.9301704620340381,0.9494564361503178,0.9549978982765868,0.9625929308954164,0.9248300635486963,0.944409558181011,0.014521208184081744,15,0.9264051808406647,0.9463660801564029,0.9548387096774194,0.9622873900293255,0.9150537634408604,0.9409902248289347,0.01766167113354879,15,hgb,10,,,0.2,31.0,
0.23663711547851562,0.030896423862002653,0.009330558776855468,0.00244495654964176,,,"{'clf__learning_rate': 0.2, 'clf__max_depth': 10, 'clf__max_leaf_nodes': 63}",0.926424502804306,0.9384307433873369,0.9549978982765868,0.9625929308954164,0.9248300635486963,0.9414552277824685,0.015110742549781194,25,0.9245869990224828,0.9336644672531769,0.9548387096774194,0.9622873900293255,0.9150537634408604,0.9380862658846529,0.017880813519928946,20,hgb,10,,,0.2,63.0,
0.0851895809173584,0.013934387784581007,0.012342262268066406,0.0016186024930917031,0.5,,"{'clf__C': 0.5, 'clf__gamma': 'scale'}",0.8806294710018114,0.849050662589141,0.8162433419115448,0.8648689528861944,0.850894135236796,0.8523373127250975,0.02132204391961693,11,0.9103934506353861,0.8926282991202346,0.8402346041055718,0.9039296187683284,0.8767350928641251,0.8847842130987292,0.02503343879282085,11,svc,,,,,,scale
0.1662731647491455,0.01122009637736499,0.018036699295043944,0.0024091120185721696,0.5,,"{'clf__C': 0.5, 'clf__gamma': 0.01}",0.758501167038075,0.732027570607506,0.6910207677108089,0.7422541046803104,0.775974244669896,0.7399555709413194,0.02864973090833718,16,0.7902077223851418,0.7778971163245356,0.7346768893756845,0.7792347101014027,0.790996949675535,0.7746026775724599,0.020681717513638013,16,svc,,,,,,0.01
0.09816555976867676,0.005907920049649249,0.011048221588134765,0.0033022006208050965,0.5,,"{'clf__C': 0.5, 'clf__gamma': 0.05}",0.8452818970045584,0.8297141018331347,0.7744714831861297,0.8333333333333334,0.838095446056756,0.8241792522827825,0.025393999808614294,13,0.8769220430107527,0.8688416422287389,0.7932551319648093,0.8716715542521994,0.8638318670576736,0.8549044477028348,0.031114281941699348,13,svc,,,,,,0.05
0.08700699806213379,0.010920011948129136,0.012222719192504884,0.0030693219359792935,0.5,,"{'clf__C': 0.5, 'clf__gamma': 0.1}",0.8753591777667088,0.8442277329771135,0.8049454600126307,0.850713129985657,0.838095446056756,0.8426681893597732,0.022714613180522515,12,0.9085752688172043,0.8863782991202346,0.8273313782991203,0.8892082111436949,0.8638318670576736,0.8750650048875854,0.027769195850880824,12,svc,,,,,,0.1
0.07053127288818359,0.0016386788679566102,0.010771989822387695,0.0029473783394729134,1.0,,"{'clf__C': 1.0, 'clf__gamma': 'scale'}",0.8847693866417272,0.8879644430837047,0.8769897104570472,0.9245213739258699,0.9255018036278863,0.899949343547247,0.020774631527474458,6,0.9140298142717498,0.9241043499511241,0.9037536656891497,0.9497360703812318,0.9382600195503421,0.9259767839687194,0.016465021392902825,7,svc,,,,,,scale
0.11106662750244141,0.008352380330763366,0.01592855453491211,0.0024988361782256573,1.0,,"{'clf__C': 1.0, 'clf__gamma': 0.01}",0.8090455254350882,0.7862629746876524,0.7450772991305049,0.8088728877082192,0.8196061475570928,0.7937729669037117,0.026669382887613828,15,0.8369990224828936,0.8152199413489736,0.7634286118079355,0.8346041055718475,0.8384164222873901,0.8177336206998082,0.028421470130230345,15,svc,,,,,,0.01
0.08633217811584473,0.010251773871236505,0.009284019470214844,0.002010389777433357,1.0,,"{'clf__C': 1.0, 'clf__gamma': 0.05}",0.8818596123603637,0.8587408730819328,0.823572797226193,0.8634115082704156,0.8636416324559285,0.8582452846789668,0.0190571451240686,10,0.9150268817204301,0.9002920332355817,0.8466862170087979,0.9049266862170088,0.8896383186705767,0.891314027370479,0.023759873690459392,10,svc,,,,,,0.05
0.07626800537109375,0.007876237352256885,0.00824422836303711,0.0016586495204147368,1.0,,"{'clf__C': 1.0, 'clf__gamma': 0.1}",0.8909232327955733,0.8772725196647855,0.8743043884220356,0.9121556917596522,0.9265078467791865,0.8962327358842467,0.020192354533693318,8,0.9202798142717498,0.9168316226783968,0.9019354838709678,0.9396480938416423,0.943108504398827,0.9243607038123167,0.015240836803283532,8,svc,,,,,,0.1
0.07119097709655761,0.005245638191675592,0.010013771057128907,0.0032716049651505394,2.0,,"{'clf__C': 2.0, 'clf__gamma': 'scale'}",0.8977712060783294,0.9410784108938408,0.9203347699272998,0.9602286589005015,0.9483167241762992,0.9335459539952542,0.022096371976990742,4,0.9184872922776147,0.9477663734115348,0.9394721407624633,0.9697360703812317,0.9461388074291301,0.9443201368523949,0.016443799507067855,5,svc,,,,,,scale
0.10056815147399903,0.008216381378233597,0.01315774917602539,0.0017073816461863492,2.0,,"{'clf__C': 2.0, 'clf__gamma': 0.01}",0.8324104020078475,0.8291864077262734,0.7835760708067853,0.8333333333333334,0.8325174041811367,0.8222047236110754,0.019366310629480243,14,0.8626038611925708,0.8638037634408603,0.8043401759530792,0.8716715542521994,0.8571652003910067,0.8519169110459434,0.024235694149941752,14,svc,,,,,,0.01
0.06609144210815429,0.004185347394738718,0.010449838638305665,0.0026404037329372573,2.0,,"{'clf__C': 2.0, 'clf__gamma': 0.05}",0.8792952432140954,0.8884902046113691,0.8801883804284405,0.9215504867495239,0.9255018036278863,0.8990052237262631,0.020314921519624635,7,0.9103934506353861,0.9269195992179864,0.9083870967741936,0.9479178885630498,0.9382600195503421,0.9263756109481915,0.015392341643483007,6,svc,,,,,,0.05
0.07072677612304687,0.003297094437430462,0.00748739242553711,0.0011739123113320854,2.0,,"{'clf__C': 2.0, 'clf__gamma': 0.1}",0.8977712060783294,0.9355364974510978,0.9172622639943817,0.9532475657754034,0.9483167241762992,0.9304268514951024,0.020526268868249407,5,0.9184872922776147,0.953396871945259,0.9376539589442816,0.966099706744868,0.9461388074291301,0.9443553274682307,0.015948742534406826,4,svc,,,,,,0.1
0.06692566871643066,0.012352054175822353,0.006135368347167968,0.0016596512662507303,5.0,,"{'clf__C': 5.0, 'clf__gamma': 'scale'}",0.9439270394464387,0.9431455671699573,0.9529463319342151,0.9702726523456298,0.9429520310102559,0.9506487243812993,0.01049852422548954,1,0.9439418377321603,0.9401160801564028,0.9604692082111438,0.9659237536656893,0.9346236559139787,0.9490149071358749,0.012075954377265068,1,svc,,,,,,scale
0.08698863983154297,0.004377369185676425,0.009098386764526368,0.0022053652923073887,5.0,,"{'clf__C': 5.0, 'clf__gamma': 0.01}",0.8866610188190736,0.8584750457193312,0.826546369195761,0.8634115082704156,0.864413659879067,0.8599015203767297,0.01930466842523672,9,0.9212768817204301,0.9002920332355817,0.8513196480938416,0.9049266862170088,0.892453567937439,0.8940537634408603,0.023353799985153315,9,svc,,,,,,0.01
0.06553821563720703,0.008267470606329765,0.006359577178955078,0.0009997723376673825,5.0,,"{'clf__C': 5.0, 'clf__gamma': 0.05}",0.9079211121092421,0.944259632054514,0.9295714696577511,0.9625929308954164,0.9475346217304516,0.938375953289475,0.018493118564066387,3,0.9285752688172042,0.9449511241446725,0.9477419354838711,0.9622873900293255,0.9412903225806453,0.9449692082111436,0.010861889461640075,3,svc,,,,,,0.05
0.058148765563964845,0.011268752161381934,0.0049422264099121095,0.0005287922295520431,5.0,,"{'clf__C': 5.0, 'clf__gamma': 0.1}",0.9439270394464387,0.9431455671699573,0.9494315850625419,0.9657853936394487,0.9475346217304516,0.9499648414097676,0.008239390227192507,2,0.9439418377321603,0.9401160801564028,0.9586510263929618,0.9594721407624635,0.9412903225806453,0.9486942815249269,0.00855907573143566,2,svc,,,,,,0.1
